"age","sexe","province","statut_matrimonial","duree_stage","university","avoir_deja_entendu_cancer","source_information_cancer","source_information_cancer_formation_medicale","source_information_cancer_medias","source_information_cancer_famille_amis","source_information_cancer_litterature_scientifique_livres","source_information_cancer_experience_clinique_durant_mon_stages","source_information_cancer_autre","si_autre_precision","caracteristic_cancer","caracteristic_cancer_une_infection_aigue","caracteristic_cancer_une_proliferation_incontrolee_de_cellules_anormales","caracteristic_cancer_une_inflammation_passagere","caracteristic_cancer_une_reaction_allergique","caracteristic_cancer_autre","si_autre_precision_2","type_de_cancer_connu","type_de_cancer_connu_cancer_colorectal","type_de_cancer_connu_leucemie","type_de_cancer_connu_retinoblastome","type_de_cancer_connu_cancer_du_sein","type_de_cancer_connu_lymphome","type_de_cancer_connu_meduloblastome","type_de_cancer_connu_cancer_uterus","type_de_cancer_connu_cancer_des_ovaires","type_de_cancer_connu_cancer_de_poumons","type_de_cancer_conn_cancer_prostate","type_de_cancer_connu_cancer_peau","type_de_cancer_connu_aucun","type_de_cancer_connu_autre","type_de_cancer_connu_si_autre_precision","principaux_facteurs_de_risque","principaux_facteurs_de_risque_tabagiste","principaux_facteurs_de_risque_consomation_d_alocool","principaux_facteurs_de_risque_mauvaise_alimentation","principaux_facteurs_de_risque_manque_d_exercice_physique","principaux_facteurs_de_risque_infections","principaux_facteurs_de_risque_exposition_substances_chimiques","principaux_facteurs_de_risque_genetique_hereditaire","principaux_facteurs_de_risque_vieillissement","principaux_facteurs_de_risque_mythes_culturels_sorcellerie","principaux_facteurs_de_risque_aucun","principaux_facteurs_de_risque_je_ne_sais_pas","principaux_facteurs_de_risque_autre","principaux_facteurs_de_risque_si_autre_precision","le_cancer_touche_uniquement_les_personnes_agees","la_detection_precoce_ameliore_les_resultats_du_traitement","le_tabagisme_est_la_cause_la_plus_frequente_du_cancer","certaines_vaccination_peuvent_prevenir_certains_cancers","utilisation_d_ecrans_solaires_reduit_le_cancer_de_la_peau","le_cancer_est_toujours_hereditaire","le_cancer_du_sein_peut_toucher_les_hommes","hpylori_peut_conduire_au_cancer_gastrique","les_moyens_de_prevention_ou_de_depistage_du_cancer","les_moyens_de_prevention_ou_de_depistage_du_cancer_vaccination","les_moyens_de_prevention_ou_de_depistage_du_cancer_depistage_regulier","les_moyens_de_prevention_ou_de_depistage_du_cancer_arret_du_tabac","les_moyens_de_prevention_ou_de_depistage_du_cancer_alimentation_saine_et_exercice_physique","les_moyens_de_prevention_ou_de_depistage_du_cancer_evitement_des_expositions_environnementales","les_moyens_de_prevention_ou_de_depistage_du_cancer_examen_genetiques_pour_les_familles_a_risque","les_moyens_de_prevention_ou_de_depistage_du_cancer_aucun","les_moyens_de_prevention_ou_de_depistage_du_cancer_autre","les_moyens_de_prevention_ou_de_depistage_du_cancer_si_autre_precision","la_vaccination_contre_le_hpv_est_prioritairement_recommandee_chez","pense_que_le_cancer_peut_etre_gueri","si_vrai_quand","modalites_therapeutiques","modalites_therapeutiques_chirurgie","modalites_therapeutiques_chimiotherapie","modalites_therapeutiques_immunotherapie","modalites_therapeutiques_therapie_cible","modalites_therapeutiques_radiotherapie","modalites_therapeutiques_traitement_paliatif","modalites_therapeutiques_traitement_traditionnel","modalites_therapeutiques_je_ne_sais_pas","modalites_therapeutiques_autre","modalites_therapeutique_si_autre_precision","role_principal_des_soins_palliatifs","si_autre_precision_3","principales_causes_de_la_mortalite_elevee_due_au_cancer_en_rdc","principales_causes_diagnostic_tardif","principales_causes_manque_d_acces_aux_traitements","principales_causes_insuffisance_de_ressources","principales_causes_niveau_d_education_de_la_population_bas","principales_causes_facteurs_socioculturels","principales_causes_pauvrete_manque_de_moyens_financiers","principales_causes_je_ne_sais_pas","principales_causes_aucun","principales_causes_autre","principales_causes_si_autre_precision","pensez_vous_que_la_prevention_le_diagnostic_et_la_prise_en_charge_du_cancer_sont_adequates_en_rdc","si_non_quels_sont_les_raison","mesure_de_prevation_prioritaire_proposee_pour_lutter_contre_le_cancer_en_rdc","niveau_de_priorite_accordee_a_la_lutte_contre_le_cancer_en_rdc","pensez_vous_que_le_cancer_est_un_probleme_majeur_de_sante_publique_dans_la_sous_region_du_kivu","influence_des_mythes_et_traditions_sur_la_gestion_du_cancer","votre_perception_generale_du_cancer","antecedent_personnel_de_cancer","antecedent_familial_de_cancer","relation_avec_la_personne_atteinte","mode_de_traitement_observe_ou_vecu","evolution_observee","poposition_pour_ameliorer_la_lutte_contre_le_cancer_dans_la_sous_region_du_kivu"
27,"Feminin_","Maniema_","celibataire_",1,"Universite_de_kindu_","OUI","Mes_cours_a_l'_universite_\_Formation_médicale_Littérature_scientifique_/_Livres_",1,0,0,1,0,0,"Famille","Une_infection_aiguë_Une_prolifération_incontrôlée_de_cellules_anormales",1,1,0,0,0,"Pollution_environnementale","Cancer_colorectal___Leucémie___Retinoblastome___cancer_du_sein__Lymphome__Meduloblastome__cancer_de_l'uterus__cancer_des_ovaires__cancer_de_poumons__Cancer_de_la_prostate__cancer_de_la_peau_",1,1,1,1,1,1,1,1,1,1,1,0,0,"Cancer_du_col_utérin","Tabagiste__Consomation_d'alocool__Mauvaise_alimentation_(e.g.,_excès_de_viande_rouge,_faible_en_fruits/légumes)_Infections_(e.g.,_HPV,_hépatite_B/C)_Exposition_à_des_substances_chimiques_/_Pollution_de_la_nature_Mythes_culturels_(_sorcellerie)",1,1,1,0,1,1,0,0,1,0,0,0,"Héréditaire","Faux_","VRAI","Vrai_","VRAI","VRAI","Faux_","VRAI","VRAI","Vaccination_(e.g.,_contre_HPV)_Dépistage_régulier_(e.g.,_mammographie,_frottis_cervical)_Arrêt_du_tabac_Alimentation_saine_et_exercice_physique__Évitement_des_expositions_environnementales",1,1,1,1,1,0,0,0,"Soins_appropriés","Filles_avant_le_début_de_la_vie_sexuelle","VRAI","","Chirurgie__Chimiotherapie__Immunotherapie__Therapie_cible__Radiotherapie__traitement_paliatif_",1,1,1,1,1,1,0,0,0,"Traitement_précoce","Soulager_la_douleur_et_les_autres_symptômes_(dyspnée,_nausées,_anxiété)","Améliorez_la_qualité_de_vie_du_patient","Diagnostic_tardif__Manque_d'accès_aux_traitements__Insuffisance_de_ressources_(e.g.,_équipements,_personnel_specialise_dans_sa_prise_en_charge_)_Niveau_d'education_de_la_population_bas__Facteurs_socioculturels_(e.g.,_recours_à_la_médecine_traditionnelle)___",1,1,1,1,1,0,0,0,0,"Diagnostic_tardif","Non","","Détecter_la_prise_en_charge_du_cancer_précocement",5,"VRAI","Oui_,_beaucoup","Traitable","Non_","Non","","","","Détecter_le_cancer_précocement,_avoir_les_agents_personnel_du_soin_de_Cancer"
27,"Masculin","Maniema_","celibataire_",9,"Universite_de_kindu_","OUI","Mes_cours_a_l'_universite_\_Formation_médicale",1,0,0,0,0,0,"","Une_prolifération_incontrôlée_de_cellules_anormales",0,1,0,0,0,"","_cancer_du_sein_",0,0,0,1,0,0,0,0,0,0,0,0,0,"","Facteurs_génétiques_/_Héréditaires",0,0,0,0,0,0,1,0,0,0,0,0,"","Faux_","VRAI","Faux_","VRAI","VRAI","Faux_","Faux_","VRAI","Dépistage_régulier_(e.g.,_mammographie,_frottis_cervical)",0,1,0,0,0,0,0,0,"","Filles_avant_le_début_de_la_vie_sexuelle","VRAI","si_detecte_et_pris_en_charge_au_stade_precoce_","Chirurgie__Chimiotherapie__Radiotherapie__traitement_paliatif_",1,1,0,0,1,1,0,0,0,"","Soulager_la_douleur_et_les_autres_symptômes_(dyspnée,_nausées,_anxiété)","","Diagnostic_tardif__Manque_d'accès_aux_traitements__Insuffisance_de_ressources_(e.g.,_équipements,_personnel_specialise_dans_sa_prise_en_charge_)_Niveau_d'education_de_la_population_bas__Facteurs_socioculturels_(e.g.,_recours_à_la_médecine_traditionnelle)____Pauvreté_/_Manque_de_moyens_financiers__",1,1,1,1,1,1,0,0,0,"","Oui","","Dépistage_précoce_et_une_prise_en_charge_au_Stade_précoce_de_la_maladie",5,"VRAI","Oui_,_beaucoup","Le_cancer_est_une_maladie_traitable_qui_nécessite_une_prise_en_charge_précoce_et_adéquate","Oui","Non","","","","Sensibiliser_la_femme_pour_la_faire_savoir_le_cancer_du_sein,sa_clinique,_l'apprendre_comment_on_peut_diagnostiquer_le_cancer_du_sein_et_promouvoir_une_prise_en_charge_précoce"
28,"Masculin","Maniema_","celibataire_",11,"Universite_de_kindu_","OUI","Mes_cours_a_l'_universite_\_Formation_médicale",1,0,0,0,0,0,"","Une_prolifération_incontrôlée_de_cellules_anormales",0,1,0,0,0,"","Cancer_colorectal___cancer_du_sein__cancer_de_l'uterus__cancer_des_ovaires__cancer_de_poumons__Cancer_de_la_prostate__cancer_de_la_peau_",1,0,0,1,0,0,1,1,1,1,1,0,0,"","Tabagiste__Infections_(e.g.,_HPV,_hépatite_B/C)_Facteurs_génétiques_/_Héréditaires",1,0,0,0,1,0,1,0,0,0,0,0,"","VRAI","VRAI","Vrai_","VRAI","VRAI","Faux_","Faux_","Faux_","Vaccination_(e.g.,_contre_HPV)_Dépistage_régulier_(e.g.,_mammographie,_frottis_cervical)_Arrêt_du_tabac_Alimentation_saine_et_exercice_physique__Examen_genetiques_pour_les_familles_a_risque",1,1,1,1,0,1,0,0,"","Femmes_de_plus_de_50_ans_","Faux_","","Chirurgie__Chimiotherapie_",1,1,0,0,0,0,0,0,0,"","Soulager_la_douleur_et_les_autres_symptômes_(dyspnée,_nausées,_anxiété)","","Diagnostic_tardif__Manque_d'accès_aux_traitements__Insuffisance_de_ressources_(e.g.,_équipements,_personnel_specialise_dans_sa_prise_en_charge_)_Niveau_d'education_de_la_population_bas_",1,1,1,1,0,0,0,0,0,"","Oui","","Le_dépistage_précoce",5,"VRAI","Oui_,_beaucoup","Est_une_maladie_traitable","Non_","Non","","","","Le_dépistage_précoce"
25,"Masculin","Maniema_","celibataire_",11,"Universite_de_kindu_","OUI","Mes_cours_a_l'_universite_\_Formation_médicale",1,0,0,0,0,0,"","Une_prolifération_incontrôlée_de_cellules_anormales",0,1,0,0,0,"","_cancer_du_sein_",0,0,0,1,0,0,0,0,0,0,0,0,0,"","Facteurs_génétiques_/_Héréditaires",0,0,0,0,0,0,1,0,0,0,0,0,"","Faux_","VRAI","Vrai_","VRAI","Faux_","Faux_","Faux_","VRAI","Dépistage_régulier_(e.g.,_mammographie,_frottis_cervical)",0,1,0,0,0,0,0,0,"","Filles_avant_le_début_de_la_vie_sexuelle","VRAI","si_detecte_et_pris_en_charge_au_stade_precoce_","Chirurgie__Chimiotherapie__Radiotherapie_",1,1,0,0,1,0,0,0,0,"","Soutenir_laccompagnement_psychologique_et_spirituel","","Diagnostic_tardif_",1,0,0,0,0,0,0,0,0,"","Oui","","Le_dépistage_régulier_et_léviction_de_facteurs_predisposants",1,"VRAI","Oui_,_moderement_","Il_est_mortel","Oui","Oui","un_oncle_/Tente_","Traitement_médical_conventionnel_(e.g.,_hôpital)_","Guérison__","Dépistage_régulier"
26,"Masculin","Nord_kivu","celibataire_",11,"Universite_catholique_de_Graben_","OUI","Mes_cours_a_l'_universite_\_Formation_médicale_Médias_(TV,_radio,_internet)",1,1,0,0,0,0,"","Une_prolifération_incontrôlée_de_cellules_anormales",0,1,0,0,0,"","Cancer_colorectal___Leucémie___Retinoblastome___cancer_du_sein__Lymphome__cancer_de_l'uterus__cancer_des_ovaires__cancer_de_poumons__Cancer_de_la_prostate__cancer_de_la_peau_",1,1,1,1,1,0,1,1,1,1,1,0,0,"","Tabagiste__Consomation_d'alocool__Infections_(e.g.,_HPV,_hépatite_B/C)_Exposition_à_des_substances_chimiques_/_Pollution_de_la_nature_Facteurs_génétiques_/_Héréditaires",1,1,0,0,1,1,1,0,0,0,0,0,"","Faux_","VRAI","Vrai_","VRAI","Je_ne_sais_pas_","Faux_","Je_ne_sais_pas_","VRAI","Vaccination_(e.g.,_contre_HPV)_Dépistage_régulier_(e.g.,_mammographie,_frottis_cervical)_Arrêt_du_tabac_Évitement_des_expositions_environnementales_Examen_genetiques_pour_les_familles_a_risque",1,1,1,0,1,1,0,0,"","Filles_avant_le_début_de_la_vie_sexuelle","VRAI","si_detecte_et_pris_en_charge_au_stade_precoce_","Chirurgie__Chimiotherapie_",1,1,0,0,0,0,0,0,0,"","Soulager_la_douleur_et_les_autres_symptômes_(dyspnée,_nausées,_anxiété)","","Diagnostic_tardif__Manque_d'accès_aux_traitements__Insuffisance_de_ressources_(e.g.,_équipements,_personnel_specialise_dans_sa_prise_en_charge_)_Niveau_d'education_de_la_population_bas__Facteurs_socioculturels_(e.g.,_recours_à_la_médecine_traditionnelle)____Pauvreté_/_Manque_de_moyens_financiers__",1,1,1,1,1,1,0,0,0,"","Oui","","Dépistage_régulier",5,"VRAI","Oui_,_beaucoup","Traitable","Non_","Non","","","","Dépistage_régulier"
30,"Masculin","Nord_kivu","celibataire_",18,"Universite_catholique_de_Graben_","OUI","Mes_cours_a_l'_universite_\_Formation_médicale",1,0,0,0,0,0,"","Une_prolifération_incontrôlée_de_cellules_anormales",0,1,0,0,0,"","_Leucémie____cancer_du_sein__Cancer_de_la_prostate_",0,1,0,1,0,0,0,0,0,1,0,0,0,"","Tabagiste_",1,0,0,0,0,0,0,0,0,0,0,0,"","Faux_","VRAI","Vrai_","VRAI","Je_ne_sais_pas_","Faux_","Je_ne_sais_pas_","Je_ne_sais_pas_","Vaccination_(e.g.,_contre_HPV)_Dépistage_régulier_(e.g.,_mammographie,_frottis_cervical)_Arrêt_du_tabac",1,1,1,0,0,0,0,0,"","Filles_avant_le_début_de_la_vie_sexuelle","VRAI","si_detecte_et_pris_en_charge_au_stade_precoce_","Chirurgie__Chimiotherapie__Immunotherapie_",1,1,1,0,0,0,0,0,0,"","Soulager_la_douleur_et_les_autres_symptômes_(dyspnée,_nausées,_anxiété)","","Diagnostic_tardif__Manque_d'accès_aux_traitements__Insuffisance_de_ressources_(e.g.,_équipements,_personnel_specialise_dans_sa_prise_en_charge_)_Pauvreté_/_Manque_de_moyens_financiers__",1,1,1,0,0,1,0,0,0,"","Non","Difficulté_d'accès_au_soins,_la_non_disponibilité_des_soins_à_certains_endroits","Dévelloper_la_culture_de_Chek_up_annuel_mais_surtout_faire_une_couverture_santé_universelle_qui_rapprochera_les_services_de_santé_de_la_population",4,"VRAI","Oui_,_beaucoup","C'est_une_maladie_traitable","Non_","Non","","","","Multiplier_la_sensibilisation_pour_le_dépistage_de_cancer"
28,"Masculin","Nord_kivu","celibataire_",17,"Universite_catholique_de_Graben_","OUI","Expérience_clinique__durant_mon__Stages",0,0,0,0,1,0,"","Une_prolifération_incontrôlée_de_cellules_anormales",0,1,0,0,0,"","Cancer_colorectal___Leucémie___Retinoblastome___cancer_du_sein__Lymphome__cancer_de_l'uterus__cancer_des_ovaires__cancer_de_poumons__Cancer_de_la_prostate__cancer_de_la_peau_",1,1,1,1,1,0,1,1,1,1,1,0,0,"","Tabagiste__Consomation_d'alocool__Exposition_à_des_substances_chimiques_/_Pollution_de_la_nature_Facteurs_génétiques_/_Héréditaires",1,1,0,0,0,1,1,0,0,0,0,0,"","Faux_","VRAI","Vrai_","VRAI","Je_ne_sais_pas_","Faux_","VRAI","VRAI","Vaccination_(e.g.,_contre_HPV)_Dépistage_régulier_(e.g.,_mammographie,_frottis_cervical)_Évitement_des_expositions_environnementales_Examen_genetiques_pour_les_familles_a_risque",1,1,0,0,1,1,0,0,"","Filles_avant_le_début_de_la_vie_sexuelle","VRAI","si_detecte_et_pris_en_charge_au_stade_precoce_","Chirurgie__Chimiotherapie__Therapie_cible__Radiotherapie_",1,1,0,1,1,0,0,0,0,"","Soulager_la_douleur_et_les_autres_symptômes_(dyspnée,_nausées,_anxiété)","","Diagnostic_tardif__Manque_d'accès_aux_traitements__Niveau_d'education_de_la_population_bas__Facteurs_socioculturels_(e.g.,_recours_à_la_médecine_traditionnelle)____Pauvreté_/_Manque_de_moyens_financiers__",1,1,0,1,1,1,0,0,0,"","Oui","","Éducation_de_la_population_sur_l'existence_du_cancer,_arrêt_de_tabac,_pour_les_filles_de_se_faire_dépister_pour_maximiser_la_chance_d'être_vacciné.",5,"VRAI","Oui_,_beaucoup","Maladie_traitable_au_stade_précoce,_mais_au_stade_de_métastase_cela_est_parfois_difficile.","Non_","Non","","","","1._Sensibilisation_et_la_formation_de_personnel_soignant_sur_la_prise_en_charge._2._Intensifier_le_dépistage_pour_détecter_le_stade_précoce_de_la_maladie._3._Rendre_disponible_des_personnes_ayant_la_maîtrise_du_domaine."
26,"Masculin","Nord_kivu","celibataire_",14,"Universite_catholique_de_Graben_","OUI","Mes_cours_a_l'_universite_\_Formation_médicale",1,0,0,0,0,0,"","Une_prolifération_incontrôlée_de_cellules_anormales",0,1,0,0,0,"","Cancer_colorectal___Leucémie___Retinoblastome___cancer_du_sein__Lymphome__cancer_de_l'uterus__cancer_des_ovaires__cancer_de_poumons__Cancer_de_la_prostate__cancer_de_la_peau_",1,1,1,1,1,0,1,1,1,1,1,0,0,"","Tabagiste__Consomation_d'alocool__Mauvaise_alimentation_(e.g.,_excès_de_viande_rouge,_faible_en_fruits/légumes)_Infections_(e.g.,_HPV,_hépatite_B/C)_Exposition_à_des_substances_chimiques_/_Pollution_de_la_nature_Facteurs_génétiques_/_Héréditaires",1,1,1,0,1,1,1,0,0,0,0,0,"","Faux_","VRAI","Vrai_","VRAI","Je_ne_sais_pas_","Faux_","VRAI","Je_ne_sais_pas_","Vaccination_(e.g.,_contre_HPV)_Dépistage_régulier_(e.g.,_mammographie,_frottis_cervical)_Arrêt_du_tabac_Alimentation_saine_et_exercice_physique__Évitement_des_expositions_environnementales_Examen_genetiques_pour_les_familles_a_risque",1,1,1,1,1,1,0,0,"","Filles_avant_le_début_de_la_vie_sexuelle","VRAI","si_detecte_et_pris_en_charge_au_stade_precoce_","Chimiotherapie_",0,1,0,0,0,0,0,0,0,"","Soulager_la_douleur_et_les_autres_symptômes_(dyspnée,_nausées,_anxiété)","","Diagnostic_tardif__Facteurs_socioculturels_(e.g.,_recours_à_la_médecine_traditionnelle)___",1,0,0,0,1,0,0,0,0,"","Non","diagnostic_tardif,_ressource_financière_faible_pour_l'accès_à_la_chimiothérapie,thérapies","Arrêt_du_tabac,_alimentation_aux_produits_naturels,",4,"VRAI","Oui_,_moderement_","Traitable,_si_découvert_tôt","Non_","Non","","","","Sensibilisation_communautaire_dans_l'arrêt_du_tabac_et_alcool,__consommation_des_aliments_naturels,_consultations_régulières_même_si_on_n'est_pas_malade,_..."
28,"Masculin","Nord_kivu","celibataire_",10,"Universite_catholique_de_Graben_","OUI","Mes_cours_a_l'_universite_\_Formation_médicale_Littérature_scientifique_/_Livres__Expérience_clinique__durant_mon__Stages",1,0,0,1,1,0,"","Une_prolifération_incontrôlée_de_cellules_anormales",0,1,0,0,0,"","Cancer_colorectal___Leucémie____cancer_du_sein__cancer_de_l'uterus__cancer_de_poumons__Cancer_de_la_prostate_",1,1,0,1,0,0,1,0,1,1,0,0,0,"","Tabagiste__Exposition_à_des_substances_chimiques_/_Pollution_de_la_nature_Facteurs_génétiques_/_Héréditaires_Vieillissement_(_age_)",1,0,0,0,0,1,1,1,0,0,0,0,"","Faux_","VRAI","Vrai_","VRAI","VRAI","Faux_","Faux_","VRAI","Vaccination_(e.g.,_contre_HPV)_Dépistage_régulier_(e.g.,_mammographie,_frottis_cervical)_Arrêt_du_tabac_Alimentation_saine_et_exercice_physique__Évitement_des_expositions_environnementales_Examen_genetiques_pour_les_familles_a_risque",1,1,1,1,1,1,0,0,"","Filles_avant_le_début_de_la_vie_sexuelle","VRAI","si_detecte_et_pris_en_charge_au_stade_precoce_","Chirurgie__Chimiotherapie__Immunotherapie__Therapie_cible__Radiotherapie__traitement_paliatif_",1,1,1,1,1,1,0,0,0,"","Améliorer_la_qualité_de_vie_du_patient_et_de_sa_famille","","Diagnostic_tardif__Insuffisance_de_ressources_(e.g.,_équipements,_personnel_specialise_dans_sa_prise_en_charge_)_Facteurs_socioculturels_(e.g.,_recours_à_la_médecine_traditionnelle)____Pauvreté_/_Manque_de_moyens_financiers__",1,0,1,0,1,1,0,0,0,"","Non","Le_manque_des_moyens_adéquats_notamment_les_infrastructures,_les_consommables_et_le_personnel_qualifié","Dépistage_régulier",4,"VRAI","Oui_,_beaucoup","Maladie_traitable","Non_","Non","","","","Sensibilisation,_dépistage_et_vaccination_pour_tous"
27,"Masculin","Nord_kivu","celibataire_",10,"Universite_catholique_de_Bukavu_(_UCB)_","OUI","Mes_cours_a_l'_universite_\_Formation_médicale",1,0,0,0,0,0,"","Une_prolifération_incontrôlée_de_cellules_anormales",0,1,0,0,0,"","_Leucémie___Retinoblastome___cancer_du_sein__cancer_de_l'uterus__Cancer_de_la_prostate_",0,1,1,1,0,0,1,0,0,1,0,0,0,"","Tabagiste__Consomation_d'alocool__Exposition_à_des_substances_chimiques_/_Pollution_de_la_nature_Vieillissement_(_age_)",1,1,0,0,0,1,0,1,0,0,0,0,"","Faux_","VRAI","Vrai_","VRAI","Je_ne_sais_pas_","Je_ne_sais_pas_","VRAI","Je_ne_sais_pas_","Vaccination_(e.g.,_contre_HPV)_Dépistage_régulier_(e.g.,_mammographie,_frottis_cervical)_Arrêt_du_tabac",1,1,1,0,0,0,0,0,"","Filles_avant_le_début_de_la_vie_sexuelle","Je_ne_sais_pas_","","Chimiotherapie__Immunotherapie__traitement_paliatif_",0,1,1,0,0,1,0,0,0,"","Soutenir_laccompagnement_psychologique_et_spirituel","","Diagnostic_tardif__Manque_d'accès_aux_traitements__Insuffisance_de_ressources_(e.g.,_équipements,_personnel_specialise_dans_sa_prise_en_charge_)_Pauvreté_/_Manque_de_moyens_financiers__",1,1,1,0,0,1,0,0,0,"","Je_ne_sais_pas","","Vaccins,_dépistage,_et_chimiothérapie_efficace",1,"VRAI","Non_","Maladie_chronique","Non_","Non","","","","Vaccins,_dépistage_précoce_et_chimiothérapie"
26,"Masculin","Nord_kivu","celibataire_",11,"Universite_catholique_de_Graben_","OUI","Mes_cours_a_l'_universite_\_Formation_médicale",1,0,0,0,0,0,"","Une_prolifération_incontrôlée_de_cellules_anormales",0,1,0,0,0,"","Cancer_colorectal___Leucémie___Retinoblastome___cancer_du_sein__Lymphome__Meduloblastome__cancer_de_l'uterus__cancer_des_ovaires__cancer_de_poumons__Cancer_de_la_prostate__cancer_de_la_peau_",1,1,1,1,1,1,1,1,1,1,1,0,0,"","Tabagiste__Consomation_d'alocool__Infections_(e.g.,_HPV,_hépatite_B/C)_Exposition_à_des_substances_chimiques_/_Pollution_de_la_nature_Facteurs_génétiques_/_Héréditaires",1,1,0,0,1,1,1,0,0,0,0,0,"","Faux_","VRAI","Vrai_","VRAI","Je_ne_sais_pas_","Faux_","VRAI","VRAI","Vaccination_(e.g.,_contre_HPV)_Dépistage_régulier_(e.g.,_mammographie,_frottis_cervical)_Arrêt_du_tabac_Évitement_des_expositions_environnementales_Examen_genetiques_pour_les_familles_a_risque",1,1,1,0,1,1,0,0,"","Filles_avant_le_début_de_la_vie_sexuelle","VRAI","si_pris_en_charge_dans_un_centre_specialise_de_cancerologie_","Chirurgie__Chimiotherapie__Immunotherapie__Therapie_cible__Radiotherapie__traitement_paliatif_",1,1,1,1,1,1,0,0,0,"","Soulager_la_douleur_et_les_autres_symptômes_(dyspnée,_nausées,_anxiété)","","Diagnostic_tardif__Manque_d'accès_aux_traitements__Insuffisance_de_ressources_(e.g.,_équipements,_personnel_specialise_dans_sa_prise_en_charge_)_Niveau_d'education_de_la_population_bas__Facteurs_socioculturels_(e.g.,_recours_à_la_médecine_traditionnelle)____Pauvreté_/_Manque_de_moyens_financiers__",1,1,1,1,1,1,0,0,0,"","Non","Le_manque_des_moyens_financiers,_le_manque_d'équipements_pour_le_diagnostic_précoce_et_le_manque_des_personnels_spécialistes","Le_dispistage_stematique_et_la_vaccination",5,"VRAI","Oui_,_moderement_","Traitable","Non_","Non","","","","La_sensibilisation_sur_les_facteurs_de_risques_du_Cancer,_envue_de_prendre_des_mesures_de_prévention."
28,"Feminin_","Nord_kivu","celibataire_",22,"Universite_catholique_de_Graben_","OUI","Mes_cours_a_l'_universite_\_Formation_médicale_Médias_(TV,_radio,_internet)",1,1,0,0,0,0,"","Une_prolifération_incontrôlée_de_cellules_anormales",0,1,0,0,0,"","Cancer_colorectal___Leucémie___Retinoblastome___cancer_du_sein__Lymphome__cancer_de_poumons__Cancer_de_la_prostate_",1,1,1,1,1,0,0,0,1,1,0,0,0,"","Tabagiste__Mauvaise_alimentation_(e.g.,_excès_de_viande_rouge,_faible_en_fruits/légumes)_Exposition_à_des_substances_chimiques_/_Pollution_de_la_nature_Facteurs_génétiques_/_Héréditaires",1,0,1,0,0,1,1,0,0,0,0,0,"","Faux_","VRAI","Vrai_","Faux_","Faux_","Faux_","Faux_","Faux_","Dépistage_régulier_(e.g.,_mammographie,_frottis_cervical)_Arrêt_du_tabac_Alimentation_saine_et_exercice_physique_",0,1,1,1,0,0,0,0,"","Filles_avant_le_début_de_la_vie_sexuelle","Faux_","","Chimiotherapie__Radiotherapie_",0,1,0,0,1,0,0,0,0,"","Soulager_la_douleur_et_les_autres_symptômes_(dyspnée,_nausées,_anxiété)","","Diagnostic_tardif__Manque_d'accès_aux_traitements__Niveau_d'education_de_la_population_bas__Facteurs_socioculturels_(e.g.,_recours_à_la_médecine_traditionnelle)____Pauvreté_/_Manque_de_moyens_financiers__",1,1,0,1,1,1,0,0,0,"","Non","Dépistage_tardif","Soutien_du_gouvernement_pour_le_coup_de_soin_de_santé_primaire",4,"VRAI","Oui_,_beaucoup","C'est_une_maladie_traitable_si_dépisté_tôt","Non_","Non","","","","Par_des_séminaires,__enseigné_à_la_population_des_notions_de_base_sur_le_cancer_et_les_signes_precoces_du_cancer_pour_un_dépistage_précoce"
26,"Feminin_","Sud_kivu","Marié",6,"Universite_Evangelique_en_Afrique_","OUI","Mes_cours_a_l'_universite_\_Formation_médicale_Médias_(TV,_radio,_internet)_Littérature_scientifique_/_Livres__Expérience_clinique__durant_mon__Stages",1,1,0,1,1,0,"","Une_prolifération_incontrôlée_de_cellules_anormales",0,1,0,0,0,"","_Leucémie____cancer_du_sein__cancer_de_l'uterus__cancer_des_ovaires__cancer_de_poumons_",0,1,0,1,0,0,1,1,1,0,0,0,0,"","Tabagiste__Consomation_d'alocool__Mauvaise_alimentation_(e.g.,_excès_de_viande_rouge,_faible_en_fruits/légumes)_Manque_d'exercice_physique_Infections_(e.g.,_HPV,_hépatite_B/C)_Facteurs_génétiques_/_Héréditaires",1,1,1,1,1,0,1,0,0,0,0,0,"","Je_ne_sais_pas_","VRAI","Vrai_","Je_ne_sais_pas_","VRAI","Je_ne_sais_pas_","VRAI","VRAI","Vaccination_(e.g.,_contre_HPV)_Dépistage_régulier_(e.g.,_mammographie,_frottis_cervical)_Arrêt_du_tabac_Alimentation_saine_et_exercice_physique__Autre",1,1,1,1,0,0,0,1,"Autre","Femmes_de_plus_de_50_ans_","VRAI","si_detecte_et_pris_en_charge_au_stade_precoce_","Chimiotherapie__Therapie_cible__Radiotherapie__Traitement_traditionnel_/_Herbes_",0,1,0,1,1,0,1,0,0,"","Soulager_la_douleur_et_les_autres_symptômes_(dyspnée,_nausées,_anxiété)","","Diagnostic_tardif__Manque_d'accès_aux_traitements__Insuffisance_de_ressources_(e.g.,_équipements,_personnel_specialise_dans_sa_prise_en_charge_)",1,1,1,0,0,0,0,0,0,"","Je_ne_sais_pas","","Amener_les_équipes_mettre_les_médicaments_à_la_disposition",5,"VRAI","Oui_,_moderement_","Cest_une_maladie_maudite","Non_","Non","","","","Le_dépistage_precoce"
25,"Feminin_","Sud_kivu","celibataire_",6,"Universite_Evangelique_en_Afrique_","OUI","Expérience_clinique__durant_mon__Stages",0,0,0,0,1,0,"","Une_prolifération_incontrôlée_de_cellules_anormales",0,1,0,0,0,"","Autre",0,0,0,0,0,0,0,0,0,0,0,0,1,"Cancer_de_l'estomac_,_cancer_du_foie","Consomation_d'alocool__Infections_(e.g.,_HPV,_hépatite_B/C)_Facteurs_génétiques_/_Héréditaires",0,1,0,0,1,0,1,0,0,0,0,0,"","Faux_","VRAI","Vrai_","Je_ne_sais_pas_","Je_ne_sais_pas_","Faux_","Faux_","VRAI","Dépistage_régulier_(e.g.,_mammographie,_frottis_cervical)_Arrêt_du_tabac_Alimentation_saine_et_exercice_physique__Évitement_des_expositions_environnementales_Examen_genetiques_pour_les_familles_a_risque",0,1,1,1,1,1,0,0,"","Filles_avant_le_début_de_la_vie_sexuelle","Faux_","","Chirurgie__Chimiotherapie_",1,1,0,0,0,0,0,0,0,"","Soulager_la_douleur_et_les_autres_symptômes_(dyspnée,_nausées,_anxiété)","","Diagnostic_tardif_",1,0,0,0,0,0,0,0,0,"","Non","Insuffisance_du_plateau_technique","Dépistage,_vaccination,_sensibilisation_pour_la_connaissance_du_cancer",2,"VRAI","Non_","C'est_une_maladie_traitable_selon_le_stade_où_on_l'as_diagnostiqué","Non_","Non","","","","Sensibilisation_sur_la_connaissance_du_cancer"
25,"Masculin","Sud_kivu","celibataire_",6,"Universite_Evangelique_en_Afrique_","OUI","Mes_cours_a_l'_universite_\_Formation_médicale",1,0,0,0,0,0,"","Une_prolifération_incontrôlée_de_cellules_anormales",0,1,0,0,0,"","Cancer_colorectal___Leucémie___Retinoblastome__Lymphome__Meduloblastome__cancer_de_l'uterus__cancer_des_ovaires__cancer_de_poumons__Cancer_de_la_prostate__cancer_de_la_peau_",1,1,1,0,1,1,1,1,1,1,1,0,0,"","Tabagiste__Infections_(e.g.,_HPV,_hépatite_B/C)_Facteurs_génétiques_/_Héréditaires",1,0,0,0,1,0,1,0,0,0,0,0,"","Faux_","VRAI","Vrai_","VRAI","VRAI","Je_ne_sais_pas_","Faux_","VRAI","Vaccination_(e.g.,_contre_HPV)_Dépistage_régulier_(e.g.,_mammographie,_frottis_cervical)_Arrêt_du_tabac",1,1,1,0,0,0,0,0,"","Femmes_de_plus_de_50_ans_","VRAI","si_detecte_et_pris_en_charge_au_stade_precoce_","Chirurgie__Chimiotherapie__Radiotherapie_",1,1,0,0,1,0,0,0,0,"","Soulager_la_douleur_et_les_autres_symptômes_(dyspnée,_nausées,_anxiété)","","Diagnostic_tardif__Manque_d'accès_aux_traitements__Facteurs_socioculturels_(e.g.,_recours_à_la_médecine_traditionnelle)___",1,1,0,0,1,0,0,0,0,"","Oui","","Dépistage",3,"VRAI","Oui_,_beaucoup","Maladie_traitable","Non_","Non","","","","Promouvoir_dans_le_système_de_santé_publique_les_mécanismes_de_prévention"
28,"Masculin","Sud_kivu","celibataire_",6,"Universite_Evangelique_en_Afrique_","OUI","Mes_cours_a_l'_universite_\_Formation_médicale_Littérature_scientifique_/_Livres_",1,0,0,1,0,0,"","Une_prolifération_incontrôlée_de_cellules_anormales",0,1,0,0,0,"","_Leucémie____cancer_du_sein__Lymphome__cancer_de_l'uterus__Cancer_de_la_prostate_",0,1,0,1,1,0,1,0,0,1,0,0,0,"","Tabagiste__Exposition_à_des_substances_chimiques_/_Pollution_de_la_nature_Facteurs_génétiques_/_Héréditaires",1,0,0,0,0,1,1,0,0,0,0,0,"","Faux_","Faux_","Vrai_","VRAI","VRAI","VRAI","Faux_","VRAI","Vaccination_(e.g.,_contre_HPV)_Dépistage_régulier_(e.g.,_mammographie,_frottis_cervical)_Arrêt_du_tabac",1,1,1,0,0,0,0,0,"","Femmes_de_plus_de_50_ans_","VRAI","si_detecte_et_pris_en_charge_au_stade_precoce_","Chirurgie__Chimiotherapie_",1,1,0,0,0,0,0,0,0,"","Soulager_la_douleur_et_les_autres_symptômes_(dyspnée,_nausées,_anxiété)","","Diagnostic_tardif_",1,0,0,0,0,0,0,0,0,"","Non","Plateau_technique_limité","Que_le_dépistage_de_cancer_en_RDC_soit_gratuit",1,"VRAI","Non_","Traitable","Non_","Non","","","","Sensibiliser_la_population_sur_cette_pathologie"
28,"Feminin_","Nord_kivu","Marié",8,"Universite_catholique_de_Graben_","OUI","Mes_cours_a_l'_universite_\_Formation_médicale_Médias_(TV,_radio,_internet)_Littérature_scientifique_/_Livres__Expérience_clinique__durant_mon__Stages",1,1,0,1,1,0,"","Une_prolifération_incontrôlée_de_cellules_anormales",0,1,0,0,0,"","cancer_de_l'uterus__Autre",0,0,0,0,0,0,1,0,0,0,0,0,1,"Col","Infections_(e.g.,_HPV,_hépatite_B/C)_Vieillissement_(_age_)",0,0,0,0,1,0,0,1,0,0,0,0,"","VRAI","VRAI","Vrai_","VRAI","Je_ne_sais_pas_","Faux_","Je_ne_sais_pas_","Je_ne_sais_pas_","Vaccination_(e.g.,_contre_HPV)_Dépistage_régulier_(e.g.,_mammographie,_frottis_cervical)",1,1,0,0,0,0,0,0,"","Filles_avant_le_début_de_la_vie_sexuelle","VRAI","si_detecte_et_pris_en_charge_au_stade_precoce_","Chirurgie__Chimiotherapie__Radiotherapie_",1,1,0,0,1,0,0,0,0,"","Améliorer_la_qualité_de_vie_du_patient_et_de_sa_famille","","Diagnostic_tardif__Manque_d'accès_aux_traitements__Niveau_d'education_de_la_population_bas__Pauvreté_/_Manque_de_moyens_financiers__",1,1,0,1,0,1,0,0,0,"","Non","Acces_limite_au_moyens_de_prévention_par_example_le_vaccin_nest_pas_disponible_dans_notre_region","Disponibiliser_les_vaccins_et_renseigner_la_pop_sur_les_moyen_de_prévention_et_les_signe_d'alerte",3,"Faux_","Non_","Traitable","Non_","Non","","","","Multiplier_les_séminaire_sur_le_sujet_ala_radio_les_eglises_et_les_hôpitaux_et_quartier"
27,"Feminin_","Nord_kivu","celibataire_",12,"Universite_catholique_de_Graben_","OUI","Mes_cours_a_l'_universite_\_Formation_médicale_Médias_(TV,_radio,_internet)_Littérature_scientifique_/_Livres__Expérience_clinique__durant_mon__Stages",1,1,0,1,1,0,"","Une_prolifération_incontrôlée_de_cellules_anormales",0,1,0,0,0,"","Cancer_colorectal___Leucémie___Retinoblastome___cancer_du_sein__Lymphome__Meduloblastome__cancer_de_l'uterus__cancer_des_ovaires__cancer_de_poumons__Cancer_de_la_prostate__cancer_de_la_peau_",1,1,1,1,1,1,1,1,1,1,1,0,0,"","Tabagiste__Infections_(e.g.,_HPV,_hépatite_B/C)_Exposition_à_des_substances_chimiques_/_Pollution_de_la_nature_Facteurs_génétiques_/_Héréditaires",1,0,0,0,1,1,1,0,0,0,0,0,"","Faux_","VRAI","Vrai_","VRAI","Faux_","Faux_","Je_ne_sais_pas_","Faux_","Vaccination_(e.g.,_contre_HPV)_Dépistage_régulier_(e.g.,_mammographie,_frottis_cervical)_Arrêt_du_tabac_Évitement_des_expositions_environnementales",1,1,1,0,1,0,0,0,"","Patients_avec_un_cancer_cervical_ou_autre_type_","VRAI","si_detecte_et_pris_en_charge_au_stade_precoce_","Chirurgie__Chimiotherapie__Radiotherapie_",1,1,0,0,1,0,0,0,0,"","Améliorer_la_qualité_de_vie_du_patient_et_de_sa_famille","","Diagnostic_tardif_",1,0,0,0,0,0,0,0,0,"","Oui","","Dépistage_de_certains_cancer",1,"VRAI","Oui_,_beaucoup","Traitable","Non_","Non","","","","Dépistage_de_certains_cancers,_réduction_de_lexposition_aux_rayons_X,_diagnostic_et_prise_en_charge_précoce"
25,"Feminin_","Nord_kivu","Marié",14,"Universite_catholique_de_Graben_","OUI","Mes_cours_a_l'_universite_\_Formation_médicale",1,0,0,0,0,0,"","Une_prolifération_incontrôlée_de_cellules_anormales",0,1,0,0,0,"","_cancer_du_sein_",0,0,0,1,0,0,0,0,0,0,0,0,0,"","Exposition_à_des_substances_chimiques_/_Pollution_de_la_nature_Facteurs_génétiques_/_Héréditaires",0,0,0,0,0,1,1,0,0,0,0,0,"","Faux_","VRAI","Vrai_","VRAI","VRAI","Faux_","Faux_","VRAI","Examen_genetiques_pour_les_familles_a_risque",0,0,0,0,0,1,0,0,"","Filles_avant_le_début_de_la_vie_sexuelle","Faux_","","Chimiotherapie_",0,1,0,0,0,0,0,0,0,"","Améliorer_la_qualité_de_vie_du_patient_et_de_sa_famille","","Diagnostic_tardif_",1,0,0,0,0,0,0,0,0,"","Oui","","Dépistage_précoce",1,"VRAI","Oui_,_beaucoup","Une_vraie_maladie","Non_","Oui","Un_parent_","","","Mettre_des_dépistages_gratuits_dans_le_programme_sanitaire"
25,"Feminin_","Nord_kivu","Marié",11,"Universite_catholique_de_Graben_","OUI","Mes_cours_a_l'_universite_\_Formation_médicale",1,0,0,0,0,0,"","Une_prolifération_incontrôlée_de_cellules_anormales",0,1,0,0,0,"","Cancer_colorectal___Leucémie___Retinoblastome___cancer_du_sein__Lymphome__Meduloblastome__cancer_de_l'uterus__cancer_des_ovaires__cancer_de_poumons__Cancer_de_la_prostate__cancer_de_la_peau__Autre",1,1,1,1,1,1,1,1,1,1,1,0,1,"Hepatocarcinome,cancer_du_cerveau,_de_la_rate,du_pancréas_et_beaucoup_d'autres","Tabagiste__Consomation_d'alocool__Exposition_à_des_substances_chimiques_/_Pollution_de_la_nature_Facteurs_génétiques_/_Héréditaires",1,1,0,0,0,1,1,0,0,0,0,0,"","Faux_","VRAI","Vrai_","Je_ne_sais_pas_","Je_ne_sais_pas_","Je_ne_sais_pas_","Je_ne_sais_pas_","VRAI","Vaccination_(e.g.,_contre_HPV)_Dépistage_régulier_(e.g.,_mammographie,_frottis_cervical)_Arrêt_du_tabac_Alimentation_saine_et_exercice_physique__Évitement_des_expositions_environnementales_Examen_genetiques_pour_les_familles_a_risque",1,1,1,1,1,1,0,0,"","Filles_avant_le_début_de_la_vie_sexuelle","Je_ne_sais_pas_","","Chirurgie__Chimiotherapie__Immunotherapie__Radiotherapie__traitement_paliatif_",1,1,1,0,1,1,0,0,0,"","Soulager_la_douleur_et_les_autres_symptômes_(dyspnée,_nausées,_anxiété)","","Diagnostic_tardif__Manque_d'accès_aux_traitements__Insuffisance_de_ressources_(e.g.,_équipements,_personnel_specialise_dans_sa_prise_en_charge_)_Pauvreté_/_Manque_de_moyens_financiers__",1,1,1,0,0,1,0,0,0,"","Oui","","Dépistage_rapide,",1,"Faux_","Non_","Maladie_traitable","Non_","Non","","","","Dépistage_rapide,_eviter_le_tabac,_la_consommation_d'alcool_et_exposition_aux_Rx"
25,"Masculin","Sud_kivu","celibataire_",5,"Universite_Evangelique_en_Afrique_","OUI","Mes_cours_a_l'_universite_\_Formation_médicale",1,0,0,0,0,0,"","Une_prolifération_incontrôlée_de_cellules_anormales",0,1,0,0,0,"","Lymphome_",0,0,0,0,1,0,0,0,0,0,0,0,0,"","Vieillissement_(_age_)",0,0,0,0,0,0,0,1,0,0,0,0,"","Faux_","VRAI","Vrai_","VRAI","VRAI","Faux_","Faux_","VRAI","Vaccination_(e.g.,_contre_HPV)_Évitement_des_expositions_environnementales_Examen_genetiques_pour_les_familles_a_risque",1,0,0,0,1,1,0,0,"","Filles_avant_le_début_de_la_vie_sexuelle","Je_ne_sais_pas_","","Chimiotherapie__Radiotherapie_",0,1,0,0,1,0,0,0,0,"","Améliorer_la_qualité_de_vie_du_patient_et_de_sa_famille","","Manque_d'accès_aux_traitements__Facteurs_socioculturels_(e.g.,_recours_à_la_médecine_traditionnelle)___",0,1,0,0,1,0,0,0,0,"","Je_ne_sais_pas","","Éviter_tous_les_facteurs_de_risques",3,"VRAI","Oui_,_moderement_","Traitable","Non_","Non","","","","Sensibiliser_la_population"
26,"Masculin","Hors_pays_","celibataire_",6,"Universite_Evangelique_en_Afrique_","OUI","Mes_cours_a_l'_universite_\_Formation_médicale_Littérature_scientifique_/_Livres_",1,0,0,1,0,0,"","Une_prolifération_incontrôlée_de_cellules_anormales",0,1,0,0,0,"","Cancer_colorectal___Leucémie___Retinoblastome___cancer_du_sein__Lymphome__Meduloblastome__cancer_de_l'uterus__cancer_des_ovaires__cancer_de_poumons__Cancer_de_la_prostate__cancer_de_la_peau_",1,1,1,1,1,1,1,1,1,1,1,0,0,"","Tabagiste__Consomation_d'alocool__Infections_(e.g.,_HPV,_hépatite_B/C)_Exposition_à_des_substances_chimiques_/_Pollution_de_la_nature_Facteurs_génétiques_/_Héréditaires",1,1,0,0,1,1,1,0,0,0,0,0,"","Faux_","VRAI","Faux_","VRAI","Je_ne_sais_pas_","Faux_","VRAI","VRAI","Vaccination_(e.g.,_contre_HPV)_Dépistage_régulier_(e.g.,_mammographie,_frottis_cervical)_Arrêt_du_tabac_Alimentation_saine_et_exercice_physique__Examen_genetiques_pour_les_familles_a_risque",1,1,1,1,0,1,0,0,"","Filles_avant_le_début_de_la_vie_sexuelle","VRAI","si_detecte_et_pris_en_charge_au_stade_precoce_","Chirurgie__Chimiotherapie__Immunotherapie__Radiotherapie_",1,1,1,0,1,0,0,0,0,"","Soulager_la_douleur_et_les_autres_symptômes_(dyspnée,_nausées,_anxiété)","","Diagnostic_tardif__Manque_d'accès_aux_traitements__Insuffisance_de_ressources_(e.g.,_équipements,_personnel_specialise_dans_sa_prise_en_charge_)_Niveau_d'education_de_la_population_bas_",1,1,1,1,0,0,0,0,0,"","Non","Pas_de_dépistages_systématique","Campagne_de_dépistages_et_de_sensibilisation_sur_le_cancer,_la_prévention,_la_prise_en_charge",3,"Je_ne_sais_pas_","Oui_,_beaucoup","Traitable","Non_","Non","","","","Dépistage_de_masse,_Sensibilisation_sur_les_facteurs_de_risque,_dé_mystification_du_cancer,_prise_en_charge_précoce,_campagnes_de_vaccination_contre_hpv_et_certains_virus_à_lorigine_de_cancer,_sensibilisation_sur_le_mode_de_vie"
26,"Masculin","Nord_kivu","celibataire_",13,"Universite_catholique_de_Graben_","OUI","Mes_cours_a_l'_universite_\_Formation_médicale",1,0,0,0,0,0,"","Une_prolifération_incontrôlée_de_cellules_anormales",0,1,0,0,0,"","Cancer_colorectal___Leucémie____cancer_du_sein__Lymphome__cancer_de_l'uterus__cancer_des_ovaires__cancer_de_poumons__Cancer_de_la_prostate_",1,1,0,1,1,0,1,1,1,1,0,0,0,"","Tabagiste__Infections_(e.g.,_HPV,_hépatite_B/C)_Exposition_à_des_substances_chimiques_/_Pollution_de_la_nature_Facteurs_génétiques_/_Héréditaires",1,0,0,0,1,1,1,0,0,0,0,0,"","Faux_","VRAI","Vrai_","VRAI","Faux_","Faux_","Faux_","VRAI","Vaccination_(e.g.,_contre_HPV)_Dépistage_régulier_(e.g.,_mammographie,_frottis_cervical)_Arrêt_du_tabac_Évitement_des_expositions_environnementales",1,1,1,0,1,0,0,0,"","Filles_avant_le_début_de_la_vie_sexuelle","VRAI","si_detecte_et_pris_en_charge_au_stade_precoce_","Chirurgie__Chimiotherapie__Radiotherapie_",1,1,0,0,1,0,0,0,0,"","Soutenir_laccompagnement_psychologique_et_spirituel","","Diagnostic_tardif__Manque_d'accès_aux_traitements__Insuffisance_de_ressources_(e.g.,_équipements,_personnel_specialise_dans_sa_prise_en_charge_)_Pauvreté_/_Manque_de_moyens_financiers__",1,1,1,0,0,1,0,0,0,"","Oui","","Vaccin_contre_HPV,_Non_exposition_au_rayon_ionisant,_dépistage_régulier",3,"VRAI","Oui_,_beaucoup","Traitable","Oui","Non","","","","Dépistage_précoce_et_régulier"
26,"Masculin","Nord_kivu","celibataire_",13,"Universite_catholique_de_Graben_","OUI","Mes_cours_a_l'_universite_\_Formation_médicale",1,0,0,0,0,0,"","Une_prolifération_incontrôlée_de_cellules_anormales",0,1,0,0,0,"","Cancer_colorectal___Leucémie___Retinoblastome___cancer_du_sein__Lymphome__Meduloblastome__cancer_de_l'uterus__cancer_des_ovaires__cancer_de_poumons__Cancer_de_la_prostate__cancer_de_la_peau__Autre",1,1,1,1,1,1,1,1,1,1,1,0,1,"Cancer_du_col","Tabagiste__Infections_(e.g.,_HPV,_hépatite_B/C)_Exposition_à_des_substances_chimiques_/_Pollution_de_la_nature_Facteurs_génétiques_/_Héréditaires",1,0,0,0,1,1,1,0,0,0,0,0,"","Faux_","VRAI","Vrai_","VRAI","Je_ne_sais_pas_","Faux_","VRAI","VRAI","Vaccination_(e.g.,_contre_HPV)_Dépistage_régulier_(e.g.,_mammographie,_frottis_cervical)_Arrêt_du_tabac_Évitement_des_expositions_environnementales_Examen_genetiques_pour_les_familles_a_risque",1,1,1,0,1,1,0,0,"","Filles_avant_le_début_de_la_vie_sexuelle","VRAI","si_detecte_et_pris_en_charge_au_stade_precoce_","Chirurgie__Chimiotherapie__Radiotherapie_",1,1,0,0,1,0,0,0,0,"","Soulager_la_douleur_et_les_autres_symptômes_(dyspnée,_nausées,_anxiété)","","Diagnostic_tardif__Manque_d'accès_aux_traitements__Insuffisance_de_ressources_(e.g.,_équipements,_personnel_specialise_dans_sa_prise_en_charge_)_Niveau_d'education_de_la_population_bas__Facteurs_socioculturels_(e.g.,_recours_à_la_médecine_traditionnelle)____Pauvreté_/_Manque_de_moyens_financiers__",1,1,1,1,1,1,0,0,0,"","Oui","","Campagnes_de_dépistage,_promotion_des_médecins_pour_spécialisation_en_oncologie",4,"VRAI","Oui_,_beaucoup","Traitable_si_tôt_diagnostiqué","Non_","Oui","un_oncle_/Tente_","","","Campagnes_de_dépistage,_sensibilisation_sur_le_cheek_up_régulier_de"
25,"Feminin_","Nord_kivu","celibataire_",13,"Universite_catholique_de_Graben_","OUI","Mes_cours_a_l'_universite_\_Formation_médicale_Famille_/_Amis_Expérience_clinique__durant_mon__Stages",1,0,1,0,1,0,"","Une_prolifération_incontrôlée_de_cellules_anormales",0,1,0,0,0,"","Cancer_colorectal___Leucémie___Retinoblastome___cancer_du_sein__Lymphome__Meduloblastome__cancer_de_l'uterus__cancer_des_ovaires__cancer_de_poumons__Cancer_de_la_prostate__cancer_de_la_peau_",1,1,1,1,1,1,1,1,1,1,1,0,0,"","Tabagiste__Infections_(e.g.,_HPV,_hépatite_B/C)_Exposition_à_des_substances_chimiques_/_Pollution_de_la_nature_Facteurs_génétiques_/_Héréditaires",1,0,0,0,1,1,1,0,0,0,0,0,"","Faux_","VRAI","Vrai_","VRAI","Je_ne_sais_pas_","Faux_","Faux_","VRAI","Vaccination_(e.g.,_contre_HPV)_Dépistage_régulier_(e.g.,_mammographie,_frottis_cervical)_Arrêt_du_tabac_Alimentation_saine_et_exercice_physique__Évitement_des_expositions_environnementales_Examen_genetiques_pour_les_familles_a_risque",1,1,1,1,1,1,0,0,"","Filles_avant_le_début_de_la_vie_sexuelle","VRAI","si_detecte_et_pris_en_charge_au_stade_precoce_","Chirurgie__Chimiotherapie__Immunotherapie__Radiotherapie_",1,1,1,0,1,0,0,0,0,"","Améliorer_la_qualité_de_vie_du_patient_et_de_sa_famille","","Diagnostic_tardif__Manque_d'accès_aux_traitements__Insuffisance_de_ressources_(e.g.,_équipements,_personnel_specialise_dans_sa_prise_en_charge_)_Niveau_d'education_de_la_population_bas__Facteurs_socioculturels_(e.g.,_recours_à_la_médecine_traditionnelle)____Pauvreté_/_Manque_de_moyens_financiers__",1,1,1,1,1,1,0,0,0,"","Oui","","Éducation_de_la_population,_et_équipement_des_hôpitaux_en_spécialistes_et_en_ressources_dont_les_moyens_diagnostic_et_traitement_;_prise_en_charge_nationale_de_certaines_formes_pour_alléger_le_coût",4,"VRAI","Oui_,_beaucoup","Traitable_si_pas_de_guérison_au_moins_un_soin_palliatif","Oui","Oui","Un_parent_","Traitement_médical_conventionnel_(e.g.,_hôpital)_","Décès__","De_mettre_à_la_disposition_des_hôpitaux_des_moyens_diagnostic_(dont_lanatomie_pathologie_en_priorité)_pour_permettre_aux_médecins_de_poser_le_diagnostic_en_temps_et_de_doter_les_hôpitaux_aussi_en_médicaments"
26,"Masculin","Nord_kivu","celibataire_",14,"Universite_catholique_de_Graben_","OUI","Mes_cours_a_l'_universite_\_Formation_médicale_Médias_(TV,_radio,_internet)_Famille_/_Amis_Littérature_scientifique_/_Livres__Expérience_clinique__durant_mon__Stages",1,1,1,1,1,0,"","Une_prolifération_incontrôlée_de_cellules_anormales",0,1,0,0,0,"","Cancer_colorectal___Leucémie___Retinoblastome___cancer_du_sein__Lymphome__cancer_de_l'uterus__cancer_des_ovaires__cancer_de_poumons__Cancer_de_la_prostate__cancer_de_la_peau_",1,1,1,1,1,0,1,1,1,1,1,0,0,"","Tabagiste__Consomation_d'alocool__Mauvaise_alimentation_(e.g.,_excès_de_viande_rouge,_faible_en_fruits/légumes)_Manque_d'exercice_physique_Infections_(e.g.,_HPV,_hépatite_B/C)_Exposition_à_des_substances_chimiques_/_Pollution_de_la_nature_Facteurs_génétiques_/_Héréditaires",1,1,1,1,1,1,1,0,0,0,0,0,"","Faux_","VRAI","Faux_","VRAI","VRAI","Faux_","VRAI","Je_ne_sais_pas_","Vaccination_(e.g.,_contre_HPV)_Dépistage_régulier_(e.g.,_mammographie,_frottis_cervical)_Arrêt_du_tabac_Alimentation_saine_et_exercice_physique__Évitement_des_expositions_environnementales_Examen_genetiques_pour_les_familles_a_risque",1,1,1,1,1,1,0,0,"","Filles_avant_le_début_de_la_vie_sexuelle","VRAI","si_detecte_et_pris_en_charge_au_stade_precoce_","Chirurgie__Chimiotherapie__Therapie_cible__Radiotherapie__traitement_paliatif_",1,1,0,1,1,1,0,0,0,"","Soulager_la_douleur_et_les_autres_symptômes_(dyspnée,_nausées,_anxiété)","","Diagnostic_tardif__Manque_d'accès_aux_traitements__Facteurs_socioculturels_(e.g.,_recours_à_la_médecine_traditionnelle)___",1,1,0,0,1,0,0,0,0,"","Oui","","Demythification",3,"VRAI","Oui_,_moderement_","Traitable,_sii_difficilement","Oui","Oui","Cousin/cousine","Aucun_traitement","Guérison__","Demythification+dépistage_précoce"
28,"Masculin","Nord_kivu","celibataire_",10,"Universite_catholique_de_Graben_","OUI","Mes_cours_a_l'_universite_\_Formation_médicale_Littérature_scientifique_/_Livres__Expérience_clinique__durant_mon__Stages",1,0,0,1,1,0,"","Une_prolifération_incontrôlée_de_cellules_anormales",0,1,0,0,0,"","Cancer_colorectal___Leucémie____cancer_du_sein__Lymphome__cancer_des_ovaires__Cancer_de_la_prostate_",1,1,0,1,1,0,0,1,0,1,0,0,0,"","Tabagiste__Consomation_d'alocool__Manque_d'exercice_physique_Infections_(e.g.,_HPV,_hépatite_B/C)_Exposition_à_des_substances_chimiques_/_Pollution_de_la_nature_Facteurs_génétiques_/_Héréditaires",1,1,0,1,1,1,1,0,0,0,0,0,"","Faux_","VRAI","Vrai_","VRAI","Je_ne_sais_pas_","Faux_","VRAI","VRAI","Vaccination_(e.g.,_contre_HPV)_Dépistage_régulier_(e.g.,_mammographie,_frottis_cervical)_Arrêt_du_tabac_Alimentation_saine_et_exercice_physique__Évitement_des_expositions_environnementales_Examen_genetiques_pour_les_familles_a_risque",1,1,1,1,1,1,0,0,"","Filles_avant_le_début_de_la_vie_sexuelle","VRAI","si_detecte_et_pris_en_charge_au_stade_precoce_","Chirurgie__Chimiotherapie__Therapie_cible__Radiotherapie__traitement_paliatif_",1,1,0,1,1,1,0,0,0,"","Soulager_la_douleur_et_les_autres_symptômes_(dyspnée,_nausées,_anxiété)","","Diagnostic_tardif__Manque_d'accès_aux_traitements__Insuffisance_de_ressources_(e.g.,_équipements,_personnel_specialise_dans_sa_prise_en_charge_)_Niveau_d'education_de_la_population_bas__Facteurs_socioculturels_(e.g.,_recours_à_la_médecine_traditionnelle)____Pauvreté_/_Manque_de_moyens_financiers__",1,1,1,1,1,1,0,0,0,"","Non","Voir_les_cases_cochees_à_20","Éducation_au_dépistage_précoce_et_éducation_sur_les_facteurs_de_risques",5,"VRAI","Oui_,_moderement_","Maladie_traitable","Non_","Non","","","","Éducation_sur_les_facteurs_de_risques,_dépistage_volontaire,_avoir_un_personnel_spécialisé_dans_la_prise_en_charge_(_oncologue)"
26,"Masculin","Nord_kivu","celibataire_",9,"Universite_catholique_de_Graben_","OUI","Mes_cours_a_l'_universite_\_Formation_médicale_Littérature_scientifique_/_Livres__Expérience_clinique__durant_mon__Stages",1,0,0,1,1,0,"","Une_prolifération_incontrôlée_de_cellules_anormales",0,1,0,0,0,"","Cancer_colorectal___Leucémie___Retinoblastome___cancer_du_sein__Lymphome__Meduloblastome__cancer_de_l'uterus__cancer_des_ovaires__cancer_de_poumons__Cancer_de_la_prostate__cancer_de_la_peau__Autre",1,1,1,1,1,1,1,1,1,1,1,0,1,"Adénocarcinome_gastrique","Tabagiste__Infections_(e.g.,_HPV,_hépatite_B/C)_Exposition_à_des_substances_chimiques_/_Pollution_de_la_nature_Facteurs_génétiques_/_Héréditaires_Vieillissement_(_age_)",1,0,0,0,1,1,1,1,0,0,0,0,"","Faux_","VRAI","Faux_","VRAI","VRAI","Faux_","VRAI","VRAI","Vaccination_(e.g.,_contre_HPV)_Dépistage_régulier_(e.g.,_mammographie,_frottis_cervical)_Arrêt_du_tabac_Alimentation_saine_et_exercice_physique__Évitement_des_expositions_environnementales_Examen_genetiques_pour_les_familles_a_risque",1,1,1,1,1,1,0,0,"","Filles_avant_le_début_de_la_vie_sexuelle","VRAI","si_detecte_et_pris_en_charge_au_stade_precoce_","Chirurgie__Chimiotherapie__Immunotherapie__Therapie_cible__Radiotherapie__traitement_paliatif_",1,1,1,1,1,1,0,0,0,"","Soulager_la_douleur_et_les_autres_symptômes_(dyspnée,_nausées,_anxiété)","","Diagnostic_tardif__Manque_d'accès_aux_traitements__Insuffisance_de_ressources_(e.g.,_équipements,_personnel_specialise_dans_sa_prise_en_charge_)_Niveau_d'education_de_la_population_bas__Facteurs_socioculturels_(e.g.,_recours_à_la_médecine_traditionnelle)____Pauvreté_/_Manque_de_moyens_financiers__",1,1,1,1,1,1,0,0,0,"","Non","Cfr_raisons_que_je_viens_de_cocher_à_la_question_précédente","Dépistage_précoce",4,"VRAI","Oui_,_beaucoup","Maladie_traitable_mais_pas_toujours_curable,_récidivante_souvent","Non_","Non","","","","Il_faut_financer_les_passionnés_de_ce_domaine_pour_aller_se_spécialiser_puis_ouvrir_beaucoup_de_centres_doncologie_par_létat_et_les_financer_continuellement"
25,"Masculin","Nord_kivu","celibataire_",13,"Universite_catholique_de_Graben_","OUI","Mes_cours_a_l'_universite_\_Formation_médicale_Médias_(TV,_radio,_internet)_Famille_/_Amis",1,1,1,0,0,0,"","Une_prolifération_incontrôlée_de_cellules_anormales",0,1,0,0,0,"","_cancer_du_sein__Lymphome__cancer_de_l'uterus__Cancer_de_la_prostate_",0,0,0,1,1,0,1,0,0,1,0,0,0,"","Tabagiste__Infections_(e.g.,_HPV,_hépatite_B/C)_Facteurs_génétiques_/_Héréditaires",1,0,0,0,1,0,1,0,0,0,0,0,"","Faux_","VRAI","Je_ne_sais_pas_","VRAI","Je_ne_sais_pas_","Faux_","VRAI","Je_ne_sais_pas_","Vaccination_(e.g.,_contre_HPV)_Dépistage_régulier_(e.g.,_mammographie,_frottis_cervical)_Arrêt_du_tabac_Examen_genetiques_pour_les_familles_a_risque",1,1,1,0,0,1,0,0,"","Filles_avant_le_début_de_la_vie_sexuelle","VRAI","si_detecte_et_pris_en_charge_au_stade_precoce_","Chirurgie__Chimiotherapie__traitement_paliatif_",1,1,0,0,0,1,0,0,0,"","Améliorer_la_qualité_de_vie_du_patient_et_de_sa_famille","","Diagnostic_tardif__Manque_d'accès_aux_traitements__Insuffisance_de_ressources_(e.g.,_équipements,_personnel_specialise_dans_sa_prise_en_charge_)_Facteurs_socioculturels_(e.g.,_recours_à_la_médecine_traditionnelle)____Pauvreté_/_Manque_de_moyens_financiers__",1,1,1,0,1,1,0,0,0,"","Non","Lignorance_de_la_population_entraîne_un_désintéressement_au_cancer","Le_dépistage_précoce_régulier",4,"VRAI","Oui_,_beaucoup","Cest_une_maladie_curable","Non_","Non","","","","La_prolifération_des_centres_oncilogiques_et_la_formation_des_spécialistes_en_oncologie"
26,"Masculin","Nord_kivu","celibataire_",11,"Universite_catholique_de_Graben_","OUI","Mes_cours_a_l'_universite_\_Formation_médicale_Médias_(TV,_radio,_internet)_Littérature_scientifique_/_Livres__Expérience_clinique__durant_mon__Stages",1,1,0,1,1,0,"","Une_prolifération_incontrôlée_de_cellules_anormales",0,1,0,0,0,"","Cancer_colorectal___Leucémie___Retinoblastome___cancer_du_sein__Lymphome__cancer_de_l'uterus__cancer_des_ovaires__cancer_de_poumons__Cancer_de_la_prostate__cancer_de_la_peau_",1,1,1,1,1,0,1,1,1,1,1,0,0,"","Tabagiste__Consomation_d'alocool__Mauvaise_alimentation_(e.g.,_excès_de_viande_rouge,_faible_en_fruits/légumes)_Infections_(e.g.,_HPV,_hépatite_B/C)_Exposition_à_des_substances_chimiques_/_Pollution_de_la_nature_Facteurs_génétiques_/_Héréditaires",1,1,1,0,1,1,1,0,0,0,0,0,"","Faux_","VRAI","Vrai_","VRAI","Je_ne_sais_pas_","Faux_","VRAI","VRAI","Vaccination_(e.g.,_contre_HPV)_Dépistage_régulier_(e.g.,_mammographie,_frottis_cervical)_Arrêt_du_tabac_Alimentation_saine_et_exercice_physique__Évitement_des_expositions_environnementales_Examen_genetiques_pour_les_familles_a_risque",1,1,1,1,1,1,0,0,"","Filles_avant_le_début_de_la_vie_sexuelle","VRAI","si_detecte_et_pris_en_charge_au_stade_precoce_","Chirurgie__Chimiotherapie__Immunotherapie__Therapie_cible__Radiotherapie__traitement_paliatif_",1,1,1,1,1,1,0,0,0,"","Améliorer_la_qualité_de_vie_du_patient_et_de_sa_famille","","Diagnostic_tardif__Manque_d'accès_aux_traitements__Insuffisance_de_ressources_(e.g.,_équipements,_personnel_specialise_dans_sa_prise_en_charge_)_Niveau_d'education_de_la_population_bas__Facteurs_socioculturels_(e.g.,_recours_à_la_médecine_traditionnelle)____Pauvreté_/_Manque_de_moyens_financiers__",1,1,1,1,1,1,0,0,0,"","Oui","","Éducation_de_la_population",5,"VRAI","Oui_,_beaucoup","Traitable","Non_","Oui","un_oncle_/Tente_","","","Éducation_de_la_population"
26,"Masculin","Nord_kivu","celibataire_",13,"Universite_catholique_de_Graben_","OUI","Mes_cours_a_l'_universite_\_Formation_médicale_Littérature_scientifique_/_Livres__Expérience_clinique__durant_mon__Stages",1,0,0,1,1,0,"","Une_prolifération_incontrôlée_de_cellules_anormales",0,1,0,0,0,"","Cancer_colorectal___Leucémie____cancer_du_sein__Lymphome__cancer_de_l'uterus__cancer_des_ovaires__cancer_de_poumons__Cancer_de_la_prostate__cancer_de_la_peau_",1,1,0,1,1,0,1,1,1,1,1,0,0,"","Tabagiste__Consomation_d'alocool__Infections_(e.g.,_HPV,_hépatite_B/C)_Exposition_à_des_substances_chimiques_/_Pollution_de_la_nature_Facteurs_génétiques_/_Héréditaires",1,1,0,0,1,1,1,0,0,0,0,0,"","Faux_","VRAI","Vrai_","VRAI","VRAI","Faux_","VRAI","VRAI","Vaccination_(e.g.,_contre_HPV)_Dépistage_régulier_(e.g.,_mammographie,_frottis_cervical)_Arrêt_du_tabac_Alimentation_saine_et_exercice_physique__Évitement_des_expositions_environnementales_Examen_genetiques_pour_les_familles_a_risque",1,1,1,1,1,1,0,0,"","Filles_avant_le_début_de_la_vie_sexuelle","VRAI","si_detecte_et_pris_en_charge_au_stade_precoce_","Chirurgie__Chimiotherapie__Radiotherapie__traitement_paliatif_",1,1,0,0,1,1,0,0,0,"","Soulager_la_douleur_et_les_autres_symptômes_(dyspnée,_nausées,_anxiété)","","Diagnostic_tardif__Manque_d'accès_aux_traitements__Insuffisance_de_ressources_(e.g.,_équipements,_personnel_specialise_dans_sa_prise_en_charge_)_Niveau_d'education_de_la_population_bas__Facteurs_socioculturels_(e.g.,_recours_à_la_médecine_traditionnelle)____Pauvreté_/_Manque_de_moyens_financiers__",1,1,1,1,1,1,0,0,0,"","Non","Manques_des_moyens_de_prise_en_charge","Éviter_les_facteurs_de_risques",5,"VRAI","Oui_,_beaucoup","Traitable","Non_","Non","","","","Dépistage_précoce"
25,"Feminin_","Nord_kivu","celibataire_",12,"Universite_catholique_de_Graben_","OUI","Mes_cours_a_l'_universite_\_Formation_médicale",1,0,0,0,0,0,"","Une_prolifération_incontrôlée_de_cellules_anormales",0,1,0,0,0,"","Cancer_colorectal___Leucémie___Retinoblastome___cancer_du_sein__Lymphome__Meduloblastome__cancer_de_l'uterus__cancer_des_ovaires__cancer_de_poumons__Cancer_de_la_prostate__cancer_de_la_peau_",1,1,1,1,1,1,1,1,1,1,1,0,0,"","Tabagiste__Mauvaise_alimentation_(e.g.,_excès_de_viande_rouge,_faible_en_fruits/légumes)_Infections_(e.g.,_HPV,_hépatite_B/C)_Exposition_à_des_substances_chimiques_/_Pollution_de_la_nature_Facteurs_génétiques_/_Héréditaires",1,0,1,0,1,1,1,0,0,0,0,0,"","Faux_","VRAI","Faux_","VRAI","Je_ne_sais_pas_","Faux_","Je_ne_sais_pas_","VRAI","Vaccination_(e.g.,_contre_HPV)_Dépistage_régulier_(e.g.,_mammographie,_frottis_cervical)_Arrêt_du_tabac_Alimentation_saine_et_exercice_physique__Évitement_des_expositions_environnementales",1,1,1,1,1,0,0,0,"","Filles_avant_le_début_de_la_vie_sexuelle","VRAI","si_detecte_et_pris_en_charge_au_stade_precoce_","Chirurgie__Chimiotherapie__Radiotherapie__traitement_paliatif_",1,1,0,0,1,1,0,0,0,"","Soulager_la_douleur_et_les_autres_symptômes_(dyspnée,_nausées,_anxiété)","","Diagnostic_tardif__Manque_d'accès_aux_traitements__Insuffisance_de_ressources_(e.g.,_équipements,_personnel_specialise_dans_sa_prise_en_charge_)",1,1,1,0,0,0,0,0,0,"","Non","Fréquence_élevée,_diagnostic_aux_stades_avancés_du_cancer,_mortalité_élevée","Sensibilisation_des_groupes_à_risques_du_cancer_pour_un_dépistage_précoce_et_régulier,_pour_la_vaccination_dans_la_mesure_du_possible",3,"VRAI","Oui_,_moderement_","Maladie_traitable","Non_","Non","","","","Communiquer_à_la_communauté_les_facteurs_de_risques_des_différents_cancers_pour_favoriser_un_dépistage_si_exposition_à_ces_facteurs_de_risques"
27,"Masculin","Nord_kivu","celibataire_",13,"Universite_catholique_de_Graben_","OUI","Mes_cours_a_l'_universite_\_Formation_médicale_Famille_/_Amis_Littérature_scientifique_/_Livres__Expérience_clinique__durant_mon__Stages",1,0,1,1,1,0,"","Une_prolifération_incontrôlée_de_cellules_anormales",0,1,0,0,0,"","Cancer_colorectal___Leucémie___Retinoblastome___cancer_du_sein__Lymphome__Meduloblastome__cancer_de_l'uterus__cancer_des_ovaires__cancer_de_poumons__Cancer_de_la_prostate__cancer_de_la_peau_",1,1,1,1,1,1,1,1,1,1,1,0,0,"","Tabagiste__Mauvaise_alimentation_(e.g.,_excès_de_viande_rouge,_faible_en_fruits/légumes)_Infections_(e.g.,_HPV,_hépatite_B/C)_Exposition_à_des_substances_chimiques_/_Pollution_de_la_nature",1,0,1,0,1,1,0,0,0,0,0,0,"","Faux_","VRAI","Je_ne_sais_pas_","VRAI","Faux_","Faux_","Je_ne_sais_pas_","VRAI","Vaccination_(e.g.,_contre_HPV)_Dépistage_régulier_(e.g.,_mammographie,_frottis_cervical)_Arrêt_du_tabac_Alimentation_saine_et_exercice_physique__Évitement_des_expositions_environnementales_Examen_genetiques_pour_les_familles_a_risque",1,1,1,1,1,1,0,0,"","Filles_avant_le_début_de_la_vie_sexuelle","VRAI","si_detecte_et_pris_en_charge_au_stade_precoce_","Chirurgie__Chimiotherapie__Immunotherapie__Therapie_cible__Radiotherapie__traitement_paliatif_",1,1,1,1,1,1,0,0,0,"","Soulager_la_douleur_et_les_autres_symptômes_(dyspnée,_nausées,_anxiété)","","Diagnostic_tardif__Manque_d'accès_aux_traitements__Insuffisance_de_ressources_(e.g.,_équipements,_personnel_specialise_dans_sa_prise_en_charge_)_Niveau_d'education_de_la_population_bas__Facteurs_socioculturels_(e.g.,_recours_à_la_médecine_traditionnelle)____Pauvreté_/_Manque_de_moyens_financiers__",1,1,1,1,1,1,0,0,0,"","Non","Éducation_sanitaire_faible,_absence__de_matériel_de_dépistage,_programme_national_de_prévention_et_prise_en_charge_presque_inexistant","Programme_national_de_dépistage_gratuit",5,"VRAI","Oui_,_beaucoup","traitable","Non_","Oui","Un_parent_","","","Education_sanitaire_sur_les_facteurs_de_risque_par_l'entreprise_des_leaders_communautaires,_programme_gratuit_de_dépistage,"
23,"Feminin_","Maniema_","celibataire_",6,"Universite_Evangelique_en_Afrique_","OUI","Mes_cours_a_l'_universite_\_Formation_médicale_Médias_(TV,_radio,_internet)_Littérature_scientifique_/_Livres__Expérience_clinique__durant_mon__Stages",1,1,0,1,1,0,"","Une_prolifération_incontrôlée_de_cellules_anormales",0,1,0,0,0,"","Cancer_colorectal___Leucémie___Retinoblastome___cancer_du_sein__Lymphome__Meduloblastome__cancer_de_l'uterus__cancer_des_ovaires__cancer_de_poumons__Cancer_de_la_prostate__cancer_de_la_peau_",1,1,1,1,1,1,1,1,1,1,1,0,0,"","Tabagiste__Consomation_d'alocool__Infections_(e.g.,_HPV,_hépatite_B/C)_Exposition_à_des_substances_chimiques_/_Pollution_de_la_nature_Facteurs_génétiques_/_Héréditaires",1,1,0,0,1,1,1,0,0,0,0,0,"","Faux_","VRAI","Vrai_","VRAI","Je_ne_sais_pas_","Faux_","VRAI","VRAI","Vaccination_(e.g.,_contre_HPV)_Dépistage_régulier_(e.g.,_mammographie,_frottis_cervical)_Arrêt_du_tabac_Alimentation_saine_et_exercice_physique__Examen_genetiques_pour_les_familles_a_risque",1,1,1,1,0,1,0,0,"","Filles_avant_le_début_de_la_vie_sexuelle","VRAI","si_detecte_et_pris_en_charge_au_stade_precoce_","Chirurgie__Chimiotherapie__Immunotherapie_",1,1,1,0,0,0,0,0,0,"","Améliorer_la_qualité_de_vie_du_patient_et_de_sa_famille","","Diagnostic_tardif__Insuffisance_de_ressources_(e.g.,_équipements,_personnel_specialise_dans_sa_prise_en_charge_)",1,0,1,0,0,0,0,0,0,"","Oui","","Formation_des_peuples",3,"VRAI","Oui_,_beaucoup","Traitable","Non_","Non","","","","Formations_du_public_sur_les_risques"
27,"Masculin","Nord_kivu","celibataire_",27,"Universite_catholique_de_Graben_","OUI","Mes_cours_a_l'_universite_\_Formation_médicale_Médias_(TV,_radio,_internet)_Famille_/_Amis_Littérature_scientifique_/_Livres__Expérience_clinique__durant_mon__Stages",1,1,1,1,1,0,"","Une_prolifération_incontrôlée_de_cellules_anormales",0,1,0,0,0,"","Cancer_colorectal___Leucémie___Retinoblastome___cancer_du_sein__Lymphome__Meduloblastome__cancer_de_l'uterus__cancer_de_poumons__Cancer_de_la_prostate__Autre",1,1,1,1,1,1,1,0,1,1,0,0,1,"Hépatocarcinome","Tabagiste__Consomation_d'alocool__Mauvaise_alimentation_(e.g.,_excès_de_viande_rouge,_faible_en_fruits/légumes)_Infections_(e.g.,_HPV,_hépatite_B/C)_Exposition_à_des_substances_chimiques_/_Pollution_de_la_nature_Facteurs_génétiques_/_Héréditaires_Vieillissement_(_age_)",1,1,1,0,1,1,1,1,0,0,0,0,"","Faux_","VRAI","Vrai_","VRAI","Je_ne_sais_pas_","Faux_","Je_ne_sais_pas_","VRAI","Vaccination_(e.g.,_contre_HPV)_Dépistage_régulier_(e.g.,_mammographie,_frottis_cervical)_Arrêt_du_tabac_Alimentation_saine_et_exercice_physique__Évitement_des_expositions_environnementales_Examen_genetiques_pour_les_familles_a_risque",1,1,1,1,1,1,0,0,"","Filles_avant_le_début_de_la_vie_sexuelle","Faux_","","Chirurgie__Chimiotherapie__Immunotherapie__Therapie_cible__Radiotherapie__traitement_paliatif_",1,1,1,1,1,1,0,0,0,"","Soutenir_laccompagnement_psychologique_et_spirituel","","Diagnostic_tardif__Manque_d'accès_aux_traitements__Insuffisance_de_ressources_(e.g.,_équipements,_personnel_specialise_dans_sa_prise_en_charge_)_Niveau_d'education_de_la_population_bas__Facteurs_socioculturels_(e.g.,_recours_à_la_médecine_traditionnelle)____Pauvreté_/_Manque_de_moyens_financiers__",1,1,1,1,1,1,0,0,0,"","Je_ne_sais_pas","","Dépistage_volontaire_pour_savoir_son_état_de_sérologie,_contrôler_l'hygiène_de_vie,_doser_le_PSA_et_faire_le_TR_chez_tous_sujets_masculins_en_âge_avancé,_faire_frottis_chez_les_sujets_féminins_dès_la_puberté",5,"VRAI","Oui_,_beaucoup","Traitable_mais_la_guérison_n'est_pas_au_rendez-vous","Non_","Non","","","","Dépistage_volontaire,_former_le_personnel_soignant_et_donner_lui_des_équipements_nécessaires"
25,"Feminin_","Nord_kivu","Marié",10,"Universite_catholique_de_Graben_","OUI","Mes_cours_a_l'_universite_\_Formation_médicale",1,0,0,0,0,0,"","Une_infection_aiguë",1,0,0,0,0,"","Cancer_colorectal_",1,0,0,0,0,0,0,0,0,0,0,0,0,"","Tabagiste__Infections_(e.g.,_HPV,_hépatite_B/C)_Facteurs_génétiques_/_Héréditaires",1,0,0,0,1,0,1,0,0,0,0,0,"","Je_ne_sais_pas_","VRAI","Vrai_","VRAI","Je_ne_sais_pas_","Faux_","Je_ne_sais_pas_","VRAI","Vaccination_(e.g.,_contre_HPV)_Dépistage_régulier_(e.g.,_mammographie,_frottis_cervical)_Arrêt_du_tabac",1,1,1,0,0,0,0,0,"","Femmes_de_plus_de_50_ans_","Je_ne_sais_pas_","","Chimiotherapie__traitement_paliatif_",0,1,0,0,0,1,0,0,0,"","Soulager_la_douleur_et_les_autres_symptômes_(dyspnée,_nausées,_anxiété)","","Diagnostic_tardif__Manque_d'accès_aux_traitements__Niveau_d'education_de_la_population_bas__Facteurs_socioculturels_(e.g.,_recours_à_la_médecine_traditionnelle)___",1,1,0,1,1,0,0,0,0,"","Non","Elle_fraise_le_traitement_précoce","Dépistage_précoce",3,"VRAI","Oui_,_beaucoup","Traitable","Non_","Non","","","","Dépistage_précoce"
25,"Feminin_","Nord_kivu","celibataire_",13,"Universite_catholique_de_Graben_","OUI","Mes_cours_a_l'_universite_\_Formation_médicale",1,0,0,0,0,0,"","Une_prolifération_incontrôlée_de_cellules_anormales",0,1,0,0,0,"","_Leucémie___Retinoblastome___cancer_du_sein__cancer_des_ovaires__cancer_de_poumons__Cancer_de_la_prostate__cancer_de_la_peau_",0,1,1,1,0,0,0,1,1,1,1,0,0,"","Tabagiste__Consomation_d'alocool__Exposition_à_des_substances_chimiques_/_Pollution_de_la_nature",1,1,0,0,0,1,0,0,0,0,0,0,"","VRAI","VRAI","Faux_","Je_ne_sais_pas_","Je_ne_sais_pas_","Faux_","Je_ne_sais_pas_","VRAI","Arrêt_du_tabac_Alimentation_saine_et_exercice_physique__Évitement_des_expositions_environnementales",0,0,1,1,1,0,0,0,"","Filles_avant_le_début_de_la_vie_sexuelle","VRAI","si_detecte_et_pris_en_charge_au_stade_precoce_","Chimiotherapie__Immunotherapie__Radiotherapie_",0,1,1,0,1,0,0,0,0,"","Soulager_la_douleur_et_les_autres_symptômes_(dyspnée,_nausées,_anxiété)","","Diagnostic_tardif__Niveau_d'education_de_la_population_bas__Pauvreté_/_Manque_de_moyens_financiers__",1,0,0,1,0,1,0,0,0,"","Oui","","Éviter_les_aliments_de_conservation",3,"VRAI","Oui_,_beaucoup","Traitable","Non_","Non","","","","Éducation_de_la_population_concernant_les_symptômes_et_dépistage_en_temps"
25,"Masculin","Nord_kivu","celibataire_",14,"Universite_catholique_de_Graben_","OUI","Mes_cours_a_l'_universite_\_Formation_médicale_Médias_(TV,_radio,_internet)_Littérature_scientifique_/_Livres__Expérience_clinique__durant_mon__Stages",1,1,0,1,1,0,"","Une_infection_aiguë_Une_prolifération_incontrôlée_de_cellules_anormales",1,1,0,0,0,"","Cancer_colorectal___Leucémie___Retinoblastome___cancer_du_sein__Lymphome__cancer_de_l'uterus__cancer_des_ovaires__Cancer_de_la_prostate_",1,1,1,1,1,0,1,1,0,1,0,0,0,"","Tabagiste__Consomation_d'alocool__Mauvaise_alimentation_(e.g.,_excès_de_viande_rouge,_faible_en_fruits/légumes)_Infections_(e.g.,_HPV,_hépatite_B/C)_Exposition_à_des_substances_chimiques_/_Pollution_de_la_nature_Facteurs_génétiques_/_Héréditaires",1,1,1,0,1,1,1,0,0,0,0,0,"","Faux_","VRAI","Vrai_","Je_ne_sais_pas_","Je_ne_sais_pas_","Faux_","Faux_","VRAI","Arrêt_du_tabac_Alimentation_saine_et_exercice_physique__Évitement_des_expositions_environnementales",0,0,1,1,1,0,0,0,"","Filles_avant_le_début_de_la_vie_sexuelle","Faux_","","Chirurgie__Chimiotherapie__Immunotherapie_",1,1,1,0,0,0,0,0,0,"","Améliorer_la_qualité_de_vie_du_patient_et_de_sa_famille","","Manque_d'accès_aux_traitements_",0,1,0,0,0,0,0,0,0,"","Je_ne_sais_pas","","Lutter_contre_le_tabagisme",3,"VRAI","Oui_,_beaucoup","Traitable","Non_","Non","","","","Sensibilisation_de_la_population_sur_les_cancers"
27,"Masculin","Autre_province_","celibataire_",13,"Universite_catholique_de_Graben_","OUI","Mes_cours_a_l'_universite_\_Formation_médicale_Médias_(TV,_radio,_internet)_Littérature_scientifique_/_Livres_",1,1,0,1,0,0,"","Une_prolifération_incontrôlée_de_cellules_anormales",0,1,0,0,0,"","Cancer_colorectal___Leucémie___Retinoblastome___cancer_du_sein__Lymphome__Meduloblastome__cancer_de_l'uterus__cancer_des_ovaires__cancer_de_poumons__cancer_de_la_peau_",1,1,1,1,1,1,1,1,1,0,1,0,0,"","Tabagiste__Infections_(e.g.,_HPV,_hépatite_B/C)_Exposition_à_des_substances_chimiques_/_Pollution_de_la_nature_Facteurs_génétiques_/_Héréditaires",1,0,0,0,1,1,1,0,0,0,0,0,"","Faux_","VRAI","Vrai_","Je_ne_sais_pas_","Faux_","Faux_","Faux_","VRAI","Vaccination_(e.g.,_contre_HPV)_Dépistage_régulier_(e.g.,_mammographie,_frottis_cervical)_Arrêt_du_tabac_Évitement_des_expositions_environnementales_Examen_genetiques_pour_les_familles_a_risque",1,1,1,0,1,1,0,0,"","Filles_avant_le_début_de_la_vie_sexuelle","VRAI","si_detecte_et_pris_en_charge_au_stade_precoce_","Chirurgie__Chimiotherapie__Radiotherapie__traitement_paliatif_",1,1,0,0,1,1,0,0,0,"","Améliorer_la_qualité_de_vie_du_patient_et_de_sa_famille","","Diagnostic_tardif__Facteurs_socioculturels_(e.g.,_recours_à_la_médecine_traditionnelle)___",1,0,0,0,1,0,0,0,0,"","Oui","","Vaccination_,_dépistage_en_fin_de_diagnostiquer_tôt_le_cancer",4,"VRAI","Non_","Est_une_maladie_traitable_si_diagnostiquer_tôt","Non_","Non","","","","Vaccination,_dépistage_chaque_année_ou_chaque_6_mois_pour_les_personnes_""_à_risque"",_éducation_de_la_population_sur_le_cancer"
25,"Masculin","Nord_kivu","celibataire_",10,"Universite_catholique_de_Graben_","OUI","Mes_cours_a_l'_universite_\_Formation_médicale",1,0,0,0,0,0,"","Une_infection_aiguë_Une_prolifération_incontrôlée_de_cellules_anormales",1,1,0,0,0,"","_Leucémie__",0,1,0,0,0,0,0,0,0,0,0,0,0,"","Exposition_à_des_substances_chimiques_/_Pollution_de_la_nature_Facteurs_génétiques_/_Héréditaires",0,0,0,0,0,1,1,0,0,0,0,0,"","Faux_","VRAI","Faux_","VRAI","Je_ne_sais_pas_","Faux_","Faux_","Faux_","Vaccination_(e.g.,_contre_HPV)_Dépistage_régulier_(e.g.,_mammographie,_frottis_cervical)_Arrêt_du_tabac_Alimentation_saine_et_exercice_physique__Évitement_des_expositions_environnementales_Examen_genetiques_pour_les_familles_a_risque",1,1,1,1,1,1,0,0,"","Filles_avant_le_début_de_la_vie_sexuelle","VRAI","si_detecte_et_pris_en_charge_au_stade_precoce_","Chirurgie__Chimiotherapie__Immunotherapie__Therapie_cible__Radiotherapie__traitement_paliatif_",1,1,1,1,1,1,0,0,0,"","Améliorer_la_qualité_de_vie_du_patient_et_de_sa_famille","","Diagnostic_tardif__Insuffisance_de_ressources_(e.g.,_équipements,_personnel_specialise_dans_sa_prise_en_charge_)_Niveau_d'education_de_la_population_bas__Facteurs_socioculturels_(e.g.,_recours_à_la_médecine_traditionnelle)____Pauvreté_/_Manque_de_moyens_financiers__",1,0,1,1,1,1,0,0,0,"","Oui","","1._Dépistage_regulier_____2._Améliorer_la_qualité_de_vie_de_la_population_____3._Équiper_les_structures_sanitaires",3,"VRAI","Oui_,_beaucoup","Traitable","Non_","Non","","","","1._Améliorer_la_qualité_de_vie_de_la_population______2._Éducation_de_la_population"
25,"Masculin","Nord_kivu","Marié",9,"Universite_catholique_de_Graben_","OUI","Mes_cours_a_l'_universite_\_Formation_médicale",1,0,0,0,0,0,"","Une_prolifération_incontrôlée_de_cellules_anormales",0,1,0,0,0,"","Cancer_colorectal___Leucémie___Retinoblastome___cancer_du_sein__Lymphome__Meduloblastome__cancer_de_l'uterus__cancer_des_ovaires__cancer_de_poumons__Cancer_de_la_prostate__cancer_de_la_peau_",1,1,1,1,1,1,1,1,1,1,1,0,0,"","Tabagiste__Consomation_d'alocool__Exposition_à_des_substances_chimiques_/_Pollution_de_la_nature",1,1,0,0,0,1,0,0,0,0,0,0,"","Faux_","VRAI","Faux_","VRAI","Faux_","Faux_","Faux_","Faux_","Dépistage_régulier_(e.g.,_mammographie,_frottis_cervical)",0,1,0,0,0,0,0,0,"","Filles_avant_le_début_de_la_vie_sexuelle","Faux_","","Chirurgie__Chimiotherapie__Immunotherapie__Radiotherapie__traitement_paliatif_",1,1,1,0,1,1,0,0,0,"","Soulager_la_douleur_et_les_autres_symptômes_(dyspnée,_nausées,_anxiété)","","Diagnostic_tardif__Manque_d'accès_aux_traitements__Insuffisance_de_ressources_(e.g.,_équipements,_personnel_specialise_dans_sa_prise_en_charge_)_Niveau_d'education_de_la_population_bas__Pauvreté_/_Manque_de_moyens_financiers__",1,1,1,1,0,1,0,0,0,"","Oui","","Informer_la_population_de_la_clinique_et_prise_en_charge",1,"VRAI","Oui_,_moderement_","Compliqué_vu_sa_prolifération_anarchique","Non_","Non","","","","Oui"
27,"Masculin","Nord_kivu","celibataire_",12,"Universite_catholique_de_Graben_","OUI","Mes_cours_a_l'_universite_\_Formation_médicale_Littérature_scientifique_/_Livres__Expérience_clinique__durant_mon__Stages",1,0,0,1,1,0,"","Une_prolifération_incontrôlée_de_cellules_anormales",0,1,0,0,0,"","Cancer_colorectal___Leucémie___Retinoblastome___cancer_du_sein__Lymphome__Meduloblastome__cancer_de_l'uterus__cancer_des_ovaires__cancer_de_poumons__Cancer_de_la_prostate__cancer_de_la_peau_",1,1,1,1,1,1,1,1,1,1,1,0,0,"","Tabagiste__Consomation_d'alocool__Infections_(e.g.,_HPV,_hépatite_B/C)_Exposition_à_des_substances_chimiques_/_Pollution_de_la_nature_Facteurs_génétiques_/_Héréditaires_Vieillissement_(_age_)",1,1,0,0,1,1,1,1,0,0,0,0,"","Faux_","VRAI","Faux_","VRAI","Faux_","Faux_","VRAI","Faux_","Vaccination_(e.g.,_contre_HPV)_Dépistage_régulier_(e.g.,_mammographie,_frottis_cervical)_Arrêt_du_tabac_Examen_genetiques_pour_les_familles_a_risque",1,1,1,0,0,1,0,0,"","Filles_avant_le_début_de_la_vie_sexuelle","VRAI","si_detecte_et_pris_en_charge_au_stade_precoce_","Chirurgie__Chimiotherapie__Therapie_cible__Radiotherapie__traitement_paliatif_",1,1,0,1,1,1,0,0,0,"","Soulager_la_douleur_et_les_autres_symptômes_(dyspnée,_nausées,_anxiété)","","Diagnostic_tardif__Manque_d'accès_aux_traitements__Insuffisance_de_ressources_(e.g.,_équipements,_personnel_specialise_dans_sa_prise_en_charge_)_Facteurs_socioculturels_(e.g.,_recours_à_la_médecine_traditionnelle)____Pauvreté_/_Manque_de_moyens_financiers__",1,1,1,0,1,1,0,0,0,"","Je_ne_sais_pas","","Multiplier_les_séances_d'éducation_de_la_population_concernant_les_cancers,_conseiller_les_dépistages_réguliers,_disponibilisatiin_des_moyens_de_diagnostic,_de_traitement_et_de_prise_en_charge_des_cancers",3,"Faux_","Oui_,_beaucoup","C'est_une_maladie_grave_qui_nécessite_une_attention_particulière","Non_","Non","","","","Multiplier_les_séances_d'éducation_de_la_population_concernant_les_cancers,_conseiller_les_dépistages_réguliers,_disponibilisatiin_des_moyens_de_diagnostic,_de_traitement_et_de_prise_en_charge_des_cancers"
27,"Masculin","Nord_kivu","celibataire_",14,"Universite_catholique_de_Graben_","OUI","Mes_cours_a_l'_universite_\_Formation_médicale_Médias_(TV,_radio,_internet)_Famille_/_Amis_Littérature_scientifique_/_Livres__Expérience_clinique__durant_mon__Stages",1,1,1,1,1,0,"","Une_prolifération_incontrôlée_de_cellules_anormales",0,1,0,0,0,"","Cancer_colorectal___Leucémie___Retinoblastome___cancer_du_sein__Lymphome__Meduloblastome__cancer_de_l'uterus__cancer_des_ovaires__cancer_de_poumons__Cancer_de_la_prostate__cancer_de_la_peau_",1,1,1,1,1,1,1,1,1,1,1,0,0,"","Tabagiste__Manque_d'exercice_physique_Infections_(e.g.,_HPV,_hépatite_B/C)_Exposition_à_des_substances_chimiques_/_Pollution_de_la_nature_Facteurs_génétiques_/_Héréditaires_Vieillissement_(_age_)",1,0,0,1,1,1,1,1,0,0,0,0,"","Faux_","VRAI","Faux_","VRAI","Faux_","Faux_","VRAI","VRAI","Vaccination_(e.g.,_contre_HPV)_Dépistage_régulier_(e.g.,_mammographie,_frottis_cervical)_Arrêt_du_tabac_Alimentation_saine_et_exercice_physique__Évitement_des_expositions_environnementales",1,1,1,1,1,0,0,0,"","Filles_avant_le_début_de_la_vie_sexuelle","VRAI","si_detecte_et_pris_en_charge_au_stade_precoce_","Chirurgie__Chimiotherapie__Immunotherapie__Therapie_cible__Radiotherapie__traitement_paliatif_",1,1,1,1,1,1,0,0,0,"","Soulager_la_douleur_et_les_autres_symptômes_(dyspnée,_nausées,_anxiété)","","Diagnostic_tardif__Manque_d'accès_aux_traitements__Insuffisance_de_ressources_(e.g.,_équipements,_personnel_specialise_dans_sa_prise_en_charge_)_Facteurs_socioculturels_(e.g.,_recours_à_la_médecine_traditionnelle)____Pauvreté_/_Manque_de_moyens_financiers__",1,1,1,0,1,1,0,0,0,"","Non","Cfr_la_question_20","Dépistage",3,"VRAI","Oui_,_moderement_","Un_maladie_traitable","Non_","Non","","","","Dépistage_et_accompagnement_gouvernement"
26,"Masculin","Nord_kivu","celibataire_",10,"Universite_catholique_de_Graben_","OUI","Littérature_scientifique_/_Livres_",0,0,0,1,0,0,"","Une_prolifération_incontrôlée_de_cellules_anormales",0,1,0,0,0,"","Cancer_colorectal___Leucémie____cancer_du_sein__cancer_de_l'uterus__Cancer_de_la_prostate_",1,1,0,1,0,0,1,0,0,1,0,0,0,"","Tabagiste__Consomation_d'alocool__Infections_(e.g.,_HPV,_hépatite_B/C)_Exposition_à_des_substances_chimiques_/_Pollution_de_la_nature_Facteurs_génétiques_/_Héréditaires",1,1,0,0,1,1,1,0,0,0,0,0,"","Faux_","VRAI","Vrai_","VRAI","VRAI","Faux_","VRAI","VRAI","Vaccination_(e.g.,_contre_HPV)_Dépistage_régulier_(e.g.,_mammographie,_frottis_cervical)_Arrêt_du_tabac",1,1,1,0,0,0,0,0,"","Filles_avant_le_début_de_la_vie_sexuelle","VRAI","si_detecte_et_pris_en_charge_au_stade_precoce_","Chirurgie__Chimiotherapie__Radiotherapie__traitement_paliatif_",1,1,0,0,1,1,0,0,0,"","Soulager_la_douleur_et_les_autres_symptômes_(dyspnée,_nausées,_anxiété)","","Diagnostic_tardif__Insuffisance_de_ressources_(e.g.,_équipements,_personnel_specialise_dans_sa_prise_en_charge_)_Niveau_d'education_de_la_population_bas_",1,0,1,1,0,0,0,0,0,"","Oui","","Dépistage_rapide",5,"Je_ne_sais_pas_","Oui_,_beaucoup","Difficile","Non_","Non","","","","Dépistage_rapide"
27,"Masculin","Sud_kivu","celibataire_",7,"Universite_Officielle_de_Bukavu_(_UOB)","OUI","Mes_cours_a_l'_universite_\_Formation_médicale",1,0,0,0,0,0,"","Une_prolifération_incontrôlée_de_cellules_anormales",0,1,0,0,0,"","Cancer_colorectal___Leucémie___Retinoblastome___cancer_du_sein__Lymphome__Meduloblastome__cancer_de_l'uterus__cancer_des_ovaires__cancer_de_poumons__Cancer_de_la_prostate__cancer_de_la_peau_",1,1,1,1,1,1,1,1,1,1,1,0,0,"","Infections_(e.g.,_HPV,_hépatite_B/C)_Exposition_à_des_substances_chimiques_/_Pollution_de_la_nature_Facteurs_génétiques_/_Héréditaires_Vieillissement_(_age_)",0,0,0,0,1,1,1,1,0,0,0,0,"","Faux_","VRAI","Faux_","VRAI","Je_ne_sais_pas_","Faux_","VRAI","VRAI","Vaccination_(e.g.,_contre_HPV)_Dépistage_régulier_(e.g.,_mammographie,_frottis_cervical)_Arrêt_du_tabac_Évitement_des_expositions_environnementales_Examen_genetiques_pour_les_familles_a_risque",1,1,1,0,1,1,0,0,"","Filles_avant_le_début_de_la_vie_sexuelle","VRAI","si_detecte_et_pris_en_charge_au_stade_precoce_","Chirurgie__Chimiotherapie__Immunotherapie__Therapie_cible__Radiotherapie_",1,1,1,1,1,0,0,0,0,"","Améliorer_la_qualité_de_vie_du_patient_et_de_sa_famille","","Diagnostic_tardif_",1,0,0,0,0,0,0,0,0,"","Non","Ressources_limitées_et_manque_de_sensibilisation_des_patients","Campagne_de_dépistage_et_conscientiser_les_familles",5,"VRAI","Oui_,_beaucoup","Maladie_traitable","Oui","Non","","","","Campagne_de_dépistage_et_conscientisation_des_patients"
28,"Masculin","Sud_kivu","celibataire_",9,"Universite_Officielle_de_Bukavu_(_UOB)","OUI","Mes_cours_a_l'_universite_\_Formation_médicale_Médias_(TV,_radio,_internet)_Littérature_scientifique_/_Livres__Expérience_clinique__durant_mon__Stages",1,1,0,1,1,0,"","Une_prolifération_incontrôlée_de_cellules_anormales",0,1,0,0,0,"","Cancer_colorectal___Leucémie___Retinoblastome___cancer_du_sein__Lymphome__cancer_de_l'uterus__cancer_des_ovaires__cancer_de_poumons__Cancer_de_la_prostate__cancer_de_la_peau_",1,1,1,1,1,0,1,1,1,1,1,0,0,"","Tabagiste__Consomation_d'alocool__Infections_(e.g.,_HPV,_hépatite_B/C)_Facteurs_génétiques_/_Héréditaires",1,1,0,0,1,0,1,0,0,0,0,0,"","Faux_","VRAI","Faux_","VRAI","Faux_","Faux_","VRAI","VRAI","Vaccination_(e.g.,_contre_HPV)_Dépistage_régulier_(e.g.,_mammographie,_frottis_cervical)_Arrêt_du_tabac_Examen_genetiques_pour_les_familles_a_risque",1,1,1,0,0,1,0,0,"","Filles_avant_le_début_de_la_vie_sexuelle","VRAI","si_pris_en_charge_dans_un_centre_specialise_de_cancerologie_","Chirurgie__Chimiotherapie__Immunotherapie__Radiotherapie__traitement_paliatif_",1,1,1,0,1,1,0,0,0,"","Soulager_la_douleur_et_les_autres_symptômes_(dyspnée,_nausées,_anxiété)","","Diagnostic_tardif__Insuffisance_de_ressources_(e.g.,_équipements,_personnel_specialise_dans_sa_prise_en_charge_)_Niveau_d'education_de_la_population_bas__Pauvreté_/_Manque_de_moyens_financiers__",1,0,1,1,0,1,0,0,0,"","Non","Le_manque_de_plateaux_techniques_appropriées_et_personnel_qualifié","Dépistage_précoce_et_informé_la_population_sur_le_Cancer_que_c'est_une_pathologie_mais_pas_une_malédiction,_sorcellerie_et_tant_d'autres_croyances_erronée",1,"VRAI","Oui_,_beaucoup","C'est_une_maladie","Non_","Non","","","","Que_le_gouvernement_s'implique_dans_la_prise_en_charge_parce_que_ce_sont_des_soins_qui_demande_énormément_des_moyens_financiers_pour_tant_la_population_est_pauvre"
29,"Masculin","Sud_kivu","celibataire_",9,"Universite_Officielle_de_Bukavu_(_UOB)","OUI","Mes_cours_a_l'_universite_\_Formation_médicale_Médias_(TV,_radio,_internet)_Littérature_scientifique_/_Livres_",1,1,0,1,0,0,"","Une_prolifération_incontrôlée_de_cellules_anormales",0,1,0,0,0,"","Cancer_colorectal___Leucémie___Retinoblastome___cancer_du_sein__Lymphome__Meduloblastome__cancer_de_l'uterus__cancer_des_ovaires__cancer_de_poumons__Cancer_de_la_prostate__cancer_de_la_peau_",1,1,1,1,1,1,1,1,1,1,1,0,0,"","Facteurs_génétiques_/_Héréditaires",0,0,0,0,0,0,1,0,0,0,0,0,"","Faux_","VRAI","Faux_","VRAI","Je_ne_sais_pas_","Faux_","Je_ne_sais_pas_","VRAI","Dépistage_régulier_(e.g.,_mammographie,_frottis_cervical)_Arrêt_du_tabac_Évitement_des_expositions_environnementales_Examen_genetiques_pour_les_familles_a_risque",0,1,1,0,1,1,0,0,"","Femmes_de_plus_de_50_ans_","Faux_","","Chirurgie__Chimiotherapie__Immunotherapie__Therapie_cible__Radiotherapie__traitement_paliatif_",1,1,1,1,1,1,0,0,0,"","Soulager_la_douleur_et_les_autres_symptômes_(dyspnée,_nausées,_anxiété)","","Diagnostic_tardif__Manque_d'accès_aux_traitements__Insuffisance_de_ressources_(e.g.,_équipements,_personnel_specialise_dans_sa_prise_en_charge_)_Niveau_d'education_de_la_population_bas__Facteurs_socioculturels_(e.g.,_recours_à_la_médecine_traditionnelle)____Pauvreté_/_Manque_de_moyens_financiers__",1,1,1,1,1,1,0,0,0,"","Je_ne_sais_pas","","Dépistage_et_campagne_de_sensibilisation",4,"VRAI","Oui_,_moderement_","Traitable","Non_","Non","","","","Dépistage_et_sensibilisation"
26,"Masculin","Sud_kivu","celibataire_",9,"Universite_Officielle_de_Bukavu_(_UOB)","OUI","Mes_cours_a_l'_universite_\_Formation_médicale_Médias_(TV,_radio,_internet)_Littérature_scientifique_/_Livres__Expérience_clinique__durant_mon__Stages",1,1,0,1,1,0,"","Une_prolifération_incontrôlée_de_cellules_anormales",0,1,0,0,0,"","Cancer_colorectal___Leucémie___Retinoblastome___cancer_du_sein__Lymphome__Meduloblastome__cancer_de_l'uterus__cancer_des_ovaires__cancer_de_poumons__Cancer_de_la_prostate__cancer_de_la_peau_",1,1,1,1,1,1,1,1,1,1,1,0,0,"","Tabagiste__Consomation_d'alocool__Mauvaise_alimentation_(e.g.,_excès_de_viande_rouge,_faible_en_fruits/légumes)_Infections_(e.g.,_HPV,_hépatite_B/C)_Exposition_à_des_substances_chimiques_/_Pollution_de_la_nature_Facteurs_génétiques_/_Héréditaires",1,1,1,0,1,1,1,0,0,0,0,0,"","Faux_","VRAI","Vrai_","VRAI","Faux_","Faux_","VRAI","VRAI","Vaccination_(e.g.,_contre_HPV)_Dépistage_régulier_(e.g.,_mammographie,_frottis_cervical)_Arrêt_du_tabac_Alimentation_saine_et_exercice_physique__Évitement_des_expositions_environnementales_Examen_genetiques_pour_les_familles_a_risque",1,1,1,1,1,1,0,0,"","Filles_avant_le_début_de_la_vie_sexuelle","VRAI","si_detecte_et_pris_en_charge_au_stade_precoce_","Chirurgie__Chimiotherapie__Immunotherapie__Therapie_cible__Radiotherapie__traitement_paliatif_",1,1,1,1,1,1,0,0,0,"","Améliorer_la_qualité_de_vie_du_patient_et_de_sa_famille","","Diagnostic_tardif_",1,0,0,0,0,0,0,0,0,"","Oui","","Lutter_contre_les_facteurs_favorisant",3,"VRAI","Oui_,_beaucoup","Maladie_traitable","Non_","Non","","","","Dépister_et_consulter"
25,"Feminin_","Sud_kivu","celibataire_",15,"Universite_Officielle_de_Bukavu_(_UOB)","OUI","Mes_cours_a_l'_universite_\_Formation_médicale",1,0,0,0,0,0,"","Une_prolifération_incontrôlée_de_cellules_anormales",0,1,0,0,0,"","Cancer_colorectal___Leucémie___Retinoblastome___cancer_du_sein__Lymphome__Cancer_de_la_prostate_",1,1,1,1,1,0,0,0,0,1,0,0,0,"","Tabagiste__Consomation_d'alocool__Facteurs_génétiques_/_Héréditaires",1,1,0,0,0,0,1,0,0,0,0,0,"","Faux_","VRAI","Vrai_","VRAI","Faux_","Faux_","VRAI","VRAI","Vaccination_(e.g.,_contre_HPV)_Dépistage_régulier_(e.g.,_mammographie,_frottis_cervical)_Arrêt_du_tabac_Évitement_des_expositions_environnementales",1,1,1,0,1,0,0,0,"","Filles_avant_le_début_de_la_vie_sexuelle","VRAI","si_detecte_et_pris_en_charge_au_stade_precoce_","Chirurgie__Chimiotherapie__Immunotherapie__Therapie_cible__Radiotherapie__traitement_paliatif__Traitement_traditionnel_/_Herbes_",1,1,1,1,1,1,1,0,0,"","Soulager_la_douleur_et_les_autres_symptômes_(dyspnée,_nausées,_anxiété)","","Diagnostic_tardif__Manque_d'accès_aux_traitements__Insuffisance_de_ressources_(e.g.,_équipements,_personnel_specialise_dans_sa_prise_en_charge_)_Niveau_d'education_de_la_population_bas_",1,1,1,1,0,0,0,0,0,"","Oui","","Sensibilisation_et_dépistage",3,"Faux_","Oui_,_beaucoup","Curable","Non_","Non","","","","Organiser_des_séances_de_formations"
25,"Masculin","Nord_kivu","celibataire_",1,"Universite_catholique_de_Bukavu_(_UCB)_","OUI","Mes_cours_a_l'_universite_\_Formation_médicale_Famille_/_Amis_Littérature_scientifique_/_Livres_",1,0,1,1,0,0,"","Une_prolifération_incontrôlée_de_cellules_anormales",0,1,0,0,0,"","Cancer_colorectal___Leucémie___Retinoblastome___cancer_du_sein__Lymphome__Meduloblastome__cancer_de_l'uterus__cancer_des_ovaires__cancer_de_poumons__Cancer_de_la_prostate__cancer_de_la_peau_",1,1,1,1,1,1,1,1,1,1,1,0,0,"","Tabagiste__Consomation_d'alocool__Mauvaise_alimentation_(e.g.,_excès_de_viande_rouge,_faible_en_fruits/légumes)_Infections_(e.g.,_HPV,_hépatite_B/C)_Exposition_à_des_substances_chimiques_/_Pollution_de_la_nature",1,1,1,0,1,1,0,0,0,0,0,0,"","Faux_","VRAI","Faux_","VRAI","VRAI","Faux_","VRAI","VRAI","Vaccination_(e.g.,_contre_HPV)_Dépistage_régulier_(e.g.,_mammographie,_frottis_cervical)_Arrêt_du_tabac_Alimentation_saine_et_exercice_physique__Examen_genetiques_pour_les_familles_a_risque",1,1,1,1,0,1,0,0,"","Patients_avec_un_cancer_cervical_ou_autre_type_","VRAI","si_detecte_et_pris_en_charge_au_stade_precoce_","Chirurgie__Chimiotherapie__Immunotherapie__Therapie_cible__Radiotherapie__traitement_paliatif_",1,1,1,1,1,1,0,0,0,"","Soulager_la_douleur_et_les_autres_symptômes_(dyspnée,_nausées,_anxiété)","","Diagnostic_tardif__Manque_d'accès_aux_traitements__Insuffisance_de_ressources_(e.g.,_équipements,_personnel_specialise_dans_sa_prise_en_charge_)_Niveau_d'education_de_la_population_bas__Facteurs_socioculturels_(e.g.,_recours_à_la_médecine_traditionnelle)____Pauvreté_/_Manque_de_moyens_financiers__",1,1,1,1,1,1,0,0,0,"","Oui","","Vaccination,_éducation_de_la_population,_dépistage_gratuites_dans_des_zones_à_risques_et_dépistage_précoce",3,"Faux_","Oui_,_moderement_","Elle_est_traitable","Oui","Oui","un_oncle_/Tente_","Traitement_médical_conventionnel_(e.g.,_hôpital)_","Décès__","Campagne_et_éducation_de_la_population"
25,"Feminin_","Sud_kivu","celibataire_",7,"Universite_Evangelique_en_Afrique_","OUI","Mes_cours_a_l'_universite_\_Formation_médicale_Expérience_clinique__durant_mon__Stages",1,0,0,0,1,0,"","Une_prolifération_incontrôlée_de_cellules_anormales",0,1,0,0,0,"","Cancer_colorectal___Leucémie___Retinoblastome___cancer_du_sein__cancer_de_l'uterus__cancer_de_poumons__Cancer_de_la_prostate__cancer_de_la_peau_",1,1,1,1,0,0,1,0,1,1,1,0,0,"","Tabagiste__Consomation_d'alocool__Exposition_à_des_substances_chimiques_/_Pollution_de_la_nature",1,1,0,0,0,1,0,0,0,0,0,0,"","Faux_","Je_ne_sais_pas_","Vrai_","VRAI","VRAI","Faux_","Faux_","VRAI","Vaccination_(e.g.,_contre_HPV)_Dépistage_régulier_(e.g.,_mammographie,_frottis_cervical)_Arrêt_du_tabac",1,1,1,0,0,0,0,0,"","Filles_avant_le_début_de_la_vie_sexuelle","Faux_","","Chirurgie__Chimiotherapie__Immunotherapie__traitement_paliatif_",1,1,1,0,0,1,0,0,0,"","Soulager_la_douleur_et_les_autres_symptômes_(dyspnée,_nausées,_anxiété)","","Diagnostic_tardif_",1,0,0,0,0,0,0,0,0,"","Oui","","Vaccination_et_éviter_le_tabac",2,"VRAI","Oui_,_beaucoup","Maladie_traitable","Non_","Non","","","","Adhésion_aux_traitements_et_à_la_prévention_Car_plus_ça_évolue_peut_être_metastasique_et_avoir_des_répercussions_sur_dautre_organe_(_prolifération)"
26,"Feminin_","Nord_kivu","celibataire_",11,"Universite_catholique_de_Graben_","OUI","Mes_cours_a_l'_universite_\_Formation_médicale_Médias_(TV,_radio,_internet)_Famille_/_Amis_Expérience_clinique__durant_mon__Stages",1,1,1,0,1,0,"","Une_prolifération_incontrôlée_de_cellules_anormales",0,1,0,0,0,"","Cancer_colorectal___Leucémie___Retinoblastome___cancer_du_sein__Lymphome__cancer_de_l'uterus__cancer_des_ovaires__cancer_de_poumons__Cancer_de_la_prostate__cancer_de_la_peau_",1,1,1,1,1,0,1,1,1,1,1,0,0,"","Tabagiste__Mauvaise_alimentation_(e.g.,_excès_de_viande_rouge,_faible_en_fruits/légumes)_Infections_(e.g.,_HPV,_hépatite_B/C)_Exposition_à_des_substances_chimiques_/_Pollution_de_la_nature_Facteurs_génétiques_/_Héréditaires_Vieillissement_(_age_)",1,0,1,0,1,1,1,1,0,0,0,0,"","Faux_","VRAI","Faux_","VRAI","Je_ne_sais_pas_","Faux_","Faux_","Je_ne_sais_pas_","Dépistage_régulier_(e.g.,_mammographie,_frottis_cervical)_Arrêt_du_tabac_Alimentation_saine_et_exercice_physique__Évitement_des_expositions_environnementales",0,1,1,1,1,0,0,0,"","Femmes_de_plus_de_50_ans_","VRAI","si_detecte_et_pris_en_charge_au_stade_precoce_","Chirurgie__Chimiotherapie__Radiotherapie_",1,1,0,0,1,0,0,0,0,"","Soutenir_laccompagnement_psychologique_et_spirituel","","Diagnostic_tardif__Niveau_d'education_de_la_population_bas__Facteurs_socioculturels_(e.g.,_recours_à_la_médecine_traditionnelle)____Pauvreté_/_Manque_de_moyens_financiers__",1,0,0,1,1,1,0,0,0,"","Non","Manque_des_spécialistes_en_oncologie_,_la_non_disponibilité_des_produits_et_leurs_coûts","Une_alimentation_saine,_arrêter_le_tabagisme_et_lalcoolisme,_chercher_un_moyen_de_prévention_chez_les_personnes_exposées_aux_rayons_ionisants",1,"VRAI","Oui_,_beaucoup","Maladie_traitable_si_diagnostiquée_à_temps_et_si_disponibilité_des_produits","Non_","Non","","","","Formation_des_personnels_de_santé_et_éducation_de_la_population"
25,"Feminin_","Nord_kivu","celibataire_",14,"Universite_catholique_de_Graben_","OUI","Mes_cours_a_l'_universite_\_Formation_médicale_Expérience_clinique__durant_mon__Stages",1,0,0,0,1,0,"","Une_prolifération_incontrôlée_de_cellules_anormales",0,1,0,0,0,"","_Leucémie____cancer_du_sein__cancer_de_l'uterus__Cancer_de_la_prostate__cancer_de_la_peau_",0,1,0,1,0,0,1,0,0,1,1,0,0,"","Infections_(e.g.,_HPV,_hépatite_B/C)_Facteurs_génétiques_/_Héréditaires",0,0,0,0,1,0,1,0,0,0,0,0,"","Faux_","VRAI","Je_ne_sais_pas_","Faux_","Faux_","Faux_","Faux_","Faux_","Dépistage_régulier_(e.g.,_mammographie,_frottis_cervical)_Examen_genetiques_pour_les_familles_a_risque",0,1,0,0,0,1,0,0,"","Filles_avant_le_début_de_la_vie_sexuelle","Je_ne_sais_pas_","","Chimiotherapie__Immunotherapie__Radiotherapie__traitement_paliatif_",0,1,1,0,1,1,0,0,0,"","Améliorer_la_qualité_de_vie_du_patient_et_de_sa_famille","","Diagnostic_tardif__Insuffisance_de_ressources_(e.g.,_équipements,_personnel_specialise_dans_sa_prise_en_charge_)_Niveau_d'education_de_la_population_bas__Facteurs_socioculturels_(e.g.,_recours_à_la_médecine_traditionnelle)___",1,0,1,1,1,0,0,0,0,"","Je_ne_sais_pas","","Depistage_regular",4,"VRAI","Oui_,_moderement_","Maladie_non_traitable","Non_","Non","","","","Le_diagnostic_rapide_Par_equipment_de_personnels_soignants_,"
25,"Feminin_","Nord_kivu","celibataire_",18,"Universite_catholique_de_Graben_","OUI","Mes_cours_a_l'_universite_\_Formation_médicale_Médias_(TV,_radio,_internet)_Famille_/_Amis_Littérature_scientifique_/_Livres__Expérience_clinique__durant_mon__Stages",1,1,1,1,1,0,"","Une_prolifération_incontrôlée_de_cellules_anormales",0,1,0,0,0,"","Cancer_colorectal___Leucémie___Retinoblastome___cancer_du_sein__Lymphome__Meduloblastome__cancer_de_l'uterus__cancer_des_ovaires__cancer_de_poumons__Cancer_de_la_prostate__cancer_de_la_peau_",1,1,1,1,1,1,1,1,1,1,1,0,0,"","Tabagiste__Consomation_d'alocool__Exposition_à_des_substances_chimiques_/_Pollution_de_la_nature_Facteurs_génétiques_/_Héréditaires",1,1,0,0,0,1,1,0,0,0,0,0,"","Faux_","VRAI","Vrai_","VRAI","VRAI","Faux_","Je_ne_sais_pas_","VRAI","Vaccination_(e.g.,_contre_HPV)_Dépistage_régulier_(e.g.,_mammographie,_frottis_cervical)_Arrêt_du_tabac_Évitement_des_expositions_environnementales_Examen_genetiques_pour_les_familles_a_risque",1,1,1,0,1,1,0,0,"","Filles_avant_le_début_de_la_vie_sexuelle","VRAI","si_detecte_et_pris_en_charge_au_stade_precoce_","Chirurgie__Chimiotherapie__Radiotherapie_",1,1,0,0,1,0,0,0,0,"","Soulager_la_douleur_et_les_autres_symptômes_(dyspnée,_nausées,_anxiété)","","Diagnostic_tardif__Manque_d'accès_aux_traitements__Insuffisance_de_ressources_(e.g.,_équipements,_personnel_specialise_dans_sa_prise_en_charge_)_Niveau_d'education_de_la_population_bas__Facteurs_socioculturels_(e.g.,_recours_à_la_médecine_traditionnelle)____Pauvreté_/_Manque_de_moyens_financiers__",1,1,1,1,1,1,0,0,0,"","Non","prévention_faible,_diagnostic_tardif,_accès_limité_aux_traitements","Vaccination_HPV_+_hépatite_B,__Lutte_contre_tabac/alcool,__Dépistage_du_cancer_du_col_(très_prioritaire),__Sensibilisation_de_la_population,__Renforcement_des_soins_de_santé_primaires",5,"VRAI","Oui_,_beaucoup","Traitable_si_prise_en_charge_à_temps","Non_","Oui","un_oncle_/Tente_","","","prévention,_dépistage_simple,__organisation_du_système"
25,"Feminin_","Nord_kivu","celibataire_",10,"Universite_catholique_de_Graben_","OUI","Mes_cours_a_l'_universite_\_Formation_médicale",1,0,0,0,0,0,"","Une_prolifération_incontrôlée_de_cellules_anormales",0,1,0,0,0,"","Cancer_colorectal___Leucémie___Retinoblastome___cancer_du_sein__cancer_de_l'uterus__cancer_de_poumons__Cancer_de_la_prostate__cancer_de_la_peau_",1,1,1,1,0,0,1,0,1,1,1,0,0,"","Tabagiste__Infections_(e.g.,_HPV,_hépatite_B/C)_Exposition_à_des_substances_chimiques_/_Pollution_de_la_nature_Facteurs_génétiques_/_Héréditaires_Vieillissement_(_age_)",1,0,0,0,1,1,1,1,0,0,0,0,"","Faux_","VRAI","Vrai_","VRAI","Je_ne_sais_pas_","Faux_","VRAI","VRAI","Dépistage_régulier_(e.g.,_mammographie,_frottis_cervical)_Arrêt_du_tabac_Évitement_des_expositions_environnementales_Examen_genetiques_pour_les_familles_a_risque",0,1,1,0,1,1,0,0,"","Filles_avant_le_début_de_la_vie_sexuelle","VRAI","si_detecte_et_pris_en_charge_au_stade_precoce_","Chirurgie__Chimiotherapie__Radiotherapie__traitement_paliatif_",1,1,0,0,1,1,0,0,0,"","Soulager_la_douleur_et_les_autres_symptômes_(dyspnée,_nausées,_anxiété)","","Diagnostic_tardif__Manque_d'accès_aux_traitements__Insuffisance_de_ressources_(e.g.,_équipements,_personnel_specialise_dans_sa_prise_en_charge_)_Pauvreté_/_Manque_de_moyens_financiers__",1,1,1,0,0,1,0,0,0,"","Non","Manque_déquipements_et_centre_doncologie","Depistage",2,"VRAI","Oui_,_beaucoup","Traitable","Non_","Oui","un_oncle_/Tente_","","","Avoir_un_centre_specialisé_doncologie"
22,"Feminin_","Sud_kivu","celibataire_",3,"Universite_Officielle_de_Bukavu_(_UOB)","OUI","Famille_/_Amis",0,0,1,0,0,0,"","Une_infection_aiguë",1,0,0,0,0,"","_cancer_du_sein__cancer_des_ovaires__Cancer_de_la_prostate_",0,0,0,1,0,0,0,1,0,1,0,0,0,"","Tabagiste__Infections_(e.g.,_HPV,_hépatite_B/C)_Exposition_à_des_substances_chimiques_/_Pollution_de_la_nature_Facteurs_génétiques_/_Héréditaires",1,0,0,0,1,1,1,0,0,0,0,0,"","Faux_","VRAI","Vrai_","VRAI","Je_ne_sais_pas_","Faux_","Je_ne_sais_pas_","Je_ne_sais_pas_","Vaccination_(e.g.,_contre_HPV)_Arrêt_du_tabac_Alimentation_saine_et_exercice_physique__Examen_genetiques_pour_les_familles_a_risque",1,0,1,1,0,1,0,0,"","Femmes_de_plus_de_50_ans_","VRAI","si_detecte_et_pris_en_charge_au_stade_precoce_","Chimiotherapie_",0,1,0,0,0,0,0,0,0,"","Soulager_la_douleur_et_les_autres_symptômes_(dyspnée,_nausées,_anxiété)","","Diagnostic_tardif__Manque_d'accès_aux_traitements_",1,1,0,0,0,0,0,0,0,"","Je_ne_sais_pas","","La_vaccination",2,"VRAI","Je_ne_sais_pas_","Traitable","Non_","Oui","Un_parent_","","","La_sensibilisation_au_vaccin_et_au_consultation_régulière"
26,"Masculin","Sud_kivu","celibataire_",9,"Universite_Officielle_de_Bukavu_(_UOB)","OUI","Mes_cours_a_l'_universite_\_Formation_médicale",1,0,0,0,0,0,"","Une_prolifération_incontrôlée_de_cellules_anormales",0,1,0,0,0,"","Cancer_colorectal___Leucémie___Retinoblastome___cancer_du_sein__Lymphome__cancer_de_poumons__Cancer_de_la_prostate_",1,1,1,1,1,0,0,0,1,1,0,0,0,"","Tabagiste__Consomation_d'alocool__Mauvaise_alimentation_(e.g.,_excès_de_viande_rouge,_faible_en_fruits/légumes)_Infections_(e.g.,_HPV,_hépatite_B/C)_Exposition_à_des_substances_chimiques_/_Pollution_de_la_nature_Facteurs_génétiques_/_Héréditaires",1,1,1,0,1,1,1,0,0,0,0,0,"","Faux_","VRAI","Vrai_","VRAI","Faux_","Faux_","VRAI","VRAI","Vaccination_(e.g.,_contre_HPV)_Dépistage_régulier_(e.g.,_mammographie,_frottis_cervical)_Alimentation_saine_et_exercice_physique_",1,1,0,1,0,0,0,0,"","Filles_avant_le_début_de_la_vie_sexuelle","VRAI","si_pris_en_charge_dans_un_centre_specialise_de_cancerologie_","Chirurgie__Chimiotherapie__Immunotherapie__Therapie_cible__Radiotherapie_",1,1,1,1,1,0,0,0,0,"","Soulager_la_douleur_et_les_autres_symptômes_(dyspnée,_nausées,_anxiété)","","Diagnostic_tardif__Manque_d'accès_aux_traitements__Insuffisance_de_ressources_(e.g.,_équipements,_personnel_specialise_dans_sa_prise_en_charge_)_Niveau_d'education_de_la_population_bas__Pauvreté_/_Manque_de_moyens_financiers__",1,1,1,1,0,1,0,0,0,"","Non","Manque_des_moyens_financiers","Dépistage_précoce",2,"VRAI","Oui_,_beaucoup","Non","Non_","Non","","","","Sensibiliser_les_populations_pour_la_prévention_des_certains_cancers"
35,"Feminin_","Sud_kivu","Marié",9,"Universite_Officielle_de_Bukavu_(_UOB)","OUI","Mes_cours_a_l'_universite_\_Formation_médicale_Médias_(TV,_radio,_internet)_Famille_/_Amis_Littérature_scientifique_/_Livres__Expérience_clinique__durant_mon__Stages",1,1,1,1,1,0,"","Une_prolifération_incontrôlée_de_cellules_anormales",0,1,0,0,0,"","Cancer_colorectal___Leucémie___Retinoblastome___cancer_du_sein__Lymphome__Meduloblastome__cancer_de_l'uterus__cancer_des_ovaires__cancer_de_poumons__Cancer_de_la_prostate__cancer_de_la_peau_",1,1,1,1,1,1,1,1,1,1,1,0,0,"","Tabagiste__Consomation_d'alocool__Infections_(e.g.,_HPV,_hépatite_B/C)_Exposition_à_des_substances_chimiques_/_Pollution_de_la_nature_Facteurs_génétiques_/_Héréditaires",1,1,0,0,1,1,1,0,0,0,0,0,"","Faux_","VRAI","Vrai_","VRAI","VRAI","Faux_","Faux_","VRAI","Vaccination_(e.g.,_contre_HPV)_Dépistage_régulier_(e.g.,_mammographie,_frottis_cervical)_Arrêt_du_tabac_Examen_genetiques_pour_les_familles_a_risque",1,1,1,0,0,1,0,0,"","Filles_avant_le_début_de_la_vie_sexuelle","VRAI","si_detecte_et_pris_en_charge_au_stade_precoce_","Chirurgie__Chimiotherapie__Radiotherapie__traitement_paliatif_",1,1,0,0,1,1,0,0,0,"","Soutenir_laccompagnement_psychologique_et_spirituel","","Diagnostic_tardif_",1,0,0,0,0,0,0,0,0,"","Oui","","Le_dépistage_précoce",5,"VRAI","Oui_,_beaucoup","Maladie_traitable","Non_","Non","","","","Le_dépistage_précoce"
25,"Feminin_","Sud_kivu","celibataire_",9,"Universite_Officielle_de_Bukavu_(_UOB)","OUI","Mes_cours_a_l'_universite_\_Formation_médicale",1,0,0,0,0,0,"","Une_prolifération_incontrôlée_de_cellules_anormales",0,1,0,0,0,"","Cancer_colorectal___Leucémie___Retinoblastome___cancer_du_sein__Lymphome__Meduloblastome__cancer_de_l'uterus__cancer_des_ovaires__cancer_de_poumons__Cancer_de_la_prostate__cancer_de_la_peau_",1,1,1,1,1,1,1,1,1,1,1,0,0,"","Tabagiste__Mauvaise_alimentation_(e.g.,_excès_de_viande_rouge,_faible_en_fruits/légumes)_Infections_(e.g.,_HPV,_hépatite_B/C)_Exposition_à_des_substances_chimiques_/_Pollution_de_la_nature_Facteurs_génétiques_/_Héréditaires",1,0,1,0,1,1,1,0,0,0,0,0,"","Faux_","VRAI","Je_ne_sais_pas_","VRAI","Je_ne_sais_pas_","Faux_","VRAI","Je_ne_sais_pas_","Vaccination_(e.g.,_contre_HPV)_Dépistage_régulier_(e.g.,_mammographie,_frottis_cervical)_Arrêt_du_tabac_Alimentation_saine_et_exercice_physique__Évitement_des_expositions_environnementales",1,1,1,1,1,0,0,0,"","Filles_avant_le_début_de_la_vie_sexuelle","VRAI","si_detecte_et_pris_en_charge_au_stade_precoce_","Chirurgie__Chimiotherapie__Immunotherapie__Radiotherapie_",1,1,1,0,1,0,0,0,0,"","Soulager_la_douleur_et_les_autres_symptômes_(dyspnée,_nausées,_anxiété)","","Diagnostic_tardif__Manque_d'accès_aux_traitements__Insuffisance_de_ressources_(e.g.,_équipements,_personnel_specialise_dans_sa_prise_en_charge_)",1,1,1,0,0,0,0,0,0,"","Non","Maque_des_vaccins,_le_diagnostic_est_posé_tardivement_et_les_médicaments_sont_inaccessibles","Disponibiliser_des_mesures_accessibles_pour_le_dépistage_pour_tous",1,"VRAI","Je_ne_sais_pas_","Traitable","Non_","Non","","","","Un_dépistage_gratuite_serait_bénéfique_pour_un_diagnostic_précoce"
29,"Masculin","Nord_kivu","celibataire_",10,"Universite_catholique_de_Graben_","OUI","Mes_cours_a_l'_universite_\_Formation_médicale_Littérature_scientifique_/_Livres__Expérience_clinique__durant_mon__Stages",1,0,0,1,1,0,"","Une_prolifération_incontrôlée_de_cellules_anormales",0,1,0,0,0,"","Cancer_colorectal___Leucémie___Retinoblastome___cancer_du_sein__Lymphome__Meduloblastome__cancer_de_l'uterus__cancer_des_ovaires__cancer_de_poumons__Cancer_de_la_prostate__cancer_de_la_peau_",1,1,1,1,1,1,1,1,1,1,1,0,0,"","Tabagiste__Consomation_d'alocool__Mauvaise_alimentation_(e.g.,_excès_de_viande_rouge,_faible_en_fruits/légumes)_Infections_(e.g.,_HPV,_hépatite_B/C)_Exposition_à_des_substances_chimiques_/_Pollution_de_la_nature_Facteurs_génétiques_/_Héréditaires",1,1,1,0,1,1,1,0,0,0,0,0,"","Faux_","VRAI","Vrai_","VRAI","VRAI","Faux_","VRAI","VRAI","Vaccination_(e.g.,_contre_HPV)_Dépistage_régulier_(e.g.,_mammographie,_frottis_cervical)_Arrêt_du_tabac_Alimentation_saine_et_exercice_physique__Évitement_des_expositions_environnementales_Examen_genetiques_pour_les_familles_a_risque",1,1,1,1,1,1,0,0,"","Femmes_de_plus_de_50_ans_","VRAI","si_detecte_et_pris_en_charge_au_stade_precoce_","Chirurgie__Chimiotherapie__Radiotherapie_",1,1,0,0,1,0,0,0,0,"","Soulager_la_douleur_et_les_autres_symptômes_(dyspnée,_nausées,_anxiété)","","Diagnostic_tardif__Pauvreté_/_Manque_de_moyens_financiers__",1,0,0,0,0,1,0,0,0,"","Non","Diagnostics_souvent_tardifs","Dépistage",3,"VRAI","Non_","Traitable","Non_","Oui","Un_frere_/soeur_","","","Sensibilisation_sur_le_dépistage_et_le_caractère_curable_si_diagnostic_et_traitement_précoces"
25,"Feminin_","Nord_kivu","celibataire_",13,"Universite_catholique_de_Graben_","OUI","Mes_cours_a_l'_universite_\_Formation_médicale_Médias_(TV,_radio,_internet)_Littérature_scientifique_/_Livres__Expérience_clinique__durant_mon__Stages",1,1,0,1,1,0,"","Une_prolifération_incontrôlée_de_cellules_anormales",0,1,0,0,0,"","Cancer_colorectal___cancer_du_sein__cancer_de_l'uterus__cancer_de_poumons__Cancer_de_la_prostate_",1,0,0,1,0,0,1,0,1,1,0,0,0,"","Tabagiste__Exposition_à_des_substances_chimiques_/_Pollution_de_la_nature",1,0,0,0,0,1,0,0,0,0,0,0,"","Je_ne_sais_pas_","VRAI","Vrai_","VRAI","VRAI","Faux_","Faux_","Faux_","Vaccination_(e.g.,_contre_HPV)_Dépistage_régulier_(e.g.,_mammographie,_frottis_cervical)_Arrêt_du_tabac_Examen_genetiques_pour_les_familles_a_risque",1,1,1,0,0,1,0,0,"","Filles_avant_le_début_de_la_vie_sexuelle","Faux_","","Chimiotherapie_",0,1,0,0,0,0,0,0,0,"","Soulager_la_douleur_et_les_autres_symptômes_(dyspnée,_nausées,_anxiété)","","Diagnostic_tardif__Niveau_d'education_de_la_population_bas__Pauvreté_/_Manque_de_moyens_financiers__",1,0,0,1,0,1,0,0,0,"","Je_ne_sais_pas","","Arrêt_du_tabac",5,"VRAI","Non_","Traitable","Non_","Non","","","","La_prévention"
30,"Masculin","Nord_kivu","celibataire_",14,"Universite_catholique_de_Graben_","OUI","Mes_cours_a_l'_universite_\_Formation_médicale",1,0,0,0,0,0,"","Une_prolifération_incontrôlée_de_cellules_anormales",0,1,0,0,0,"","Cancer_colorectal___Leucémie___Retinoblastome___cancer_du_sein__Lymphome__Meduloblastome__cancer_de_l'uterus__cancer_des_ovaires__cancer_de_poumons__Cancer_de_la_prostate__cancer_de_la_peau_",1,1,1,1,1,1,1,1,1,1,1,0,0,"","Tabagiste__Infections_(e.g.,_HPV,_hépatite_B/C)_Exposition_à_des_substances_chimiques_/_Pollution_de_la_nature_Facteurs_génétiques_/_Héréditaires",1,0,0,0,1,1,1,0,0,0,0,0,"","Faux_","VRAI","Faux_","Faux_","Je_ne_sais_pas_","Faux_","Faux_","VRAI","Dépistage_régulier_(e.g.,_mammographie,_frottis_cervical)_Arrêt_du_tabac_Examen_genetiques_pour_les_familles_a_risque",0,1,1,0,0,1,0,0,"","Filles_avant_le_début_de_la_vie_sexuelle","VRAI","si_detecte_et_pris_en_charge_au_stade_precoce_","Chirurgie__Chimiotherapie__Immunotherapie__Radiotherapie__traitement_paliatif_",1,1,1,0,1,1,0,0,0,"","Améliorer_la_qualité_de_vie_du_patient_et_de_sa_famille","","Insuffisance_de_ressources_(e.g.,_équipements,_personnel_specialise_dans_sa_prise_en_charge_)",0,0,1,0,0,0,0,0,0,"","Non","Manque_des_moyens","Éviter_les_facteurs_de_risque",4,"Faux_","Je_ne_sais_pas_","Maladie_organique","Non_","Non","","","","Sensibiliser_la_population_contre_les_facteurs_de_risque"
24,"Feminin_","Sud_kivu","celibataire_",7,"Universite_Evangelique_en_Afrique_","OUI","Mes_cours_a_l'_universite_\_Formation_médicale_Littérature_scientifique_/_Livres__Expérience_clinique__durant_mon__Stages",1,0,0,1,1,0,"","Une_prolifération_incontrôlée_de_cellules_anormales",0,1,0,0,0,"","Cancer_colorectal___Leucémie___Retinoblastome___cancer_du_sein__Meduloblastome__cancer_de_l'uterus__cancer_des_ovaires__cancer_de_poumons__Cancer_de_la_prostate__cancer_de_la_peau_",1,1,1,1,0,1,1,1,1,1,1,0,0,"","Tabagiste__Consomation_d'alocool__Infections_(e.g.,_HPV,_hépatite_B/C)",1,1,0,0,1,0,0,0,0,0,0,0,"","Faux_","VRAI","Vrai_","VRAI","Faux_","Faux_","VRAI","VRAI","Vaccination_(e.g.,_contre_HPV)_Dépistage_régulier_(e.g.,_mammographie,_frottis_cervical)_Arrêt_du_tabac_Alimentation_saine_et_exercice_physique__Évitement_des_expositions_environnementales_Examen_genetiques_pour_les_familles_a_risque",1,1,1,1,1,1,0,0,"","Filles_avant_le_début_de_la_vie_sexuelle","VRAI","si_detecte_et_pris_en_charge_au_stade_precoce_","Chirurgie__Chimiotherapie__Radiotherapie__traitement_paliatif_",1,1,0,0,1,1,0,0,0,"","Soulager_la_douleur_et_les_autres_symptômes_(dyspnée,_nausées,_anxiété)","","Diagnostic_tardif__Manque_d'accès_aux_traitements__Insuffisance_de_ressources_(e.g.,_équipements,_personnel_specialise_dans_sa_prise_en_charge_)_Niveau_d'education_de_la_population_bas__Facteurs_socioculturels_(e.g.,_recours_à_la_médecine_traditionnelle)____Pauvreté_/_Manque_de_moyens_financiers__",1,1,1,1,1,1,0,0,0,"","Non","Niveau_bas_d'éducation_de_la_population_et_insuffisance_de_ressources_en_milieu_hospitalier","Dépistage_gratuit_de_certains_cancers_et_vaccination",1,"VRAI","Oui_,_beaucoup","Le_cancer_est_une_maladie_traitable.","Non_","Non","","","","Créer_des_projets_de_soutien_et_prise_en_charge_des_patients_souffrant_des_cancers"
23,"Feminin_","Nord_kivu","celibataire_",11,"Universite_catholique_de_Graben_","OUI","Mes_cours_a_l'_universite_\_Formation_médicale",1,0,0,0,0,0,"","Une_prolifération_incontrôlée_de_cellules_anormales",0,1,0,0,0,"","cancer_de_l'uterus_",0,0,0,0,0,0,1,0,0,0,0,0,0,"","Tabagiste__Consomation_d'alocool__Infections_(e.g.,_HPV,_hépatite_B/C)",1,1,0,0,1,0,0,0,0,0,0,0,"","Je_ne_sais_pas_","VRAI","Vrai_","VRAI","Je_ne_sais_pas_","Je_ne_sais_pas_","Faux_","VRAI","Vaccination_(e.g.,_contre_HPV)_Dépistage_régulier_(e.g.,_mammographie,_frottis_cervical)_Arrêt_du_tabac",1,1,1,0,0,0,0,0,"","Filles_avant_le_début_de_la_vie_sexuelle","VRAI","si_detecte_et_pris_en_charge_au_stade_precoce_","Chirurgie__Chimiotherapie__Radiotherapie_",1,1,0,0,1,0,0,0,0,"","Soulager_la_douleur_et_les_autres_symptômes_(dyspnée,_nausées,_anxiété)","","Diagnostic_tardif__Niveau_d'education_de_la_population_bas__Facteurs_socioculturels_(e.g.,_recours_à_la_médecine_traditionnelle)____Pauvreté_/_Manque_de_moyens_financiers__",1,0,0,1,1,1,0,0,0,"","Non","Équipement","Dépistage_régulier",1,"VRAI","Oui_,_beaucoup","Traitable","Non_","Non","","","","Dépistage_regulier"
26,"Masculin","Nord_kivu","celibataire_",14,"Universite_catholique_de_Graben_","OUI","Mes_cours_a_l'_universite_\_Formation_médicale",1,0,0,0,0,0,"","Une_prolifération_incontrôlée_de_cellules_anormales",0,1,0,0,0,"","Cancer_colorectal___Leucémie___Retinoblastome___cancer_du_sein__Lymphome__cancer_de_l'uterus__cancer_des_ovaires__cancer_de_poumons__Cancer_de_la_prostate__cancer_de_la_peau_",1,1,1,1,1,0,1,1,1,1,1,0,0,"","Tabagiste__Infections_(e.g.,_HPV,_hépatite_B/C)_Exposition_à_des_substances_chimiques_/_Pollution_de_la_nature_Facteurs_génétiques_/_Héréditaires",1,0,0,0,1,1,1,0,0,0,0,0,"","Faux_","VRAI","Vrai_","VRAI","Je_ne_sais_pas_","Faux_","Je_ne_sais_pas_","VRAI","Vaccination_(e.g.,_contre_HPV)_Dépistage_régulier_(e.g.,_mammographie,_frottis_cervical)_Arrêt_du_tabac_Évitement_des_expositions_environnementales_Examen_genetiques_pour_les_familles_a_risque",1,1,1,0,1,1,0,0,"","Filles_avant_le_début_de_la_vie_sexuelle","VRAI","si_detecte_et_pris_en_charge_au_stade_precoce_","Chirurgie__Chimiotherapie__Therapie_cible__Radiotherapie__traitement_paliatif_",1,1,0,1,1,1,0,0,0,"","Soulager_la_douleur_et_les_autres_symptômes_(dyspnée,_nausées,_anxiété)","","Diagnostic_tardif__Manque_d'accès_aux_traitements__Insuffisance_de_ressources_(e.g.,_équipements,_personnel_specialise_dans_sa_prise_en_charge_)_Niveau_d'education_de_la_population_bas__Facteurs_socioculturels_(e.g.,_recours_à_la_médecine_traditionnelle)____Pauvreté_/_Manque_de_moyens_financiers__",1,1,1,1,1,1,0,0,0,"","Non","Manque_information,_vaccin_et_structure_et_personnel_spécifique","Formation_et_dépistage_de_cancers",3,"Je_ne_sais_pas_","Oui_,_beaucoup","Trainable","Non_","Non","","","","Information_de_la_communauté_et_dépistage"
30,"Masculin","Maniema_","Marié",16,"Universite_de_kindu_","OUI","Mes_cours_a_l'_universite_\_Formation_médicale",1,0,0,0,0,0,"","Une_prolifération_incontrôlée_de_cellules_anormales",0,1,0,0,0,"","Cancer_colorectal___Leucémie___Retinoblastome___cancer_du_sein__Lymphome__Meduloblastome__cancer_de_l'uterus__cancer_des_ovaires__cancer_de_poumons__Cancer_de_la_prostate__cancer_de_la_peau_",1,1,1,1,1,1,1,1,1,1,1,0,0,"","Tabagiste__Infections_(e.g.,_HPV,_hépatite_B/C)",1,0,0,0,1,0,0,0,0,0,0,0,"","Faux_","VRAI","Faux_","VRAI","VRAI","Faux_","VRAI","VRAI","Vaccination_(e.g.,_contre_HPV)_Dépistage_régulier_(e.g.,_mammographie,_frottis_cervical)",1,1,0,0,0,0,0,0,"","Filles_avant_le_début_de_la_vie_sexuelle","VRAI","si_detecte_et_pris_en_charge_au_stade_precoce_","Chirurgie__Chimiotherapie__Radiotherapie_",1,1,0,0,1,0,0,0,0,"","Soulager_la_douleur_et_les_autres_symptômes_(dyspnée,_nausées,_anxiété)","","Diagnostic_tardif_",1,0,0,0,0,0,0,0,0,"","Non","Éducation_insuffisance_à_la_population","Dépistage_précoce_et_vaccination_à_toutes_les_filles_en_âge_de_procréation",2,"VRAI","Oui_,_beaucoup","Une_vraie_maladie_que_la_population_ne_parviens_pas_à_comprendre_jusqu'à_présent_que_cette_maladie_existe","Non_","Non","","","","Prévention_et_prise_en_charge_précoce"
28,"Masculin","Maniema_","Marié",2,"Universite_de_kindu_","OUI","Mes_cours_a_l'_universite_\_Formation_médicale",1,0,0,0,0,0,"","Une_prolifération_incontrôlée_de_cellules_anormales",0,1,0,0,0,"","Cancer_colorectal___Leucémie___Retinoblastome___cancer_du_sein__Lymphome__Meduloblastome__cancer_de_l'uterus__cancer_des_ovaires__cancer_de_poumons__Cancer_de_la_prostate__cancer_de_la_peau_",1,1,1,1,1,1,1,1,1,1,1,0,0,"","Tabagiste__Infections_(e.g.,_HPV,_hépatite_B/C)_Exposition_à_des_substances_chimiques_/_Pollution_de_la_nature",1,0,0,0,1,1,0,0,0,0,0,0,"","Faux_","VRAI","Vrai_","VRAI","VRAI","Faux_","Faux_","VRAI","Dépistage_régulier_(e.g.,_mammographie,_frottis_cervical)_Arrêt_du_tabac_Évitement_des_expositions_environnementales_Examen_genetiques_pour_les_familles_a_risque",0,1,1,0,1,1,0,0,"","Filles_avant_le_début_de_la_vie_sexuelle","Faux_","","Chimiotherapie__Radiotherapie_",0,1,0,0,1,0,0,0,0,"","Soulager_la_douleur_et_les_autres_symptômes_(dyspnée,_nausées,_anxiété)","","Manque_d'accès_aux_traitements_",0,1,0,0,0,0,0,0,0,"","Non","Manque_d'éducation,_l'évolution_lente_de_certains_types_de_cancer,_le_problème_de_l'économie_financière","Vaccination_contre_le_vpm,_le_dépistage_volontaire,_renforcer_la_sensibilisation_et_l'éducation_sur_le_cancer_moyennant_la_formation_de_relais_communautaires",5,"VRAI","Non_","C'est_une_maladie_traitable","Non_","Non","","","","Diagnostique_plus_tôt_et_prévenir_d'avantage"
26,"Masculin","Maniema_","Marié",1,"Universite_de_kindu_","OUI","Mes_cours_a_l'_universite_\_Formation_médicale_Médias_(TV,_radio,_internet)_Famille_/_Amis_Littérature_scientifique_/_Livres_",1,1,1,1,0,0,"","Une_prolifération_incontrôlée_de_cellules_anormales",0,1,0,0,0,"","Cancer_colorectal___Leucémie___Retinoblastome___cancer_du_sein__Lymphome__Meduloblastome__cancer_de_l'uterus__cancer_des_ovaires__cancer_de_poumons__Cancer_de_la_prostate__cancer_de_la_peau_",1,1,1,1,1,1,1,1,1,1,1,0,0,"","Tabagiste__Consomation_d'alocool__Mauvaise_alimentation_(e.g.,_excès_de_viande_rouge,_faible_en_fruits/légumes)_Infections_(e.g.,_HPV,_hépatite_B/C)_Exposition_à_des_substances_chimiques_/_Pollution_de_la_nature_Mythes_culturels_(_sorcellerie)",1,1,1,0,1,1,0,0,1,0,0,0,"","Faux_","VRAI","Vrai_","VRAI","VRAI","Faux_","VRAI","VRAI","Vaccination_(e.g.,_contre_HPV)_Dépistage_régulier_(e.g.,_mammographie,_frottis_cervical)_Arrêt_du_tabac_Alimentation_saine_et_exercice_physique_",1,1,1,1,0,0,0,0,"","Filles_avant_le_début_de_la_vie_sexuelle","VRAI","si_detecte_et_pris_en_charge_au_stade_precoce_","Chirurgie__Chimiotherapie__Immunotherapie__Therapie_cible__Radiotherapie__traitement_paliatif__Traitement_traditionnel_/_Herbes_",1,1,1,1,1,1,1,0,0,"","Améliorer_la_qualité_de_vie_du_patient_et_de_sa_famille","","Diagnostic_tardif__Manque_d'accès_aux_traitements__Insuffisance_de_ressources_(e.g.,_équipements,_personnel_specialise_dans_sa_prise_en_charge_)_Niveau_d'education_de_la_population_bas__Facteurs_socioculturels_(e.g.,_recours_à_la_médecine_traditionnelle)____Pauvreté_/_Manque_de_moyens_financiers__",1,1,1,1,1,1,0,0,0,"","Non","les_cancers_ne_sont_pas_détecter_precocement","Traitement_precoce",5,"VRAI","Oui_,_beaucoup","Traitable","Oui","Oui","arriere_grand_parent_","Combinaison_des_deux_","Guérison__","Le_traitement_doit_être_precocement"
28,"Feminin_","Maniema_","celibataire_",1,"Universite_de_kindu_","OUI","Mes_cours_a_l'_universite_\_Formation_médicale",1,0,0,0,0,0,"","Une_infection_aiguë",1,0,0,0,0,"","_cancer_du_sein_",0,0,0,1,0,0,0,0,0,0,0,0,0,"","Facteurs_génétiques_/_Héréditaires",0,0,0,0,0,0,1,0,0,0,0,0,"","Faux_","VRAI","Vrai_","VRAI","Je_ne_sais_pas_","Faux_","Faux_","VRAI","Dépistage_régulier_(e.g.,_mammographie,_frottis_cervical)",0,1,0,0,0,0,0,0,"","Femmes_de_plus_de_50_ans_","VRAI","si_detecte_et_pris_en_charge_au_stade_precoce_","Chirurgie_",1,0,0,0,0,0,0,0,0,"","Soulager_la_douleur_et_les_autres_symptômes_(dyspnée,_nausées,_anxiété)","","Pauvreté_/_Manque_de_moyens_financiers__",0,0,0,0,0,1,0,0,0,"","Non","Non_manque_de_volonté_de_notre_gouvernement","Donnez_les_conseils_au_personne_touche_et_fait_de_campagne_pour_mobiliser_tout_ce_lui_qui_est_concerné_du_cancer",2,"VRAI","Oui_,_moderement_","C'est_une_maladie_traitable_et_non_maudible","Non_","Non","","","","Conseil_au_gens_qui_fume_de_laisser_à_fumer,_de_faire_de_campagne_de_mobilisation_pour_c'est_la_qui_sont_moins_informé_que_le_cancer."
26,"Masculin","Maniema_","celibataire_",1,"Universite_de_kindu_","OUI","Mes_cours_a_l'_universite_\_Formation_médicale",1,0,0,0,0,0,"","Une_prolifération_incontrôlée_de_cellules_anormales",0,1,0,0,0,"","cancer_de_poumons_",0,0,0,0,0,0,0,0,1,0,0,0,0,"","Tabagiste_",1,0,0,0,0,0,0,0,0,0,0,0,"","Faux_","VRAI","Vrai_","VRAI","VRAI","Faux_","Je_ne_sais_pas_","VRAI","Dépistage_régulier_(e.g.,_mammographie,_frottis_cervical)",0,1,0,0,0,0,0,0,"","Filles_avant_le_début_de_la_vie_sexuelle","VRAI","si_detecte_et_pris_en_charge_au_stade_precoce_","Chirurgie__Chimiotherapie__Radiotherapie__traitement_paliatif_",1,1,0,0,1,1,0,0,0,"","Soulager_la_douleur_et_les_autres_symptômes_(dyspnée,_nausées,_anxiété)","","Diagnostic_tardif__Manque_d'accès_aux_traitements__Insuffisance_de_ressources_(e.g.,_équipements,_personnel_specialise_dans_sa_prise_en_charge_)_Pauvreté_/_Manque_de_moyens_financiers__",1,1,1,0,0,1,0,0,0,"","Non","Manque_de_moyens_financiers,_non_équipements_de_structures_sanitaires,__manque_des_personnels_bien_formés_au_sujets_du_cancer","Autopalpation_de_sein_et_de_testicule,__dépistage_réguliers",1,"Je_ne_sais_pas_","Oui_,_moderement_","Traitable","Non_","Non","","","","Éduquer_la_population_sur_l'autopalpation_des_sein_et_testicule,_equipé_les_structures_sanitaires__et__former_les_personnels__médicales_sur_le_cancer"
27,"Masculin","Maniema_","celibataire_",1,"Universite_de_kindu_","OUI","Mes_cours_a_l'_universite_\_Formation_médicale",1,0,0,0,0,0,"","Une_prolifération_incontrôlée_de_cellules_anormales",0,1,0,0,0,"","_cancer_du_sein_",0,0,0,1,0,0,0,0,0,0,0,0,0,"","Facteurs_génétiques_/_Héréditaires",0,0,0,0,0,0,1,0,0,0,0,0,"","Faux_","VRAI","Faux_","VRAI","VRAI","Faux_","VRAI","VRAI","Dépistage_régulier_(e.g.,_mammographie,_frottis_cervical)",0,1,0,0,0,0,0,0,"","Filles_avant_le_début_de_la_vie_sexuelle","VRAI","si_detecte_et_pris_en_charge_au_stade_precoce_","Radiotherapie_",0,0,0,0,1,0,0,0,0,"","Soulager_la_douleur_et_les_autres_symptômes_(dyspnée,_nausées,_anxiété)","","Diagnostic_tardif_",1,0,0,0,0,0,0,0,0,"","Non","Manque_d'équipements_et_personnels","Dépistage_précoce,_vaccination",1,"VRAI","Oui_,_beaucoup","Traitable_si_le_dépistage_est_précoce","Non_","Oui","un_oncle_/Tente_","","","Renforcer_les_équipements_dans_les_hôpitaux_et_maîtres_les_personnels_qualifiés_en_cancérologie"
28,"Masculin","Maniema_","Marié",14,"Universite_de_kindu_","OUI","Mes_cours_a_l'_universite_\_Formation_médicale_Littérature_scientifique_/_Livres__Expérience_clinique__durant_mon__Stages",1,0,0,1,1,0,"","Une_prolifération_incontrôlée_de_cellules_anormales",0,1,0,0,0,"","Cancer_colorectal___Leucémie____cancer_du_sein__Lymphome__cancer_de_l'uterus__cancer_de_poumons__Cancer_de_la_prostate_",1,1,0,1,1,0,1,0,1,1,0,0,0,"","Tabagiste__Mauvaise_alimentation_(e.g.,_excès_de_viande_rouge,_faible_en_fruits/légumes)_Infections_(e.g.,_HPV,_hépatite_B/C)",1,0,1,0,1,0,0,0,0,0,0,0,"","Faux_","VRAI","Vrai_","VRAI","Je_ne_sais_pas_","Faux_","Faux_","VRAI","Vaccination_(e.g.,_contre_HPV)_Dépistage_régulier_(e.g.,_mammographie,_frottis_cervical)_Arrêt_du_tabac_Évitement_des_expositions_environnementales",1,1,1,0,1,0,0,0,"","Filles_avant_le_début_de_la_vie_sexuelle","VRAI","si_detecte_et_pris_en_charge_au_stade_precoce_","Chirurgie__Chimiotherapie__Immunotherapie__traitement_paliatif_",1,1,1,0,0,1,0,0,0,"","Soulager_la_douleur_et_les_autres_symptômes_(dyspnée,_nausées,_anxiété)","","Diagnostic_tardif__Manque_d'accès_aux_traitements__Insuffisance_de_ressources_(e.g.,_équipements,_personnel_specialise_dans_sa_prise_en_charge_)_Pauvreté_/_Manque_de_moyens_financiers__",1,1,1,0,0,1,0,0,0,"","Non","Manque_des_personnels_spécialisés_dans_le_domaine_de_cancérologie_dans_les_différents_coin_de_la_RDC","Se_faire_consulter_à_temps,_diagnostic_précoce,_pris_en_charge_précoce,_et_avoir_des_personnels_spécialisés_dans_les_hôpitaux,...",5,"VRAI","Oui_,_moderement_","Traitable_si_le_diagnostic_est_posé_à_temps","Non_","Non","","","","Dépistage_précoce"
30,"Masculin","Maniema_","celibataire_",15,"Universite_de_kindu_","OUI","Mes_cours_a_l'_universite_\_Formation_médicale",1,0,0,0,0,0,"","Une_infection_aiguë",1,0,0,0,0,"","_cancer_du_sein_",0,0,0,1,0,0,0,0,0,0,0,0,0,"","Tabagiste__Mauvaise_alimentation_(e.g.,_excès_de_viande_rouge,_faible_en_fruits/légumes)",1,0,1,0,0,0,0,0,0,0,0,0,"","VRAI","VRAI","Vrai_","VRAI","VRAI","Faux_","VRAI","VRAI","Vaccination_(e.g.,_contre_HPV)_Arrêt_du_tabac",1,0,1,0,0,0,0,0,"","Femmes_de_plus_de_50_ans_","Faux_","","Chimiotherapie_",0,1,0,0,0,0,0,0,0,"","Soulager_la_douleur_et_les_autres_symptômes_(dyspnée,_nausées,_anxiété)","","Diagnostic_tardif_",1,0,0,0,0,0,0,0,0,"","Oui","","Diminuer_la_consommation_de_tabac_et_alcool",1,"VRAI","Oui_,_moderement_","Il_faut_se_prévenir","Oui","Oui","Un_parent_","Traitement_médical_conventionnel_(e.g.,_hôpital)_","Guérison__","La_prévention"
27,"Masculin","Autre_province_","celibataire_",1,"Universite_de_kindu_","OUI","Mes_cours_a_l'_universite_\_Formation_médicale",1,0,0,0,0,0,"","Une_prolifération_incontrôlée_de_cellules_anormales",0,1,0,0,0,"","Cancer_colorectal___Leucémie___Retinoblastome___cancer_du_sein__Lymphome__Meduloblastome__cancer_de_l'uterus__cancer_des_ovaires__cancer_de_poumons__Cancer_de_la_prostate__cancer_de_la_peau_",1,1,1,1,1,1,1,1,1,1,1,0,0,"","Tabagiste__Consomation_d'alocool__Infections_(e.g.,_HPV,_hépatite_B/C)_Exposition_à_des_substances_chimiques_/_Pollution_de_la_nature_Facteurs_génétiques_/_Héréditaires_Vieillissement_(_age_)",1,1,0,0,1,1,1,1,0,0,0,0,"","Faux_","VRAI","Vrai_","VRAI","VRAI","Faux_","VRAI","VRAI","Vaccination_(e.g.,_contre_HPV)_Dépistage_régulier_(e.g.,_mammographie,_frottis_cervical)_Arrêt_du_tabac_Évitement_des_expositions_environnementales_Examen_genetiques_pour_les_familles_a_risque",1,1,1,0,1,1,0,0,"","Filles_avant_le_début_de_la_vie_sexuelle","VRAI","si_detecte_et_pris_en_charge_au_stade_precoce_","Chirurgie__Chimiotherapie__Immunotherapie__Radiotherapie_",1,1,1,0,1,0,0,0,0,"","Soulager_la_douleur_et_les_autres_symptômes_(dyspnée,_nausées,_anxiété)","","Diagnostic_tardif__Manque_d'accès_aux_traitements__Insuffisance_de_ressources_(e.g.,_équipements,_personnel_specialise_dans_sa_prise_en_charge_)_Niveau_d'education_de_la_population_bas__Facteurs_socioculturels_(e.g.,_recours_à_la_médecine_traditionnelle)____Pauvreté_/_Manque_de_moyens_financiers__",1,1,1,1,1,1,0,0,0,"","Non","Manque_des_matériels_nécessaires,_manque_de_la_sensibilisation_jusqu'au_fin_fond_de_la_population_(_niveau_de_base),_nombre_insuffisant_des_spécialistes_et_techniciens_habilités_en_cancérologie","Suppression_des_facteurs_favorisants(_tabac,_rapport_sexuel_précoce_et_non_protégé),_se_faire_dépister_précocement,_la_vaccination,_amélioration_de_la_vie_socio-économique_de_la_population_afin_d'avoir_accès_au_traitement",1,"VRAI","Oui_,_beaucoup","C'est_une_maladie_traitable","Non_","Non","","","","Multiplier_le_nombre_des_centres_pour_le_dépistage,_augmenter_le_nombre_des_personnels_qualifiés_dans_tous_les_coins_de_la_région,_équiper_les_centres_de_cancérologie,_la_formation_continue_des_personnels."
26,"Masculin","Maniema_","celibataire_",18,"Universite_de_kindu_","OUI","Mes_cours_a_l'_universite_\_Formation_médicale",1,0,0,0,0,0,"","Une_infection_aiguë_Une_prolifération_incontrôlée_de_cellules_anormales_Une_inflammation_passagère",1,1,1,0,0,"","Cancer_colorectal___Leucémie___Retinoblastome___cancer_du_sein__Meduloblastome__cancer_de_l'uterus__cancer_des_ovaires__Cancer_de_la_prostate__cancer_de_la_peau_",1,1,1,1,0,1,1,1,0,1,1,0,0,"","Tabagiste__Consomation_d'alocool__Mauvaise_alimentation_(e.g.,_excès_de_viande_rouge,_faible_en_fruits/légumes)_Manque_d'exercice_physique_Infections_(e.g.,_HPV,_hépatite_B/C)_Exposition_à_des_substances_chimiques_/_Pollution_de_la_nature_Facteurs_génétiques_/_Héréditaires_Vieillissement_(_age_)",1,1,1,1,1,1,1,1,0,0,0,0,"","VRAI","VRAI","Vrai_","VRAI","VRAI","VRAI","VRAI","VRAI","Vaccination_(e.g.,_contre_HPV)_Dépistage_régulier_(e.g.,_mammographie,_frottis_cervical)_Arrêt_du_tabac_Alimentation_saine_et_exercice_physique__Évitement_des_expositions_environnementales",1,1,1,1,1,0,0,0,"","Filles_avant_le_début_de_la_vie_sexuelle","VRAI","si_detecte_et_pris_en_charge_au_stade_precoce_","Chirurgie__Chimiotherapie__Immunotherapie__Therapie_cible__Radiotherapie_",1,1,1,1,1,0,0,0,0,"","Soulager_la_douleur_et_les_autres_symptômes_(dyspnée,_nausées,_anxiété)","","Diagnostic_tardif__Manque_d'accès_aux_traitements__Insuffisance_de_ressources_(e.g.,_équipements,_personnel_specialise_dans_sa_prise_en_charge_)_Niveau_d'education_de_la_population_bas__Facteurs_socioculturels_(e.g.,_recours_à_la_médecine_traditionnelle)___",1,1,1,1,1,0,0,0,0,"","Oui","","Dépistage_précoce",3,"VRAI","Oui_,_beaucoup","Traiter","Non_","Non","","","","Dépistage_précoce"
26,"Feminin_","Maniema_","celibataire_",2,"Universite_de_kindu_","OUI","Mes_cours_a_l'_universite_\_Formation_médicale",1,0,0,0,0,0,"Radio","Une_prolifération_incontrôlée_de_cellules_anormales",0,1,0,0,0,"","_cancer_du_sein_",0,0,0,1,0,0,0,0,0,0,0,0,0,"","Facteurs_génétiques_/_Héréditaires",0,0,0,0,0,0,1,0,0,0,0,0,"","Faux_","VRAI","Vrai_","VRAI","VRAI","Faux_","VRAI","VRAI","Dépistage_régulier_(e.g.,_mammographie,_frottis_cervical)",0,1,0,0,0,0,0,0,"","Femmes_de_plus_de_50_ans","VRAI","","Chirurgie__Chimiotherapie__Immunotherapie__Radiotherapie__traitement_paliatif_",1,1,1,0,1,1,0,0,0,"Traitement_palliatif_s'il_y_a_déjà_des_métastases","Soulager_la_douleur_et_les_autres_symptômes_(dyspnée,_nausées,_anxiété)","Soulage_la_douleur_pas_d'autres","Diagnostic_tardif__Manque_d'accès_aux_traitements_",1,1,0,0,0,0,0,0,0,"Manque_des_moyens_pour_faire_les_dépistage_précoce","Non","","Pas_des_rapports_sexuels_non_protégés,_dépistage_précoce",1,"Faux_","Oui_,_moderement_","Traitable","Non_","Non","","","","Dépistage_gratuit_et_précoce"
26,"Feminin_","Maniema_","celibataire_",2,"Universite_de_kindu_","OUI","Mes_cours_a_l'_universite_\_Formation_médicale",1,0,0,0,0,0,"Radio","Une_prolifération_incontrôlée_de_cellules_anormales",0,1,0,0,0,"","_cancer_du_sein_",0,0,0,1,0,0,0,0,0,0,0,0,0,"","Exposition_à_des_substances_chimiques_/_Pollution_de_la_nature",0,0,0,0,0,1,0,0,0,0,0,0,"","Faux_","VRAI","Vrai_","VRAI","VRAI","Faux_","VRAI","VRAI","Vaccination_(e.g.,_contre_HPV)_Dépistage_régulier_(e.g.,_mammographie,_frottis_cervical)_Arrêt_du_tabac_Examen_genetiques_pour_les_familles_a_risque",1,1,1,0,0,1,0,0,"Utilisation_des_tabliers_pour_les_qui_travaillent_à_la_radiographie,_rapport_sexuel_protégé","Femmes_de_plus_de_50_ans","VRAI","","Chimiotherapie__Immunotherapie__Radiotherapie__traitement_paliatif_",0,1,1,0,1,1,0,0,0,"","Soulager_la_douleur_et_les_autres_symptômes_(dyspnée,_nausées,_anxiété)","Diminuer_la_douleur","Diagnostic_tardif_",1,0,0,0,0,0,0,0,0,"Manque_de_moyen_pour_faire_le_dépistage_précoce","Non","","Dépistage_précoce_des_cancers",1,"Faux_","Oui_,_moderement_","Traitable","Non_","Non","","","","Dépistage_précoce"
22,"Masculin","Maniema_","celibataire_",2,"Universite_de_kindu_","OUI","Mes_cours_a_l'_universite_\_Formation_médicale",1,0,0,0,0,0,"","Une_prolifération_incontrôlée_de_cellules_anormales",0,1,0,0,0,"","Cancer_colorectal___Leucémie___Retinoblastome___cancer_du_sein__Lymphome__Meduloblastome__cancer_de_l'uterus__cancer_des_ovaires__cancer_de_poumons__Cancer_de_la_prostate__cancer_de_la_peau_",1,1,1,1,1,1,1,1,1,1,1,0,0,"","Tabagiste__Consomation_d'alocool__Mauvaise_alimentation_(e.g.,_excès_de_viande_rouge,_faible_en_fruits/légumes)_Manque_d'exercice_physique_Infections_(e.g.,_HPV,_hépatite_B/C)_Exposition_à_des_substances_chimiques_/_Pollution_de_la_nature_Facteurs_génétiques_/_Héréditaires_Vieillissement_(_age_)_Mythes_culturels_(_sorcellerie)",1,1,1,1,1,1,1,1,1,0,0,0,"","Faux_","VRAI","Vrai_","VRAI","VRAI","VRAI","VRAI","VRAI","Vaccination_(e.g.,_contre_HPV)_Dépistage_régulier_(e.g.,_mammographie,_frottis_cervical)_Arrêt_du_tabac_Alimentation_saine_et_exercice_physique__Évitement_des_expositions_environnementales_Examen_genetiques_pour_les_familles_a_risque",1,1,1,1,1,1,0,0,"","Femmes_de_plus_de_50_ans_","VRAI","si_detecte_et_pris_en_charge_au_stade_precoce_","Chirurgie__Chimiotherapie__Immunotherapie__Therapie_cible__Radiotherapie__traitement_paliatif__Traitement_traditionnel_/_Herbes_",1,1,1,1,1,1,1,0,0,"","Soulager_la_douleur_et_les_autres_symptômes_(dyspnée,_nausées,_anxiété)","","Diagnostic_tardif_",1,0,0,0,0,0,0,0,0,"","Non","Manque_de_volonté_des_autorités_du_pays","Mettre_en_place_une_équipe_spécialisée_qui_sera_là_pour_informer_la_population_sur_les_facteurs_de_risques_et_comment_prévenir_le_cancer,_cela_réduirait_d'avantage_les_dégât_liés_au_cancer",5,"VRAI","Oui_,_beaucoup","C'est_une_maladie_comme_les_autres","Non_","Non","","","","Informer_la_population_sur_l'existence_et_les_dégâts_que_le_cancer_peut_causer_et_aussi_le_gouvernement_doit_mettre_en_place_une_équipe_spécialisée_qui_sera_là_pour_la_dépistage_du_cancer_chaque_fin_de_trimestre"
29,"Masculin","Maniema_","celibataire_",12,"Universite_de_kindu_","OUI","Mes_cours_a_l'_universite_\_Formation_médicale",1,0,0,0,0,0,"","Une_prolifération_incontrôlée_de_cellules_anormales",0,1,0,0,0,"","_Leucémie____cancer_du_sein__Lymphome__cancer_de_l'uterus__cancer_des_ovaires__Cancer_de_la_prostate__cancer_de_la_peau_",0,1,0,1,1,0,1,1,0,1,1,0,0,"","Tabagiste__Consomation_d'alocool__Mauvaise_alimentation_(e.g.,_excès_de_viande_rouge,_faible_en_fruits/légumes)_Manque_d'exercice_physique_Infections_(e.g.,_HPV,_hépatite_B/C)_Exposition_à_des_substances_chimiques_/_Pollution_de_la_nature_Facteurs_génétiques_/_Héréditaires_Vieillissement_(_age_)",1,1,1,1,1,1,1,1,0,0,0,0,"","VRAI","VRAI","Vrai_","VRAI","VRAI","Faux_","Je_ne_sais_pas_","Je_ne_sais_pas_","Vaccination_(e.g.,_contre_HPV)_Dépistage_régulier_(e.g.,_mammographie,_frottis_cervical)_Arrêt_du_tabac_Alimentation_saine_et_exercice_physique__Évitement_des_expositions_environnementales_Examen_genetiques_pour_les_familles_a_risque",1,1,1,1,1,1,0,0,"","Filles_avant_le_début_de_la_vie_sexuelle","VRAI","si_detecte_et_pris_en_charge_au_stade_precoce_","Chirurgie__Chimiotherapie__Immunotherapie__Radiotherapie_",1,1,1,0,1,0,0,0,0,"","Soulager_la_douleur_et_les_autres_symptômes_(dyspnée,_nausées,_anxiété)","","Diagnostic_tardif__Manque_d'accès_aux_traitements__Niveau_d'education_de_la_population_bas__Pauvreté_/_Manque_de_moyens_financiers__",1,1,0,1,0,1,0,0,0,"","Je_ne_sais_pas","","Dépistage",5,"VRAI","Je_ne_sais_pas_","Traitable","Non_","Non","","","","Dépistage"
25,"Masculin","Maniema_","celibataire_",11,"Universite_de_kindu_","OUI","Littérature_scientifique_/_Livres_",0,0,0,1,0,0,"","Une_prolifération_incontrôlée_de_cellules_anormales",0,1,0,0,0,"","_Leucémie____cancer_du_sein__Lymphome__cancer_des_ovaires__cancer_de_poumons__Cancer_de_la_prostate__cancer_de_la_peau_",0,1,0,1,1,0,0,1,1,1,1,0,0,"","Tabagiste__Infections_(e.g.,_HPV,_hépatite_B/C)_Exposition_à_des_substances_chimiques_/_Pollution_de_la_nature",1,0,0,0,1,1,0,0,0,0,0,0,"","Faux_","VRAI","Vrai_","VRAI","Faux_","Faux_","Faux_","VRAI","Vaccination_(e.g.,_contre_HPV)_Dépistage_régulier_(e.g.,_mammographie,_frottis_cervical)_Arrêt_du_tabac_Alimentation_saine_et_exercice_physique__Évitement_des_expositions_environnementales",1,1,1,1,1,0,0,0,"","Filles_avant_le_début_de_la_vie_sexuelle","Faux_","","Chirurgie__Chimiotherapie__Radiotherapie_",1,1,0,0,1,0,0,0,0,"","Soulager_la_douleur_et_les_autres_symptômes_(dyspnée,_nausées,_anxiété)","","Diagnostic_tardif__Insuffisance_de_ressources_(e.g.,_équipements,_personnel_specialise_dans_sa_prise_en_charge_)_Niveau_d'education_de_la_population_bas_",1,0,1,1,0,0,0,0,0,"","Oui","","Sensibilisation_forte_et_la_vaccination_contre_les_germes_cancérigènes_à_l'occurence_de_HPV",1,"Faux_","Oui_,_beaucoup","Traitable","Non_","Oui","autre_","","","Une_forte_sensibilisation_et_améliorer_la_prise_en_charge_preventive,"
18,"Feminin_","Maniema_","celibataire_",1,"Universite_de_kindu_","OUI","Mes_cours_a_l'_universite_\_Formation_médicale_Médias_(TV,_radio,_internet)_Famille_/_Amis_Littérature_scientifique_/_Livres_",1,1,1,1,0,0,"","Une_prolifération_incontrôlée_de_cellules_anormales",0,1,0,0,0,"","_cancer_du_sein__cancer_de_poumons_",0,0,0,1,0,0,0,0,1,0,0,0,0,"","Tabagiste__Consomation_d'alocool__Mauvaise_alimentation_(e.g.,_excès_de_viande_rouge,_faible_en_fruits/légumes)_Manque_d'exercice_physique_Infections_(e.g.,_HPV,_hépatite_B/C)_Exposition_à_des_substances_chimiques_/_Pollution_de_la_nature_Facteurs_génétiques_/_Héréditaires",1,1,1,1,1,1,1,0,0,0,0,0,"","Faux_","VRAI","Vrai_","VRAI","Je_ne_sais_pas_","Faux_","Faux_","Je_ne_sais_pas_","Vaccination_(e.g.,_contre_HPV)_Alimentation_saine_et_exercice_physique__Évitement_des_expositions_environnementales_Examen_genetiques_pour_les_familles_a_risque",1,0,0,1,1,1,0,0,"","Filles_avant_le_début_de_la_vie_sexuelle","VRAI","si_detecte_et_pris_en_charge_au_stade_precoce_","Chirurgie__Chimiotherapie__traitement_paliatif__Traitement_traditionnel_/_Herbes_",1,1,0,0,0,1,1,0,0,"","Être_intégrés_précocement_dans_la_prise_en_charge_des_cancers_avancés","","Diagnostic_tardif__Manque_d'accès_aux_traitements__Insuffisance_de_ressources_(e.g.,_équipements,_personnel_specialise_dans_sa_prise_en_charge_)_Facteurs_socioculturels_(e.g.,_recours_à_la_médecine_traditionnelle)____Pauvreté_/_Manque_de_moyens_financiers__",1,1,1,0,1,1,0,0,0,"","Oui","","Réduire_l'exposition_aux_substances_chimiques",3,"Je_ne_sais_pas_","Oui_,_beaucoup","st_une_maladie_traitable","Non_","Non","","","","Lutter_contre_le_tabagisme,_l'alcool,_l'exposition_aux_substances_chimiques,etc."
27,"Masculin","Maniema_","Marié",14,"Universite_de_kindu_","OUI","Mes_cours_a_l'_universite_\_Formation_médicale",1,0,0,0,0,0,"","Une_prolifération_incontrôlée_de_cellules_anormales",0,1,0,0,0,"","_cancer_du_sein__cancer_de_poumons_",0,0,0,1,0,0,0,0,1,0,0,0,0,"","Consomation_d'alocool_",0,1,0,0,0,0,0,0,0,0,0,0,"","Faux_","VRAI","Faux_","VRAI","VRAI","Faux_","Faux_","VRAI","Dépistage_régulier_(e.g.,_mammographie,_frottis_cervical)",0,1,0,0,0,0,0,0,"","Filles_avant_le_début_de_la_vie_sexuelle","VRAI","si_detecte_et_pris_en_charge_au_stade_precoce_","Chimiotherapie_",0,1,0,0,0,0,0,0,0,"","Être_intégrés_précocement_dans_la_prise_en_charge_des_cancers_avancés","","Facteurs_socioculturels_(e.g.,_recours_à_la_médecine_traditionnelle)___",0,0,0,0,1,0,0,0,0,"","Oui","","Dépistage",1,"Faux_","Oui_,_beaucoup","Maudite","Non_","Oui","Grand_parents_","","","Le_dépistage_et_la_chimiothérapie"
30,"Masculin","Maniema_","celibataire_",14,"Universite_de_kindu_","OUI","Mes_cours_a_l'_universite_\_Formation_médicale",1,0,0,0,0,0,"","Une_prolifération_incontrôlée_de_cellules_anormales",0,1,0,0,0,"","_cancer_du_sein_",0,0,0,1,0,0,0,0,0,0,0,0,0,"","Tabagiste__Facteurs_génétiques_/_Héréditaires",1,0,0,0,0,0,1,0,0,0,0,0,"","Faux_","VRAI","Vrai_","VRAI","Je_ne_sais_pas_","VRAI","Faux_","VRAI","Vaccination_(e.g.,_contre_HPV)_Dépistage_régulier_(e.g.,_mammographie,_frottis_cervical)_Évitement_des_expositions_environnementales",1,1,0,0,1,0,0,0,"","Patients_avec_un_cancer_cervical_ou_autre_type_","VRAI","si_detecte_et_pris_en_charge_au_stade_precoce_","Chirurgie__Chimiotherapie_",1,1,0,0,0,0,0,0,0,"","Soulager_la_douleur_et_les_autres_symptômes_(dyspnée,_nausées,_anxiété)","","Diagnostic_tardif__Insuffisance_de_ressources_(e.g.,_équipements,_personnel_specialise_dans_sa_prise_en_charge_)_Facteurs_socioculturels_(e.g.,_recours_à_la_médecine_traditionnelle)___",1,0,1,0,1,0,0,0,0,"","Je_ne_sais_pas","","Sensibilisation",2,"VRAI","Oui_,_beaucoup","C'est_une_maladie_comme_toute_autre","Non_","Non","","","","Encourager_le_dépistage_précoce_et_instaurer_un_traitement_adéquat"
27,"Masculin","Sud_kivu","celibataire_",10,"Universite_catholique_de_Graben_","OUI","Mes_cours_a_l'_universite_\_Formation_médicale",1,0,0,0,0,0,"","Une_prolifération_incontrôlée_de_cellules_anormales",0,1,0,0,0,"","Cancer_colorectal___Leucémie___Retinoblastome___cancer_du_sein__Lymphome__Meduloblastome__cancer_de_l'uterus__cancer_des_ovaires__cancer_de_poumons__Cancer_de_la_prostate__cancer_de_la_peau_",1,1,1,1,1,1,1,1,1,1,1,0,0,"","Tabagiste__Consomation_d'alocool__Exposition_à_des_substances_chimiques_/_Pollution_de_la_nature_Facteurs_génétiques_/_Héréditaires",1,1,0,0,0,1,1,0,0,0,0,0,"","Faux_","VRAI","Vrai_","VRAI","Je_ne_sais_pas_","Faux_","Faux_","VRAI","Vaccination_(e.g.,_contre_HPV)_Dépistage_régulier_(e.g.,_mammographie,_frottis_cervical)_Arrêt_du_tabac_Examen_genetiques_pour_les_familles_a_risque",1,1,1,0,0,1,0,0,"","Filles_avant_le_début_de_la_vie_sexuelle","Faux_","","Chimiotherapie__Immunotherapie__Radiotherapie__traitement_paliatif_",0,1,1,0,1,1,0,0,0,"","Soulager_la_douleur_et_les_autres_symptômes_(dyspnée,_nausées,_anxiété)","","Diagnostic_tardif__Manque_d'accès_aux_traitements__Insuffisance_de_ressources_(e.g.,_équipements,_personnel_specialise_dans_sa_prise_en_charge_)_Pauvreté_/_Manque_de_moyens_financiers__",1,1,1,0,0,1,0,0,0,"","Oui","","Vaccination_et_dépistage_en_temps",5,"VRAI","Non_","Traitable_si_diagnostiqué_en_temps","Non_","Non","","","","Sensibilisation+_vaccination"
24,"Masculin","Maniema_","celibataire_",2,"Universite_de_kindu_","OUI","Mes_cours_a_l'_universite_\_Formation_médicale_Médias_(TV,_radio,_internet)_Littérature_scientifique_/_Livres_",1,1,0,1,0,0,"","Une_infection_aiguë_Une_prolifération_incontrôlée_de_cellules_anormales_Une_inflammation_passagère",1,1,1,0,0,"","Cancer_colorectal___cancer_du_sein__Lymphome__cancer_de_l'uterus__cancer_des_ovaires__Cancer_de_la_prostate__cancer_de_la_peau_",1,0,0,1,1,0,1,1,0,1,1,0,0,"","Tabagiste__Consomation_d'alocool__Mauvaise_alimentation_(e.g.,_excès_de_viande_rouge,_faible_en_fruits/légumes)_Infections_(e.g.,_HPV,_hépatite_B/C)_Exposition_à_des_substances_chimiques_/_Pollution_de_la_nature_Facteurs_génétiques_/_Héréditaires_Vieillissement_(_age_)",1,1,1,0,1,1,1,1,0,0,0,0,"","Faux_","VRAI","Vrai_","VRAI","VRAI","Faux_","VRAI","VRAI","Vaccination_(e.g.,_contre_HPV)_Dépistage_régulier_(e.g.,_mammographie,_frottis_cervical)_Arrêt_du_tabac_Alimentation_saine_et_exercice_physique__Évitement_des_expositions_environnementales",1,1,1,1,1,0,0,0,"","Filles_avant_le_début_de_la_vie_sexuelle","VRAI","si_detecte_et_pris_en_charge_au_stade_precoce_","Chirurgie__Chimiotherapie__Immunotherapie__Therapie_cible__Radiotherapie__traitement_paliatif_",1,1,1,1,1,1,0,0,0,"","Soulager_la_douleur_et_les_autres_symptômes_(dyspnée,_nausées,_anxiété)","","Diagnostic_tardif__Manque_d'accès_aux_traitements__Insuffisance_de_ressources_(e.g.,_équipements,_personnel_specialise_dans_sa_prise_en_charge_)_Niveau_d'education_de_la_population_bas__Facteurs_socioculturels_(e.g.,_recours_à_la_médecine_traditionnelle)____Pauvreté_/_Manque_de_moyens_financiers__",1,1,1,1,1,1,0,0,0,"","Non","Manque_d'appui_par_le_gouvernement_national_,_absence_de_dépistage_systématique.","Dépistage_systématique_programme,_amélioration_d'hygiène_de_vie.",5,"VRAI","Oui_,_beaucoup","Le_cancer_est_une_maladie_traitable.","Non_","Non","","","","Dépistage_et_vaccination"
26,"Masculin","Autre_province_","celibataire_",1,"Universite_de_kindu_","OUI","Mes_cours_a_l'_universite_\_Formation_médicale",1,0,0,0,0,0,"","Une_prolifération_incontrôlée_de_cellules_anormales",0,1,0,0,0,"","_cancer_du_sein_",0,0,0,1,0,0,0,0,0,0,0,0,0,"","Tabagiste__Consomation_d'alocool__Infections_(e.g.,_HPV,_hépatite_B/C)",1,1,0,0,1,0,0,0,0,0,0,0,"","Faux_","VRAI","Vrai_","VRAI","Faux_","Faux_","Faux_","VRAI","Dépistage_régulier_(e.g.,_mammographie,_frottis_cervical)_Arrêt_du_tabac_Évitement_des_expositions_environnementales",0,1,1,0,1,0,0,0,"","Filles_avant_le_début_de_la_vie_sexuelle","VRAI","si_detecte_et_pris_en_charge_au_stade_precoce_","Chirurgie__Chimiotherapie__traitement_paliatif_",1,1,0,0,0,1,0,0,0,"","Soulager_la_douleur_et_les_autres_symptômes_(dyspnée,_nausées,_anxiété)","","Diagnostic_tardif__Niveau_d'education_de_la_population_bas__Facteurs_socioculturels_(e.g.,_recours_à_la_médecine_traditionnelle)___",1,0,0,1,1,0,0,0,0,"","Non","Manque_des_matériels_nécessaires","Dépistage",2,"VRAI","Oui_,_beaucoup","Maladie_traitable","Non_","Non","","","","Disposer_des_matériels_nécessaires_pour_le_dépistage_precoce_du_cancer"
28,"Masculin","Maniema_","celibataire_",2,"Universite_de_kindu_","OUI","Mes_cours_a_l'_universite_\_Formation_médicale_Littérature_scientifique_/_Livres_",1,0,0,1,0,0,"","Une_prolifération_incontrôlée_de_cellules_anormales",0,1,0,0,0,"","Cancer_colorectal___Leucémie___Retinoblastome___cancer_du_sein__Lymphome__cancer_de_l'uterus__cancer_des_ovaires__Cancer_de_la_prostate_",1,1,1,1,1,0,1,1,0,1,0,0,0,"","Tabagiste__Consomation_d'alocool__Infections_(e.g.,_HPV,_hépatite_B/C)",1,1,0,0,1,0,0,0,0,0,0,0,"","Faux_","VRAI","Faux_","VRAI","Faux_","Faux_","Faux_","VRAI","Dépistage_régulier_(e.g.,_mammographie,_frottis_cervical)",0,1,0,0,0,0,0,0,"","Filles_avant_le_début_de_la_vie_sexuelle","VRAI","si_detecte_et_pris_en_charge_au_stade_precoce_","Chirurgie__Chimiotherapie__Immunotherapie__Radiotherapie__traitement_paliatif_",1,1,1,0,1,1,0,0,0,"","Améliorer_la_qualité_de_vie_du_patient_et_de_sa_famille","","Diagnostic_tardif_",1,0,0,0,0,0,0,0,0,"","Non","Manque_des_matériels_et_les_personnels_soignants_de_calitea","Arrêt_de_tabac_et_la_consommation_d'alcool,",1,"Faux_","Oui_,_beaucoup","Le_cancer__est_un_développement_anormal_des_cellules","Non_","Non","","","","Arrêt_de_tabac_et_alcool"
23,"Feminin_","Sud_kivu","celibataire_",6,"Universite_Evangelique_en_Afrique_","OUI","Mes_cours_a_l'_universite_\_Formation_médicale_Médias_(TV,_radio,_internet)_Expérience_clinique__durant_mon__Stages",1,1,0,0,1,0,"","Une_prolifération_incontrôlée_de_cellules_anormales",0,1,0,0,0,"","_Leucémie____cancer_du_sein__cancer_de_l'uterus__Cancer_de_la_prostate_",0,1,0,1,0,0,1,0,0,1,0,0,0,"","Tabagiste__Consomation_d'alocool__Facteurs_génétiques_/_Héréditaires",1,1,0,0,0,0,1,0,0,0,0,0,"","Faux_","VRAI","Faux_","Je_ne_sais_pas_","Je_ne_sais_pas_","VRAI","Je_ne_sais_pas_","VRAI","Dépistage_régulier_(e.g.,_mammographie,_frottis_cervical)",0,1,0,0,0,0,0,0,"","Femmes_de_plus_de_50_ans_","Je_ne_sais_pas_","","Chimiotherapie__Immunotherapie__Radiotherapie_",0,1,1,0,1,0,0,0,0,"","Améliorer_la_qualité_de_vie_du_patient_et_de_sa_famille","","Diagnostic_tardif__Manque_d'accès_aux_traitements__Niveau_d'education_de_la_population_bas_",1,1,0,1,0,0,0,0,0,"","Je_ne_sais_pas","","Faciliter_l'accès_au_dépistage_du_cancer",4,"Je_ne_sais_pas_","Oui_,_beaucoup","Certains_oui_mais_d'autres_ne_sont_pas_traitable","Non_","Oui","un_oncle_/Tente_","","","Faciliter_les_soins_aux_gens_avec_cancers"
32,"Masculin","Maniema_","celibataire_",12,"Universite_Evangelique_en_Afrique_","OUI","Mes_cours_a_l'_universite_\_Formation_médicale",1,0,0,0,0,0,"","Une_prolifération_incontrôlée_de_cellules_anormales",0,1,0,0,0,"","Cancer_colorectal___Leucémie___Retinoblastome___cancer_du_sein__Lymphome__Meduloblastome__cancer_de_l'uterus__cancer_des_ovaires__cancer_de_poumons__Cancer_de_la_prostate__cancer_de_la_peau_",1,1,1,1,1,1,1,1,1,1,1,0,0,"","Tabagiste__Consomation_d'alocool__Mauvaise_alimentation_(e.g.,_excès_de_viande_rouge,_faible_en_fruits/légumes)_Infections_(e.g.,_HPV,_hépatite_B/C)_Exposition_à_des_substances_chimiques_/_Pollution_de_la_nature",1,1,1,0,1,1,0,0,0,0,0,0,"","Faux_","VRAI","Vrai_","VRAI","Faux_","Faux_","VRAI","VRAI","Vaccination_(e.g.,_contre_HPV)_Dépistage_régulier_(e.g.,_mammographie,_frottis_cervical)_Arrêt_du_tabac_Alimentation_saine_et_exercice_physique__Évitement_des_expositions_environnementales_Examen_genetiques_pour_les_familles_a_risque",1,1,1,1,1,1,0,0,"","Filles_avant_le_début_de_la_vie_sexuelle","VRAI","si_detecte_et_pris_en_charge_au_stade_precoce_","Chirurgie__Chimiotherapie__Immunotherapie__Therapie_cible__Radiotherapie_",1,1,1,1,1,0,0,0,0,"","Soulager_la_douleur_et_les_autres_symptômes_(dyspnée,_nausées,_anxiété)","","Diagnostic_tardif__Manque_d'accès_aux_traitements__Niveau_d'education_de_la_population_bas_",1,1,0,1,0,0,0,0,0,"","Oui","","La_prévention_primaire",3,"VRAI","Oui_,_beaucoup","Maladie_traitable","Non_","Non","","","","Une_information_à_la_communauté_concernant_le_cancer"
25,"Masculin","Sud_kivu","celibataire_",6,"Universite_Evangelique_en_Afrique_","OUI","Mes_cours_a_l'_universite_\_Formation_médicale",1,0,0,0,0,0,"","Une_prolifération_incontrôlée_de_cellules_anormales",0,1,0,0,0,"","Cancer_colorectal___Leucémie___Retinoblastome___cancer_du_sein__Lymphome__Meduloblastome__cancer_de_l'uterus__cancer_des_ovaires__cancer_de_poumons__Cancer_de_la_prostate__cancer_de_la_peau_",1,1,1,1,1,1,1,1,1,1,1,0,0,"","Tabagiste__Consomation_d'alocool__Mauvaise_alimentation_(e.g.,_excès_de_viande_rouge,_faible_en_fruits/légumes)_Manque_d'exercice_physique_Infections_(e.g.,_HPV,_hépatite_B/C)_Exposition_à_des_substances_chimiques_/_Pollution_de_la_nature_Facteurs_génétiques_/_Héréditaires",1,1,1,1,1,1,1,0,0,0,0,0,"","Faux_","VRAI","Vrai_","VRAI","Faux_","Faux_","VRAI","VRAI","Vaccination_(e.g.,_contre_HPV)_Dépistage_régulier_(e.g.,_mammographie,_frottis_cervical)_Arrêt_du_tabac_Alimentation_saine_et_exercice_physique__Évitement_des_expositions_environnementales_Examen_genetiques_pour_les_familles_a_risque",1,1,1,1,1,1,0,0,"","Filles_avant_le_début_de_la_vie_sexuelle","VRAI","si_detecte_et_pris_en_charge_au_stade_precoce_","Chirurgie__Chimiotherapie__Immunotherapie__Radiotherapie_",1,1,1,0,1,0,0,0,0,"","Améliorer_la_qualité_de_vie_du_patient_et_de_sa_famille","","Diagnostic_tardif__Manque_d'accès_aux_traitements__Insuffisance_de_ressources_(e.g.,_équipements,_personnel_specialise_dans_sa_prise_en_charge_)_Niveau_d'education_de_la_population_bas__Facteurs_socioculturels_(e.g.,_recours_à_la_médecine_traditionnelle)____Pauvreté_/_Manque_de_moyens_financiers__",1,1,1,1,1,1,0,0,0,"","Oui","","depistage_précoce",4,"VRAI","Oui_,_moderement_","traitable","Non_","Non","","","","Depistage_précoce"
29,"Masculin","Autre_province_","Marié",10,"Universite_GOMA_","OUI","Mes_cours_a_l'_universite_\_Formation_médicale_Médias_(TV,_radio,_internet)_Expérience_clinique__durant_mon__Stages",1,1,0,0,1,0,"","Une_infection_aiguë_Une_prolifération_incontrôlée_de_cellules_anormales_Une_inflammation_passagère_Une_réaction_allergique",1,1,1,1,0,"","Cancer_colorectal__Retinoblastome___cancer_du_sein__Lymphome__cancer_de_l'uterus__cancer_des_ovaires__cancer_de_poumons__Cancer_de_la_prostate__cancer_de_la_peau_",1,0,1,1,1,0,1,1,1,1,1,0,0,"","Tabagiste__Consomation_d'alocool__Mauvaise_alimentation_(e.g.,_excès_de_viande_rouge,_faible_en_fruits/légumes)_Infections_(e.g.,_HPV,_hépatite_B/C)_Exposition_à_des_substances_chimiques_/_Pollution_de_la_nature_Facteurs_génétiques_/_Héréditaires_Vieillissement_(_age_)",1,1,1,0,1,1,1,1,0,0,0,0,"","Faux_","VRAI","Vrai_","VRAI","VRAI","Faux_","Faux_","VRAI","Vaccination_(e.g.,_contre_HPV)_Dépistage_régulier_(e.g.,_mammographie,_frottis_cervical)_Arrêt_du_tabac_Alimentation_saine_et_exercice_physique__Évitement_des_expositions_environnementales_Examen_genetiques_pour_les_familles_a_risque",1,1,1,1,1,1,0,0,"","Filles_avant_le_début_de_la_vie_sexuelle","Faux_","","Chirurgie__Chimiotherapie__Radiotherapie__traitement_paliatif_",1,1,0,0,1,1,0,0,0,"","Soutenir_laccompagnement_psychologique_et_spirituel","","Diagnostic_tardif__Manque_d'accès_aux_traitements__Insuffisance_de_ressources_(e.g.,_équipements,_personnel_specialise_dans_sa_prise_en_charge_)_Facteurs_socioculturels_(e.g.,_recours_à_la_médecine_traditionnelle)____Pauvreté_/_Manque_de_moyens_financiers__",1,1,1,0,1,1,0,0,0,"","Non","Insuffisance_de_service_d'oncologie_et_manque_des_spécialistes_en_cancérologie","Le_dépistage_précoce",3,"VRAI","Oui_,_beaucoup","Maladie_traitable","Non_","Oui","un_oncle_/Tente_","","","Le_dépistage_précoce,_la_formation_de_personnel_soignant_en_cancérologie_et__la_disponibilité_de_ressources_pour_mettre_en_place_le_service_de_cancérologie_dans_chaque_quartier"
28,"Masculin","Sud_kivu","celibataire_",10,"Universite_GOMA_","OUI","Mes_cours_a_l'_universite_\_Formation_médicale",1,0,0,0,0,0,"","Une_prolifération_incontrôlée_de_cellules_anormales",0,1,0,0,0,"","_cancer_du_sein_",0,0,0,1,0,0,0,0,0,0,0,0,0,"","Tabagiste__Consomation_d'alocool__Infections_(e.g.,_HPV,_hépatite_B/C)_Exposition_à_des_substances_chimiques_/_Pollution_de_la_nature_Facteurs_génétiques_/_Héréditaires",1,1,0,0,1,1,1,0,0,0,0,0,"","Faux_","VRAI","Vrai_","VRAI","Je_ne_sais_pas_","Faux_","Faux_","Faux_","Vaccination_(e.g.,_contre_HPV)_Dépistage_régulier_(e.g.,_mammographie,_frottis_cervical)_Arrêt_du_tabac_Alimentation_saine_et_exercice_physique__Évitement_des_expositions_environnementales_Examen_genetiques_pour_les_familles_a_risque",1,1,1,1,1,1,0,0,"","Filles_avant_le_début_de_la_vie_sexuelle","Faux_","","Chirurgie__Chimiotherapie__Immunotherapie__Radiotherapie__traitement_paliatif_",1,1,1,0,1,1,0,0,0,"","Soutenir_laccompagnement_psychologique_et_spirituel","","Diagnostic_tardif__Manque_d'accès_aux_traitements__Insuffisance_de_ressources_(e.g.,_équipements,_personnel_specialise_dans_sa_prise_en_charge_)_Niveau_d'education_de_la_population_bas__Pauvreté_/_Manque_de_moyens_financiers__",1,1,1,1,0,1,0,0,0,"","Je_ne_sais_pas","","Dépistage_de_tout_cancer_par_la_gratuité_pour_faciliter_à_tous_les_mondes_qui_n'ont_pas_de_moyens",1,"VRAI","Oui_,_beaucoup","Traitable","Non_","Non","","","","Exigences_d'équipements_pour_la_prise_en_charge_de_cancer"
25,"Feminin_","Maniema_","celibataire_",10,"Universite_GOMA_","OUI","Mes_cours_a_l'_universite_\_Formation_médicale",1,0,0,0,0,0,"","Une_infection_aiguë_Une_prolifération_incontrôlée_de_cellules_anormales",1,1,0,0,0,"","Cancer_colorectal___Leucémie____cancer_du_sein__Lymphome__cancer_de_l'uterus__cancer_des_ovaires__cancer_de_poumons_",1,1,0,1,1,0,1,1,1,0,0,0,0,"","Tabagiste__Consomation_d'alocool__Mauvaise_alimentation_(e.g.,_excès_de_viande_rouge,_faible_en_fruits/légumes)_Infections_(e.g.,_HPV,_hépatite_B/C)_Facteurs_génétiques_/_Héréditaires_Vieillissement_(_age_)",1,1,1,0,1,0,1,1,0,0,0,0,"","Faux_","VRAI","Vrai_","VRAI","Je_ne_sais_pas_","Faux_","VRAI","VRAI","Vaccination_(e.g.,_contre_HPV)_Dépistage_régulier_(e.g.,_mammographie,_frottis_cervical)_Arrêt_du_tabac_Alimentation_saine_et_exercice_physique__Évitement_des_expositions_environnementales_Examen_genetiques_pour_les_familles_a_risque",1,1,1,1,1,1,0,0,"","Filles_avant_le_début_de_la_vie_sexuelle","VRAI","si_detecte_et_pris_en_charge_au_stade_precoce_","Chimiotherapie__Immunotherapie__Radiotherapie_",0,1,1,0,1,0,0,0,0,"","Soulager_la_douleur_et_les_autres_symptômes_(dyspnée,_nausées,_anxiété)","","Diagnostic_tardif__Manque_d'accès_aux_traitements__Insuffisance_de_ressources_(e.g.,_équipements,_personnel_specialise_dans_sa_prise_en_charge_)_Niveau_d'education_de_la_population_bas_",1,1,1,1,0,0,0,0,0,"","Oui","","Dépistage_et_la_vaccination",5,"VRAI","Oui_,_beaucoup","Traitable","Non_","Non","","","","Éducation_et_dépistage"
26,"Feminin_","Nord_kivu","celibataire_",10,"Universite_GOMA_","OUI","Mes_cours_a_l'_universite_\_Formation_médicale",1,0,0,0,0,0,"","Une_prolifération_incontrôlée_de_cellules_anormales",0,1,0,0,0,"","_Leucémie____cancer_du_sein__Lymphome__cancer_de_l'uterus__cancer_de_la_peau_",0,1,0,1,1,0,1,0,0,0,1,0,0,"","Tabagiste__Exposition_à_des_substances_chimiques_/_Pollution_de_la_nature",1,0,0,0,0,1,0,0,0,0,0,0,"","Faux_","VRAI","Faux_","Je_ne_sais_pas_","Faux_","Faux_","VRAI","VRAI","Dépistage_régulier_(e.g.,_mammographie,_frottis_cervical)_Évitement_des_expositions_environnementales",0,1,0,0,1,0,0,0,"","Filles_avant_le_début_de_la_vie_sexuelle","VRAI","si_detecte_et_pris_en_charge_au_stade_precoce_","Chirurgie__Chimiotherapie__traitement_paliatif_",1,1,0,0,0,1,0,0,0,"","Soulager_la_douleur_et_les_autres_symptômes_(dyspnée,_nausées,_anxiété)","","Diagnostic_tardif__Manque_d'accès_aux_traitements__Insuffisance_de_ressources_(e.g.,_équipements,_personnel_specialise_dans_sa_prise_en_charge_)_Niveau_d'education_de_la_population_bas__Facteurs_socioculturels_(e.g.,_recours_à_la_médecine_traditionnelle)____Pauvreté_/_Manque_de_moyens_financiers__",1,1,1,1,1,1,0,0,0,"","Non","Manque_déquipement_nécessaire_pour_la_prise_en_charge","Éviter_lexposition_aux_produits_chimiques",3,"VRAI","Oui_,_beaucoup","Maladie_traitable_si_diagnostiqué_à_temps","Non_","Non","","","","Encourager_le_dépistage_régulier_et_les_campagnes_de_sensibilisation"
26,"Masculin","Nord_kivu","celibataire_",10,"Universite_GOMA_","OUI","Mes_cours_a_l'_universite_\_Formation_médicale",1,0,0,0,0,0,"","Une_prolifération_incontrôlée_de_cellules_anormales",0,1,0,0,0,"","Cancer_colorectal___Leucémie___Retinoblastome___cancer_du_sein__Lymphome__cancer_de_poumons__Cancer_de_la_prostate_",1,1,1,1,1,0,0,0,1,1,0,0,0,"","Tabagiste__Consomation_d'alocool__Infections_(e.g.,_HPV,_hépatite_B/C)_Exposition_à_des_substances_chimiques_/_Pollution_de_la_nature_Facteurs_génétiques_/_Héréditaires",1,1,0,0,1,1,1,0,0,0,0,0,"","Faux_","VRAI","Je_ne_sais_pas_","VRAI","Je_ne_sais_pas_","Je_ne_sais_pas_","Je_ne_sais_pas_","VRAI","Vaccination_(e.g.,_contre_HPV)_Dépistage_régulier_(e.g.,_mammographie,_frottis_cervical)_Arrêt_du_tabac_Évitement_des_expositions_environnementales_Examen_genetiques_pour_les_familles_a_risque",1,1,1,0,1,1,0,0,"","Filles_avant_le_début_de_la_vie_sexuelle","Je_ne_sais_pas_","","Chirurgie__Chimiotherapie__Radiotherapie_",1,1,0,0,1,0,0,0,0,"","Soulager_la_douleur_et_les_autres_symptômes_(dyspnée,_nausées,_anxiété)","","Diagnostic_tardif__Manque_d'accès_aux_traitements__Insuffisance_de_ressources_(e.g.,_équipements,_personnel_specialise_dans_sa_prise_en_charge_)_Niveau_d'education_de_la_population_bas__Facteurs_socioculturels_(e.g.,_recours_à_la_médecine_traditionnelle)____Pauvreté_/_Manque_de_moyens_financiers__",1,1,1,1,1,1,0,0,0,"","Non","Manque_de_centre_spécialisé,_personnels_qualifiés_et_expérimentés","Dépistage_précoce_et_la_vaccination",4,"Je_ne_sais_pas_","Oui_,_moderement_","Maladie_contrôlable","Non_","Non","","","","Éducation_de_la_population,_Dépistage_précoce_et_vaccination"
26,"Feminin_","Nord_kivu","celibataire_",10,"Universite_GOMA_","OUI","Mes_cours_a_l'_universite_\_Formation_médicale_Médias_(TV,_radio,_internet)_Littérature_scientifique_/_Livres__Expérience_clinique__durant_mon__Stages",1,1,0,1,1,0,"","Une_prolifération_incontrôlée_de_cellules_anormales",0,1,0,0,0,"","Cancer_colorectal___Leucémie___Retinoblastome___cancer_du_sein__Lymphome__Meduloblastome__cancer_de_l'uterus__cancer_des_ovaires__cancer_de_poumons__Cancer_de_la_prostate__cancer_de_la_peau_",1,1,1,1,1,1,1,1,1,1,1,0,0,"","Tabagiste__Exposition_à_des_substances_chimiques_/_Pollution_de_la_nature_Facteurs_génétiques_/_Héréditaires",1,0,0,0,0,1,1,0,0,0,0,0,"","Faux_","VRAI","Vrai_","Je_ne_sais_pas_","Je_ne_sais_pas_","Faux_","VRAI","VRAI","Dépistage_régulier_(e.g.,_mammographie,_frottis_cervical)_Arrêt_du_tabac_Évitement_des_expositions_environnementales",0,1,1,0,1,0,0,0,"","Femmes_de_plus_de_50_ans_","VRAI","si_detecte_et_pris_en_charge_au_stade_precoce_","Chirurgie__Chimiotherapie__traitement_paliatif_",1,1,0,0,0,1,0,0,0,"","Soutenir_laccompagnement_psychologique_et_spirituel","","Diagnostic_tardif__Manque_d'accès_aux_traitements__Insuffisance_de_ressources_(e.g.,_équipements,_personnel_specialise_dans_sa_prise_en_charge_)_Niveau_d'education_de_la_population_bas__Facteurs_socioculturels_(e.g.,_recours_à_la_médecine_traditionnelle)____Pauvreté_/_Manque_de_moyens_financiers__",1,1,1,1,1,1,0,0,0,"","Non","Pas_assez_déquipement_pour_la_cause","Éducation_de_la_population",5,"VRAI","Oui_,_beaucoup","Traitable","Non_","Non","","","","Que_la_santé_publique_mettent_à_disposition_une_sensibilisation_adéquate"
26,"Feminin_","Sud_kivu","celibataire_",10,"Universite_GOMA_","OUI","Mes_cours_a_l'_universite_\_Formation_médicale_Expérience_clinique__durant_mon__Stages",1,0,0,0,1,0,"","Une_prolifération_incontrôlée_de_cellules_anormales",0,1,0,0,0,"","Cancer_colorectal___Leucémie___Retinoblastome___cancer_du_sein__Lymphome__cancer_de_l'uterus__cancer_des_ovaires__Cancer_de_la_prostate__cancer_de_la_peau_",1,1,1,1,1,0,1,1,0,1,1,0,0,"","Tabagiste__Consomation_d'alocool__Infections_(e.g.,_HPV,_hépatite_B/C)_Exposition_à_des_substances_chimiques_/_Pollution_de_la_nature_Facteurs_génétiques_/_Héréditaires_Vieillissement_(_age_)",1,1,0,0,1,1,1,1,0,0,0,0,"","Faux_","VRAI","Vrai_","VRAI","Faux_","Faux_","VRAI","VRAI","Vaccination_(e.g.,_contre_HPV)_Dépistage_régulier_(e.g.,_mammographie,_frottis_cervical)_Arrêt_du_tabac_Évitement_des_expositions_environnementales",1,1,1,0,1,0,0,0,"","Filles_avant_le_début_de_la_vie_sexuelle","Je_ne_sais_pas_","","Chirurgie__Chimiotherapie__Immunotherapie__Therapie_cible__Radiotherapie_",1,1,1,1,1,0,0,0,0,"","Soulager_la_douleur_et_les_autres_symptômes_(dyspnée,_nausées,_anxiété)","","Diagnostic_tardif__Manque_d'accès_aux_traitements__Insuffisance_de_ressources_(e.g.,_équipements,_personnel_specialise_dans_sa_prise_en_charge_)_Niveau_d'education_de_la_population_bas__Facteurs_socioculturels_(e.g.,_recours_à_la_médecine_traditionnelle)____Pauvreté_/_Manque_de_moyens_financiers__",1,1,1,1,1,1,0,0,0,"","Oui","","Renforcement_du_système_de_santé,_Lutte_contre_les_facteurs_de_risque,_Sensibilisation_et_éducation_de_la_population",5,"VRAI","Oui_,_beaucoup","Traitable","Non_","Non","","","","Réduire_le_retard_diagnostique,_Formation_du_personnel"
24,"Masculin","Sud_kivu","celibataire_",7,"Universite_Evangelique_en_Afrique_","OUI","Mes_cours_a_l'_universite_\_Formation_médicale_Littérature_scientifique_/_Livres_",1,0,0,1,0,0,"","Une_prolifération_incontrôlée_de_cellules_anormales",0,1,0,0,0,"","Cancer_colorectal___Leucémie___Retinoblastome___cancer_du_sein__Lymphome__cancer_de_l'uterus__cancer_de_poumons__Cancer_de_la_prostate_",1,1,1,1,1,0,1,0,1,1,0,0,0,"","Consomation_d'alocool__Mauvaise_alimentation_(e.g.,_excès_de_viande_rouge,_faible_en_fruits/légumes)_Exposition_à_des_substances_chimiques_/_Pollution_de_la_nature",0,1,1,0,0,1,0,0,0,0,0,0,"","Faux_","VRAI","Faux_","VRAI","Faux_","Faux_","VRAI","VRAI","Arrêt_du_tabac_Évitement_des_expositions_environnementales",0,0,1,0,1,0,0,0,"","Filles_avant_le_début_de_la_vie_sexuelle","VRAI","si_les_medicaments_sont_disponibles_","Chimiotherapie__Immunotherapie__Radiotherapie__Traitement_traditionnel_/_Herbes_",0,1,1,0,1,0,1,0,0,"","Améliorer_la_qualité_de_vie_du_patient_et_de_sa_famille","","Manque_d'accès_aux_traitements__Insuffisance_de_ressources_(e.g.,_équipements,_personnel_specialise_dans_sa_prise_en_charge_)_Niveau_d'education_de_la_population_bas_",0,1,1,1,0,0,0,0,0,"","Oui","","Sensibilisation,_prise_en_charge_gratuite",5,"VRAI","Oui_,_beaucoup","Traitable","Non_","Non","","","","Je_proposerai_qu'on_sensibilise_la_population,_la_disponibilité_des_despitages_gratuites_et_prise_en_charge"
27,"Feminin_","Nord_kivu","celibataire_",10,"Universite_GOMA_","OUI","Mes_cours_a_l'_universite_\_Formation_médicale_Médias_(TV,_radio,_internet)_Littérature_scientifique_/_Livres__Expérience_clinique__durant_mon__Stages",1,1,0,1,1,0,"","Une_prolifération_incontrôlée_de_cellules_anormales",0,1,0,0,0,"","Cancer_colorectal___Leucémie____cancer_du_sein__cancer_de_poumons__Cancer_de_la_prostate_",1,1,0,1,0,0,0,0,1,1,0,0,0,"","Tabagiste__Exposition_à_des_substances_chimiques_/_Pollution_de_la_nature_Facteurs_génétiques_/_Héréditaires",1,0,0,0,0,1,1,0,0,0,0,0,"","Faux_","VRAI","Vrai_","Je_ne_sais_pas_","Je_ne_sais_pas_","Faux_","VRAI","VRAI","Dépistage_régulier_(e.g.,_mammographie,_frottis_cervical)_Arrêt_du_tabac_Alimentation_saine_et_exercice_physique__Examen_genetiques_pour_les_familles_a_risque",0,1,1,1,0,1,0,0,"","Filles_avant_le_début_de_la_vie_sexuelle","VRAI","si_detecte_et_pris_en_charge_au_stade_precoce_","Chirurgie__Chimiotherapie__Therapie_cible__Radiotherapie_",1,1,0,1,1,0,0,0,0,"","Soulager_la_douleur_et_les_autres_symptômes_(dyspnée,_nausées,_anxiété)","","Diagnostic_tardif__Manque_d'accès_aux_traitements__Insuffisance_de_ressources_(e.g.,_équipements,_personnel_specialise_dans_sa_prise_en_charge_)_Facteurs_socioculturels_(e.g.,_recours_à_la_médecine_traditionnelle)___",1,1,1,0,1,0,0,0,0,"","Non","Le_dépistage_est_tardif_et_les_moyens_thérapeutiques_ne_sont_pas_adéquats","Ouvrir_un_centre_spécialisé_en_oncologie_avec_tout_léquipement_nécessaire!_Et_surtout_un_centre_où_les_soins_sont_accessibles",5,"VRAI","Oui_,_moderement_","Pathologie_traitable_mais_pas_comme_les_autres,_cest_une_pathologie_agressive_donc_on_la_traite_aussi_agressivement","Non_","Non","","","","Sensibiliser_la_population_pour_permettre_le_dépistage_précoce!"
26,"Masculin","Sud_kivu","celibataire_",7,"Universite_Evangelique_en_Afrique_","OUI","Mes_cours_a_l'_universite_\_Formation_médicale_Littérature_scientifique_/_Livres__Expérience_clinique__durant_mon__Stages",1,0,0,1,1,0,"","Une_prolifération_incontrôlée_de_cellules_anormales",0,1,0,0,0,"","Cancer_colorectal___Leucémie___Retinoblastome___cancer_du_sein__Lymphome__Meduloblastome__cancer_de_l'uterus__cancer_des_ovaires__cancer_de_poumons__Cancer_de_la_prostate_",1,1,1,1,1,1,1,1,1,1,0,0,0,"","Tabagiste__Infections_(e.g.,_HPV,_hépatite_B/C)_Exposition_à_des_substances_chimiques_/_Pollution_de_la_nature",1,0,0,0,1,1,0,0,0,0,0,0,"","Faux_","VRAI","Vrai_","VRAI","Faux_","Faux_","VRAI","VRAI","Vaccination_(e.g.,_contre_HPV)_Dépistage_régulier_(e.g.,_mammographie,_frottis_cervical)_Arrêt_du_tabac_Évitement_des_expositions_environnementales_Examen_genetiques_pour_les_familles_a_risque",1,1,1,0,1,1,0,0,"","Filles_avant_le_début_de_la_vie_sexuelle","VRAI","si_detecte_et_pris_en_charge_au_stade_precoce_","Chimiotherapie_",0,1,0,0,0,0,0,0,0,"","Améliorer_la_qualité_de_vie_du_patient_et_de_sa_famille","","Diagnostic_tardif__Manque_d'accès_aux_traitements__Insuffisance_de_ressources_(e.g.,_équipements,_personnel_specialise_dans_sa_prise_en_charge_)",1,1,1,0,0,0,0,0,0,"","Non","Inefficacité_de_notre_système_de_santé","Dépistage_précoce",2,"VRAI","Oui_,_moderement_","Traitable","Non_","Non","","","","Mettre_les_moyens_possibles_à_la_portée_de_tout_le_monde"
24,"Feminin_","Sud_kivu","celibataire_",17,"Universite_Evangelique_en_Afrique_","OUI","Mes_cours_a_l'_universite_\_Formation_médicale_Famille_/_Amis",1,0,1,0,0,0,"","Une_prolifération_incontrôlée_de_cellules_anormales",0,1,0,0,0,"","Cancer_colorectal___Leucémie____cancer_du_sein__cancer_de_l'uterus__cancer_des_ovaires__cancer_de_poumons__Cancer_de_la_prostate__cancer_de_la_peau_",1,1,0,1,0,0,1,1,1,1,1,0,0,"","Tabagiste__Consomation_d'alocool__Infections_(e.g.,_HPV,_hépatite_B/C)_Exposition_à_des_substances_chimiques_/_Pollution_de_la_nature_Facteurs_génétiques_/_Héréditaires",1,1,0,0,1,1,1,0,0,0,0,0,"","Faux_","VRAI","Vrai_","VRAI","Faux_","Faux_","VRAI","VRAI","Vaccination_(e.g.,_contre_HPV)_Dépistage_régulier_(e.g.,_mammographie,_frottis_cervical)_Arrêt_du_tabac_Évitement_des_expositions_environnementales",1,1,1,0,1,0,0,0,"","Filles_avant_le_début_de_la_vie_sexuelle","VRAI","si_detecte_et_pris_en_charge_au_stade_precoce_","Chimiotherapie__Immunotherapie__Radiotherapie_",0,1,1,0,1,0,0,0,0,"","Être_intégrés_précocement_dans_la_prise_en_charge_des_cancers_avancés","","Diagnostic_tardif__Niveau_d'education_de_la_population_bas__Pauvreté_/_Manque_de_moyens_financiers__",1,0,0,1,0,1,0,0,0,"","Non","Les_équipements_insuffisant","Sensibilisation,_un_grand_centre_de_cancérologie",1,"VRAI","Oui_,_beaucoup","Traitable","Non_","Non","","","","Avoir_un_centre_de_cancérologie_bien_équipé_et_de_personnelles_capable_d'accompagner_le_patient,_mais_aussi_renforcement_de_la_sensibilisation"
26,"Masculin","Nord_kivu","celibataire_",10,"Universite_GOMA_","OUI","Mes_cours_a_l'_universite_\_Formation_médicale_Littérature_scientifique_/_Livres_",1,0,0,1,0,0,"","Une_prolifération_incontrôlée_de_cellules_anormales",0,1,0,0,0,"","Cancer_colorectal___Leucémie___Retinoblastome___cancer_du_sein__Lymphome__Meduloblastome__cancer_de_l'uterus__cancer_des_ovaires__cancer_de_poumons__Cancer_de_la_prostate__cancer_de_la_peau_",1,1,1,1,1,1,1,1,1,1,1,0,0,"","Tabagiste__Infections_(e.g.,_HPV,_hépatite_B/C)_Exposition_à_des_substances_chimiques_/_Pollution_de_la_nature_Facteurs_génétiques_/_Héréditaires",1,0,0,0,1,1,1,0,0,0,0,0,"","Faux_","VRAI","Vrai_","VRAI","VRAI","Faux_","VRAI","VRAI","Dépistage_régulier_(e.g.,_mammographie,_frottis_cervical)_Examen_genetiques_pour_les_familles_a_risque",0,1,0,0,0,1,0,0,"","Filles_avant_le_début_de_la_vie_sexuelle","VRAI","si_detecte_et_pris_en_charge_au_stade_precoce_","Chirurgie__Chimiotherapie__Immunotherapie__Therapie_cible__Radiotherapie__traitement_paliatif_",1,1,1,1,1,1,0,0,0,"","Soutenir_laccompagnement_psychologique_et_spirituel","","Diagnostic_tardif__Manque_d'accès_aux_traitements__Insuffisance_de_ressources_(e.g.,_équipements,_personnel_specialise_dans_sa_prise_en_charge_)_Niveau_d'education_de_la_population_bas__Facteurs_socioculturels_(e.g.,_recours_à_la_médecine_traditionnelle)____Pauvreté_/_Manque_de_moyens_financiers__",1,1,1,1,1,1,0,0,0,"","Non","Manque_d'équipements_de_diagnostic","Sensibilisation_de_la_population_par_rapport_à_la_notion_de_dépistage_précoce",4,"VRAI","Oui_,_beaucoup","Traitable","Non_","Non","","","","Déposer_tôt._Éduquer_la_population_,_mettre_à_niveau_les_agents_sanitaires_pour_la_prise_en_charge_de_cancer"
26,"Masculin","Sud_kivu","celibataire_",7,"Universite_Evangelique_en_Afrique_","OUI","Mes_cours_a_l'_universite_\_Formation_médicale_Médias_(TV,_radio,_internet)_Littérature_scientifique_/_Livres__Expérience_clinique__durant_mon__Stages",1,1,0,1,1,0,"","Une_prolifération_incontrôlée_de_cellules_anormales",0,1,0,0,0,"","_cancer_du_sein__cancer_de_l'uterus__cancer_des_ovaires__cancer_de_poumons__Cancer_de_la_prostate__cancer_de_la_peau_",0,0,0,1,0,0,1,1,1,1,1,0,0,"","Tabagiste__Consomation_d'alocool__Infections_(e.g.,_HPV,_hépatite_B/C)_Exposition_à_des_substances_chimiques_/_Pollution_de_la_nature_Facteurs_génétiques_/_Héréditaires",1,1,0,0,1,1,1,0,0,0,0,0,"","Faux_","VRAI","Vrai_","VRAI","VRAI","Faux_","VRAI","VRAI","Vaccination_(e.g.,_contre_HPV)_Dépistage_régulier_(e.g.,_mammographie,_frottis_cervical)_Arrêt_du_tabac_Alimentation_saine_et_exercice_physique__Évitement_des_expositions_environnementales",1,1,1,1,1,0,0,0,"","Filles_avant_le_début_de_la_vie_sexuelle","VRAI","si_detecte_et_pris_en_charge_au_stade_precoce_","Chirurgie__Chimiotherapie__Radiotherapie__traitement_paliatif_",1,1,0,0,1,1,0,0,0,"","Remplacer_systématiquement_les_traitements_curatifs","","Diagnostic_tardif__Manque_d'accès_aux_traitements__Insuffisance_de_ressources_(e.g.,_équipements,_personnel_specialise_dans_sa_prise_en_charge_)_Niveau_d'education_de_la_population_bas__Facteurs_socioculturels_(e.g.,_recours_à_la_médecine_traditionnelle)___",1,1,1,1,1,0,0,0,0,"","Oui","","Main_d'oeuvres_qualifiées,_disposer_une_bonne_équipement_spécialisé_dans_chaque_structure_sanitaire_pour_faciliter_un_bon_dépistage.",2,"VRAI","Oui_,_moderement_","C'est_une_maladie_traitable_malgré_l'ignorance_de_la_population.","Non_","Non","","","","Baisser_le_prix_de_dépistage_pour_donner_l'accès_à_toute_personne_d'accéder_au_pistage_de_son_corps,_plus_le_taux_est_élevé_les_personnes_vont_s'orienter_chez_les_traditionnelset_comme_conséquence_les_stades_vont_avancer_sans_être_dépisté."
25,"Masculin","Nord_kivu","celibataire_",10,"Universite_GOMA_","OUI","Mes_cours_a_l'_universite_\_Formation_médicale_Médias_(TV,_radio,_internet)_Littérature_scientifique_/_Livres__Expérience_clinique__durant_mon__Stages",1,1,0,1,1,0,"","Une_prolifération_incontrôlée_de_cellules_anormales",0,1,0,0,0,"","cancer_de_poumons_",0,0,0,0,0,0,0,0,1,0,0,0,0,"","Tabagiste_",1,0,0,0,0,0,0,0,0,0,0,0,"","Faux_","VRAI","Vrai_","VRAI","Je_ne_sais_pas_","Faux_","VRAI","VRAI","Vaccination_(e.g.,_contre_HPV)_Dépistage_régulier_(e.g.,_mammographie,_frottis_cervical)_Arrêt_du_tabac_Évitement_des_expositions_environnementales_Examen_genetiques_pour_les_familles_a_risque",1,1,1,0,1,1,0,0,"","Filles_avant_le_début_de_la_vie_sexuelle","VRAI","si_detecte_et_pris_en_charge_au_stade_precoce_","Chirurgie__Chimiotherapie__traitement_paliatif_",1,1,0,0,0,1,0,0,0,"","Soutenir_laccompagnement_psychologique_et_spirituel","","Diagnostic_tardif__Manque_d'accès_aux_traitements__Insuffisance_de_ressources_(e.g.,_équipements,_personnel_specialise_dans_sa_prise_en_charge_)_Niveau_d'education_de_la_population_bas__Facteurs_socioculturels_(e.g.,_recours_à_la_médecine_traditionnelle)____Pauvreté_/_Manque_de_moyens_financiers__",1,1,1,1,1,1,0,0,0,"","Je_ne_sais_pas","","Arrêt_du_tabac,_réduction_de_lalcool,_alimentation_équilibrée,_activité_physique_régulière_et_vaccination_contre_HPV_et_hépatite_B.",2,"VRAI","Oui_,_beaucoup","Maladie_traitable","Non_","Non","","","","Dépistage_précoce,_alimentation_équilibrée,_exercice_physique"
23,"Feminin_","Sud_kivu","celibataire_",7,"Universite_Evangelique_en_Afrique_","OUI","Mes_cours_a_l'_universite_\_Formation_médicale_Médias_(TV,_radio,_internet)_Littérature_scientifique_/_Livres__Expérience_clinique__durant_mon__Stages",1,1,0,1,1,0,"","Une_prolifération_incontrôlée_de_cellules_anormales",0,1,0,0,0,"","Cancer_colorectal___Leucémie___Retinoblastome___cancer_du_sein__Lymphome__Meduloblastome__cancer_de_l'uterus__cancer_des_ovaires__cancer_de_poumons__Cancer_de_la_prostate__cancer_de_la_peau_",1,1,1,1,1,1,1,1,1,1,1,0,0,"","Tabagiste__Consomation_d'alocool__Infections_(e.g.,_HPV,_hépatite_B/C)_Facteurs_génétiques_/_Héréditaires_Vieillissement_(_age_)",1,1,0,0,1,0,1,1,0,0,0,0,"","Faux_","VRAI","Faux_","VRAI","VRAI","Faux_","VRAI","VRAI","Vaccination_(e.g.,_contre_HPV)_Dépistage_régulier_(e.g.,_mammographie,_frottis_cervical)_Arrêt_du_tabac_Examen_genetiques_pour_les_familles_a_risque",1,1,1,0,0,1,0,0,"","Filles_avant_le_début_de_la_vie_sexuelle","Je_ne_sais_pas_","","Chirurgie__Chimiotherapie__Immunotherapie__Radiotherapie__traitement_paliatif_",1,1,1,0,1,1,0,0,0,"","Améliorer_la_qualité_de_vie_du_patient_et_de_sa_famille","","Diagnostic_tardif__Niveau_d'education_de_la_population_bas__Facteurs_socioculturels_(e.g.,_recours_à_la_médecine_traditionnelle)____Pauvreté_/_Manque_de_moyens_financiers__",1,0,0,1,1,1,0,0,0,"","Oui","","Le_diagnostic_précoce",2,"VRAI","Oui_,_beaucoup","Maladie_traitable","Non_","Non","","","","Dépistage_régulier"
26,"Masculin","Nord_kivu","Marié",15,"Universite_catholique_de_Graben_","OUI","Mes_cours_a_l'_universite_\_Formation_médicale_Médias_(TV,_radio,_internet)_Expérience_clinique__durant_mon__Stages",1,1,0,0,1,0,"","Une_prolifération_incontrôlée_de_cellules_anormales",0,1,0,0,0,"","_Leucémie____cancer_du_sein__cancer_des_ovaires__Cancer_de_la_prostate_",0,1,0,1,0,0,0,1,0,1,0,0,0,"","Tabagiste__Infections_(e.g.,_HPV,_hépatite_B/C)_Exposition_à_des_substances_chimiques_/_Pollution_de_la_nature_Vieillissement_(_age_)",1,0,0,0,1,1,0,1,0,0,0,0,"","Faux_","VRAI","Vrai_","VRAI","Je_ne_sais_pas_","Faux_","VRAI","Je_ne_sais_pas_","Dépistage_régulier_(e.g.,_mammographie,_frottis_cervical)_Arrêt_du_tabac_Alimentation_saine_et_exercice_physique__Évitement_des_expositions_environnementales",0,1,1,1,1,0,0,0,"","Filles_avant_le_début_de_la_vie_sexuelle","VRAI","si_detecte_et_pris_en_charge_au_stade_precoce_","Chirurgie__Chimiotherapie__Radiotherapie_",1,1,0,0,1,0,0,0,0,"","Améliorer_la_qualité_de_vie_du_patient_et_de_sa_famille","","Diagnostic_tardif__Insuffisance_de_ressources_(e.g.,_équipements,_personnel_specialise_dans_sa_prise_en_charge_)_Niveau_d'education_de_la_population_bas__Facteurs_socioculturels_(e.g.,_recours_à_la_médecine_traditionnelle)____Pauvreté_/_Manque_de_moyens_financiers__",1,0,1,1,1,1,0,0,0,"","Non","Les_moyens","Vulgarisation_du_dépistage_sur_les_cancers_les_plus_fréquents",3,"Faux_","Oui_,_beaucoup","Traitable","Non_","Oui","Un_parent_","","","La_mise_en_disponibilité_dun_laboratoire_spécialisé"
26,"Feminin_","Nord_kivu","celibataire_",15,"Universite_catholique_de_Graben_","OUI","Mes_cours_a_l'_universite_\_Formation_médicale",1,0,0,0,0,0,"","Une_prolifération_incontrôlée_de_cellules_anormales",0,1,0,0,0,"","_Leucémie___Retinoblastome___cancer_du_sein__Lymphome__Meduloblastome__cancer_de_l'uterus__cancer_des_ovaires__Cancer_de_la_prostate_",0,1,1,1,1,1,1,1,0,1,0,0,0,"","Tabagiste__Consomation_d'alocool__Mauvaise_alimentation_(e.g.,_excès_de_viande_rouge,_faible_en_fruits/légumes)_Infections_(e.g.,_HPV,_hépatite_B/C)_Exposition_à_des_substances_chimiques_/_Pollution_de_la_nature_Facteurs_génétiques_/_Héréditaires",1,1,1,0,1,1,1,0,0,0,0,0,"","Faux_","VRAI","Faux_","VRAI","Je_ne_sais_pas_","Faux_","Faux_","Je_ne_sais_pas_","Vaccination_(e.g.,_contre_HPV)_Dépistage_régulier_(e.g.,_mammographie,_frottis_cervical)_Arrêt_du_tabac_Examen_genetiques_pour_les_familles_a_risque",1,1,1,0,0,1,0,0,"","Filles_avant_le_début_de_la_vie_sexuelle","VRAI","si_detecte_et_pris_en_charge_au_stade_precoce_","Chimiotherapie_",0,1,0,0,0,0,0,0,0,"","Soulager_la_douleur_et_les_autres_symptômes_(dyspnée,_nausées,_anxiété)","","Diagnostic_tardif__Manque_d'accès_aux_traitements__Niveau_d'education_de_la_population_bas__Facteurs_socioculturels_(e.g.,_recours_à_la_médecine_traditionnelle)____Pauvreté_/_Manque_de_moyens_financiers__",1,1,0,1,1,1,0,0,0,"","Oui","","Consultation_médicale_régulière",1,"VRAI","Oui_,_beaucoup","Traitable","Non_","Non","","","","Consultation_régulière_pour_leDiagnostic_précoce"
24,"Feminin_","Maniema_","Marié",7,"Universite_Evangelique_en_Afrique_","OUI","Mes_cours_a_l'_universite_\_Formation_médicale_Médias_(TV,_radio,_internet)_Littérature_scientifique_/_Livres_",1,1,0,1,0,0,"","Une_infection_aiguë_Une_prolifération_incontrôlée_de_cellules_anormales",1,1,0,0,0,"","Retinoblastome___cancer_du_sein__Lymphome__cancer_de_l'uterus__cancer_des_ovaires__cancer_de_poumons__Cancer_de_la_prostate_",0,0,1,1,1,0,1,1,1,1,0,0,0,"","Tabagiste__Consomation_d'alocool__Infections_(e.g.,_HPV,_hépatite_B/C)_Exposition_à_des_substances_chimiques_/_Pollution_de_la_nature_Facteurs_génétiques_/_Héréditaires",1,1,0,0,1,1,1,0,0,0,0,0,"","Faux_","VRAI","Vrai_","VRAI","Je_ne_sais_pas_","Je_ne_sais_pas_","Faux_","VRAI","Vaccination_(e.g.,_contre_HPV)_Dépistage_régulier_(e.g.,_mammographie,_frottis_cervical)_Arrêt_du_tabac_Alimentation_saine_et_exercice_physique__Évitement_des_expositions_environnementales_Examen_genetiques_pour_les_familles_a_risque",1,1,1,1,1,1,0,0,"","Hommes_âgés_uniquement","Je_ne_sais_pas_","","Chirurgie__Chimiotherapie__Immunotherapie_",1,1,1,0,0,0,0,0,0,"","Être_intégrés_précocement_dans_la_prise_en_charge_des_cancers_avancés","","Diagnostic_tardif__Manque_d'accès_aux_traitements__Pauvreté_/_Manque_de_moyens_financiers__",1,1,0,0,0,1,0,0,0,"","Oui","","Chirurgie_,chimiothérapie",2,"VRAI","Oui_,_moderement_","Traitable","Non_","Non","","","","Faire_le_dépistage_précoce"
29,"Masculin","Sud_kivu","celibataire_",8,"Universite_Evangelique_en_Afrique_","OUI","Mes_cours_a_l'_universite_\_Formation_médicale",1,0,0,0,0,0,"","Une_prolifération_incontrôlée_de_cellules_anormales",0,1,0,0,0,"","Cancer_colorectal___Leucémie___Retinoblastome___cancer_du_sein__Lymphome__Meduloblastome__cancer_de_l'uterus__cancer_des_ovaires__cancer_de_poumons__Cancer_de_la_prostate__cancer_de_la_peau_",1,1,1,1,1,1,1,1,1,1,1,0,0,"","Tabagiste__Infections_(e.g.,_HPV,_hépatite_B/C)_Exposition_à_des_substances_chimiques_/_Pollution_de_la_nature_Facteurs_génétiques_/_Héréditaires",1,0,0,0,1,1,1,0,0,0,0,0,"","Faux_","VRAI","Vrai_","VRAI","Faux_","Faux_","VRAI","VRAI","Vaccination_(e.g.,_contre_HPV)_Dépistage_régulier_(e.g.,_mammographie,_frottis_cervical)_Arrêt_du_tabac_Alimentation_saine_et_exercice_physique__Évitement_des_expositions_environnementales_Examen_genetiques_pour_les_familles_a_risque",1,1,1,1,1,1,0,0,"","Filles_avant_le_début_de_la_vie_sexuelle","VRAI","si_detecte_et_pris_en_charge_au_stade_precoce_","Chirurgie__Chimiotherapie__Immunotherapie__Therapie_cible__Radiotherapie_",1,1,1,1,1,0,0,0,0,"","Soulager_la_douleur_et_les_autres_symptômes_(dyspnée,_nausées,_anxiété)","","Diagnostic_tardif__Manque_d'accès_aux_traitements_",1,1,0,0,0,0,0,0,0,"","Non","Manque_du_plateau_technique","L'information",2,"VRAI","Oui_,_beaucoup","Maladie_traitable","Non_","Non","","","","Une"
19,"Masculin","Sud_kivu","celibataire_",3,"Universite_Evangelique_en_Afrique_","OUI","Mes_cours_a_l'_universite_\_Formation_médicale",1,0,0,0,0,0,"","Une_prolifération_incontrôlée_de_cellules_anormales",0,1,0,0,0,"","Cancer_colorectal___Leucémie___Retinoblastome___cancer_du_sein__Lymphome__Meduloblastome__cancer_de_l'uterus__cancer_des_ovaires__cancer_de_poumons__Cancer_de_la_prostate__cancer_de_la_peau_",1,1,1,1,1,1,1,1,1,1,1,0,0,"","Tabagiste__Consomation_d'alocool__Exposition_à_des_substances_chimiques_/_Pollution_de_la_nature_Facteurs_génétiques_/_Héréditaires_Vieillissement_(_age_)_Mythes_culturels_(_sorcellerie)",1,1,0,0,0,1,1,1,1,0,0,0,"","Faux_","VRAI","Vrai_","VRAI","VRAI","VRAI","Je_ne_sais_pas_","Je_ne_sais_pas_","Vaccination_(e.g.,_contre_HPV)_Dépistage_régulier_(e.g.,_mammographie,_frottis_cervical)_Arrêt_du_tabac_Alimentation_saine_et_exercice_physique__Évitement_des_expositions_environnementales_Examen_genetiques_pour_les_familles_a_risque",1,1,1,1,1,1,0,0,"","Filles_avant_le_début_de_la_vie_sexuelle","Je_ne_sais_pas_","","Chimiotherapie__Therapie_cible__traitement_paliatif_",0,1,0,1,0,1,0,0,0,"","Soulager_la_douleur_et_les_autres_symptômes_(dyspnée,_nausées,_anxiété)","","Diagnostic_tardif__Manque_d'accès_aux_traitements__Insuffisance_de_ressources_(e.g.,_équipements,_personnel_specialise_dans_sa_prise_en_charge_)_Niveau_d'education_de_la_population_bas__Facteurs_socioculturels_(e.g.,_recours_à_la_médecine_traditionnelle)____Pauvreté_/_Manque_de_moyens_financiers__",1,1,1,1,1,1,0,0,0,"","Oui","","Éduquer_la_population_et_leurs_informé",5,"VRAI","Oui_,_beaucoup","Traitable,_si_il_a_été_diagnostiqué_précocement","Non_","Non","","","","La_prévention"
26,"Feminin_","Nord_kivu","celibataire_",10,"Universite_GOMA_","OUI","Mes_cours_a_l'_universite_\_Formation_médicale",1,0,0,0,0,0,"","Une_prolifération_incontrôlée_de_cellules_anormales",0,1,0,0,0,"","Cancer_colorectal___Leucémie____cancer_du_sein__Lymphome__cancer_de_l'uterus__cancer_des_ovaires__cancer_de_poumons__Cancer_de_la_prostate__cancer_de_la_peau_",1,1,0,1,1,0,1,1,1,1,1,0,0,"","Tabagiste__Exposition_à_des_substances_chimiques_/_Pollution_de_la_nature_Facteurs_génétiques_/_Héréditaires_Vieillissement_(_age_)",1,0,0,0,0,1,1,1,0,0,0,0,"","Faux_","VRAI","Vrai_","VRAI","Je_ne_sais_pas_","Faux_","VRAI","VRAI","Vaccination_(e.g.,_contre_HPV)_Dépistage_régulier_(e.g.,_mammographie,_frottis_cervical)_Évitement_des_expositions_environnementales_Examen_genetiques_pour_les_familles_a_risque",1,1,0,0,1,1,0,0,"","Filles_avant_le_début_de_la_vie_sexuelle","Je_ne_sais_pas_","","Chirurgie__Chimiotherapie__Therapie_cible__Radiotherapie__traitement_paliatif_",1,1,0,1,1,1,0,0,0,"","Améliorer_la_qualité_de_vie_du_patient_et_de_sa_famille","","Diagnostic_tardif__Manque_d'accès_aux_traitements__Insuffisance_de_ressources_(e.g.,_équipements,_personnel_specialise_dans_sa_prise_en_charge_)_Niveau_d'education_de_la_population_bas__Facteurs_socioculturels_(e.g.,_recours_à_la_médecine_traditionnelle)____Pauvreté_/_Manque_de_moyens_financiers__",1,1,1,1,1,1,0,0,0,"","Non","Manque_des_moyens_financiers,_materiels__approprié,_spécialiste_oncologue","Diagnostic_précoce,_éducation_de_la_population,_matériels_adequats_et_disponibilité_des_oncologue",5,"VRAI","Oui_,_beaucoup","Traitable","Non_","Non","","","","Enseignement_de_la_population,_disponibilisation_des_matériels_approprié,_et_traitement,_oncologue"
27,"Feminin_","Nord_kivu","Marié",10,"Universite_GOMA_","OUI","Mes_cours_a_l'_universite_\_Formation_médicale",1,0,0,0,0,0,"","Une_prolifération_incontrôlée_de_cellules_anormales",0,1,0,0,0,"","_cancer_du_sein__cancer_de_l'uterus__Cancer_de_la_prostate__cancer_de_la_peau_",0,0,0,1,0,0,1,0,0,1,1,0,0,"","Exposition_à_des_substances_chimiques_/_Pollution_de_la_nature_Facteurs_génétiques_/_Héréditaires_Vieillissement_(_age_)",0,0,0,0,0,1,1,1,0,0,0,0,"","Faux_","VRAI","Faux_","VRAI","VRAI","Faux_","VRAI","VRAI","Vaccination_(e.g.,_contre_HPV)_Dépistage_régulier_(e.g.,_mammographie,_frottis_cervical)_Arrêt_du_tabac_Examen_genetiques_pour_les_familles_a_risque",1,1,1,0,0,1,0,0,"","Filles_avant_le_début_de_la_vie_sexuelle","VRAI","si_detecte_et_pris_en_charge_au_stade_precoce_","Chirurgie__Chimiotherapie__Therapie_cible__Radiotherapie_",1,1,0,1,1,0,0,0,0,"","Soulager_la_douleur_et_les_autres_symptômes_(dyspnée,_nausées,_anxiété)","","Diagnostic_tardif_",1,0,0,0,0,0,0,0,0,"","Oui","","Dépistage_à_temps",1,"VRAI","Oui_,_beaucoup","Non","Non_","Non","","","","Dépistage_volontaire"
24,"Masculin","Nord_kivu","celibataire_",10,"Universite_GOMA_","OUI","Mes_cours_a_l'_universite_\_Formation_médicale_Expérience_clinique__durant_mon__Stages",1,0,0,0,1,0,"","Une_prolifération_incontrôlée_de_cellules_anormales",0,1,0,0,0,"","Cancer_colorectal___Leucémie___Retinoblastome___cancer_du_sein__Lymphome__cancer_de_l'uterus__cancer_des_ovaires__cancer_de_poumons__Cancer_de_la_prostate__cancer_de_la_peau_",1,1,1,1,1,0,1,1,1,1,1,0,0,"","Tabagiste__Consomation_d'alocool__Mauvaise_alimentation_(e.g.,_excès_de_viande_rouge,_faible_en_fruits/légumes)_Infections_(e.g.,_HPV,_hépatite_B/C)_Exposition_à_des_substances_chimiques_/_Pollution_de_la_nature_Vieillissement_(_age_)",1,1,1,0,1,1,0,1,0,0,0,0,"","Faux_","VRAI","Vrai_","VRAI","VRAI","Faux_","Je_ne_sais_pas_","VRAI","Vaccination_(e.g.,_contre_HPV)_Dépistage_régulier_(e.g.,_mammographie,_frottis_cervical)_Arrêt_du_tabac_Alimentation_saine_et_exercice_physique__Évitement_des_expositions_environnementales_Examen_genetiques_pour_les_familles_a_risque",1,1,1,1,1,1,0,0,"","Filles_avant_le_début_de_la_vie_sexuelle","VRAI","si_detecte_et_pris_en_charge_au_stade_precoce_","Chirurgie__Chimiotherapie__Immunotherapie__Therapie_cible__Radiotherapie__traitement_paliatif_",1,1,1,1,1,1,0,0,0,"","Soulager_la_douleur_et_les_autres_symptômes_(dyspnée,_nausées,_anxiété)","","Diagnostic_tardif__Manque_d'accès_aux_traitements__Insuffisance_de_ressources_(e.g.,_équipements,_personnel_specialise_dans_sa_prise_en_charge_)_Niveau_d'education_de_la_population_bas__Facteurs_socioculturels_(e.g.,_recours_à_la_médecine_traditionnelle)____Pauvreté_/_Manque_de_moyens_financiers__",1,1,1,1,1,1,0,0,0,"","Non","Pas_de_programme_de_prévention_adapté","Avoir_des_centres_de_dépistages_précoces_chez_les_personnes_à_risque,_créer_des_mutuelles_de_santé_pouvant_aider_dans_laccompagnement__des_malades_avec_cancer",1,"VRAI","Oui_,_beaucoup","Traitable","Non_","Non","","","","Conscientiser_la_communauté_sur_la_gravité_du_cancer_si_diagnostiquer_tardivement._Créer_un_programme_bien_financé_uvrant_dans_la_lutte_contre_le_cancer_dans_la_population."
25,"Feminin_","Hors_pays_","celibataire_",7,"Universite_Evangelique_en_Afrique_","OUI","Mes_cours_a_l'_universite_\_Formation_médicale_Médias_(TV,_radio,_internet)_Littérature_scientifique_/_Livres__Expérience_clinique__durant_mon__Stages",1,1,0,1,1,0,"","Une_prolifération_incontrôlée_de_cellules_anormales",0,1,0,0,0,"","Cancer_colorectal___Leucémie___Retinoblastome___cancer_du_sein__Lymphome__Meduloblastome__cancer_de_l'uterus__cancer_des_ovaires__cancer_de_poumons__Cancer_de_la_prostate__cancer_de_la_peau_",1,1,1,1,1,1,1,1,1,1,1,0,0,"","Tabagiste__Consomation_d'alocool__Mauvaise_alimentation_(e.g.,_excès_de_viande_rouge,_faible_en_fruits/légumes)_Exposition_à_des_substances_chimiques_/_Pollution_de_la_nature_Facteurs_génétiques_/_Héréditaires_Vieillissement_(_age_)",1,1,1,0,0,1,1,1,0,0,0,0,"","Faux_","VRAI","Vrai_","VRAI","VRAI","Faux_","VRAI","VRAI","Vaccination_(e.g.,_contre_HPV)_Dépistage_régulier_(e.g.,_mammographie,_frottis_cervical)_Arrêt_du_tabac_Alimentation_saine_et_exercice_physique__Évitement_des_expositions_environnementales_Examen_genetiques_pour_les_familles_a_risque",1,1,1,1,1,1,0,0,"","Filles_avant_le_début_de_la_vie_sexuelle","VRAI","si_detecte_et_pris_en_charge_au_stade_precoce_","Chirurgie__Chimiotherapie__Immunotherapie__Radiotherapie_",1,1,1,0,1,0,0,0,0,"","Soulager_la_douleur_et_les_autres_symptômes_(dyspnée,_nausées,_anxiété)","","Diagnostic_tardif__Manque_d'accès_aux_traitements__Insuffisance_de_ressources_(e.g.,_équipements,_personnel_specialise_dans_sa_prise_en_charge_)_Niveau_d'education_de_la_population_bas__Facteurs_socioculturels_(e.g.,_recours_à_la_médecine_traditionnelle)____Pauvreté_/_Manque_de_moyens_financiers__",1,1,1,1,1,1,0,0,0,"","Non","La_résistance_des_populations_aux_mesures_de_prévention,_l'éducation_sexuelle_non_adéquate,_le_mariage_précoce","Associer_une_éducation_sexuelle_dans_les_écoles_et_même_les_universités_et_les_centres_de_formation,_utiliser_une_communication_verbale_(se_servir_des_pasteurs,_des_chefs_religieux,_chefs_traditionnels....etc)et_non_verbale_dans_les_campagnes_de_sensibilisation_(affiches_,_posts,_publicités),_organiser_des_campagnes_de_sensibilisation_et_de_dépistage",3,"VRAI","Oui_,_beaucoup","C'est_une_affection_qui_peut_toucher_tout_le_monde_et_qui,_en_fonction_des_moyens_mis_en_jeu_peut_être_pris_en_charge.__Il_existe_de_nombreux_facteurs_de_risques_pour_différents_cancer_d'où_la_nécessité_de_jouer_sur_la_sensibilisation_et_la_vaccination_dans_certains_cas.","Non_","Non","","","","Tests_de_sensibilisation,_campagne_de_dépistage,_amélioration_de_la_qualité_de_vie_et_surtout_de_l'alimentation,_réduire_l'exposition_à_des_agents_chimiques_ou_toxiques,_réalisation_des_tests_gênetiques_pour_prévenir_les_transmissions_verticales,__promouvoir_les_mariages_entre_tribu_ou_ethnies_différentes"
28,"Feminin_","Maniema_","celibataire_",10,"Universite_GOMA_","OUI","Mes_cours_a_l'_universite_\_Formation_médicale_Médias_(TV,_radio,_internet)_Expérience_clinique__durant_mon__Stages",1,1,0,0,1,0,"","Une_prolifération_incontrôlée_de_cellules_anormales",0,1,0,0,0,"","_Leucémie___cancer_de_l'uterus__Cancer_de_la_prostate_",0,1,0,0,0,0,1,0,0,1,0,0,0,"","Tabagiste__Infections_(e.g.,_HPV,_hépatite_B/C)_Facteurs_génétiques_/_Héréditaires",1,0,0,0,1,0,1,0,0,0,0,0,"","Faux_","Je_ne_sais_pas_","Vrai_","VRAI","Faux_","Faux_","VRAI","VRAI","Vaccination_(e.g.,_contre_HPV)_Arrêt_du_tabac",1,0,1,0,0,0,0,0,"","Filles_avant_le_début_de_la_vie_sexuelle","VRAI","si_detecte_et_pris_en_charge_au_stade_precoce_","Chirurgie__Chimiotherapie__Radiotherapie_",1,1,0,0,1,0,0,0,0,"","Améliorer_la_qualité_de_vie_du_patient_et_de_sa_famille","","Diagnostic_tardif_",1,0,0,0,0,0,0,0,0,"","Oui","","Dépistage_et_vaccination",1,"Faux_","Oui_,_moderement_","Traitable","Non_","Non","","","","Dépistage"
24,"Masculin","Sud_kivu","celibataire_",7,"Universite_Evangelique_en_Afrique_","OUI","Mes_cours_a_l'_universite_\_Formation_médicale",1,0,0,0,0,0,"","Une_prolifération_incontrôlée_de_cellules_anormales",0,1,0,0,0,"","_cancer_du_sein_",0,0,0,1,0,0,0,0,0,0,0,0,0,"","Tabagiste__Consomation_d'alocool_",1,1,0,0,0,0,0,0,0,0,0,0,"","Faux_","VRAI","Vrai_","VRAI","VRAI","Faux_","Faux_","VRAI","Vaccination_(e.g.,_contre_HPV)_Arrêt_du_tabac",1,0,1,0,0,0,0,0,"","Femmes_de_plus_de_50_ans_","VRAI","si_detecte_et_pris_en_charge_au_stade_precoce_","Chimiotherapie__Radiotherapie__traitement_paliatif_",0,1,0,0,1,1,0,0,0,"","Faciliter_la_prise_en_charge_à_domicile_lorsque_possible","","Diagnostic_tardif_",1,0,0,0,0,0,0,0,0,"","Oui","","Dépistage",2,"Faux_","Non_","Traitable","Non_","Non","","","","Dépistage"
25,"Masculin","Maniema_","celibataire_",12,"Universite_de_kindu_","OUI","Mes_cours_a_l'_universite_\_Formation_médicale",1,0,0,0,0,0,"","Une_prolifération_incontrôlée_de_cellules_anormales",0,1,0,0,0,"","Retinoblastome_",0,0,1,0,0,0,0,0,0,0,0,0,0,"","Tabagiste__Mauvaise_alimentation_(e.g.,_excès_de_viande_rouge,_faible_en_fruits/légumes)_Infections_(e.g.,_HPV,_hépatite_B/C)_Facteurs_génétiques_/_Héréditaires_Vieillissement_(_age_)",1,0,1,0,1,0,1,1,0,0,0,0,"","Faux_","VRAI","Vrai_","VRAI","VRAI","Faux_","VRAI","VRAI","Dépistage_régulier_(e.g.,_mammographie,_frottis_cervical)_Arrêt_du_tabac_Évitement_des_expositions_environnementales_Examen_genetiques_pour_les_familles_a_risque",0,1,1,0,1,1,0,0,"","Filles_avant_le_début_de_la_vie_sexuelle","VRAI","si_detecte_et_pris_en_charge_au_stade_precoce_","Chirurgie__Chimiotherapie__je_ne_sais_pas_",1,1,0,0,0,0,0,1,0,"","Soulager_la_douleur_et_les_autres_symptômes_(dyspnée,_nausées,_anxiété)","","Diagnostic_tardif__Niveau_d'education_de_la_population_bas_",1,0,0,1,0,0,0,0,0,"","Non","Manque_de_sensibilisation","Dépistage_précoce_et_léducation_de_la_population",4,"VRAI","Oui_,_moderement_","Traitable_dans_certains_cas","Non_","Non","","","","L'éducation_de_la_population_aiderait_mieux"
28,"Masculin","Nord_kivu","celibataire_",16,"Universite_catholique_de_Graben_","OUI","Expérience_clinique__durant_mon__Stages",0,0,0,0,1,0,"","Une_prolifération_incontrôlée_de_cellules_anormales",0,1,0,0,0,"","Cancer_colorectal___Leucémie___Retinoblastome___cancer_du_sein__Lymphome__cancer_de_l'uterus__cancer_des_ovaires__cancer_de_poumons__Cancer_de_la_prostate_",1,1,1,1,1,0,1,1,1,1,0,0,0,"","Tabagiste__Consomation_d'alocool__Mauvaise_alimentation_(e.g.,_excès_de_viande_rouge,_faible_en_fruits/légumes)_Infections_(e.g.,_HPV,_hépatite_B/C)_Exposition_à_des_substances_chimiques_/_Pollution_de_la_nature_Facteurs_génétiques_/_Héréditaires_Vieillissement_(_age_)",1,1,1,0,1,1,1,1,0,0,0,0,"","Faux_","VRAI","Vrai_","VRAI","Faux_","Faux_","VRAI","Je_ne_sais_pas_","Vaccination_(e.g.,_contre_HPV)_Dépistage_régulier_(e.g.,_mammographie,_frottis_cervical)_Arrêt_du_tabac_Alimentation_saine_et_exercice_physique__Évitement_des_expositions_environnementales_Examen_genetiques_pour_les_familles_a_risque",1,1,1,1,1,1,0,0,"","Filles_avant_le_début_de_la_vie_sexuelle","VRAI","si_detecte_et_pris_en_charge_au_stade_precoce_","Chirurgie__Chimiotherapie__Immunotherapie__Radiotherapie_",1,1,1,0,1,0,0,0,0,"","Soulager_la_douleur_et_les_autres_symptômes_(dyspnée,_nausées,_anxiété)","","Diagnostic_tardif__Manque_d'accès_aux_traitements__Insuffisance_de_ressources_(e.g.,_équipements,_personnel_specialise_dans_sa_prise_en_charge_)_Niveau_d'education_de_la_population_bas__Facteurs_socioculturels_(e.g.,_recours_à_la_médecine_traditionnelle)____Pauvreté_/_Manque_de_moyens_financiers__",1,1,1,1,1,1,0,0,0,"","Oui","","Prendre_en_charge_de_frais_du_dépistage_du_cancer!",1,"VRAI","Oui_,_beaucoup","Trautable","Non_","Non","","","","La_sensibilisation_aux_soins_le_plus_tôt_possible"
24,"Feminin_","Sud_kivu","celibataire_",5,"Universite_Evangelique_en_Afrique_","OUI","Mes_cours_a_l'_universite_\_Formation_médicale",1,0,0,0,0,0,"","Une_prolifération_incontrôlée_de_cellules_anormales",0,1,0,0,0,"","Cancer_colorectal___Leucémie___Retinoblastome___cancer_du_sein__Lymphome__Meduloblastome__cancer_de_l'uterus__cancer_des_ovaires__cancer_de_poumons__Cancer_de_la_prostate__cancer_de_la_peau_",1,1,1,1,1,1,1,1,1,1,1,0,0,"","Tabagiste__Consomation_d'alocool__Infections_(e.g.,_HPV,_hépatite_B/C)_Exposition_à_des_substances_chimiques_/_Pollution_de_la_nature_Facteurs_génétiques_/_Héréditaires",1,1,0,0,1,1,1,0,0,0,0,0,"","Faux_","VRAI","Je_ne_sais_pas_","VRAI","Je_ne_sais_pas_","Faux_","Je_ne_sais_pas_","VRAI","Vaccination_(e.g.,_contre_HPV)_Dépistage_régulier_(e.g.,_mammographie,_frottis_cervical)_Arrêt_du_tabac_Évitement_des_expositions_environnementales_Examen_genetiques_pour_les_familles_a_risque",1,1,1,0,1,1,0,0,"","Filles_avant_le_début_de_la_vie_sexuelle","VRAI","si_detecte_et_pris_en_charge_au_stade_precoce_","Chirurgie__Chimiotherapie__Immunotherapie__Therapie_cible__Radiotherapie_",1,1,1,1,1,0,0,0,0,"","Améliorer_la_qualité_de_vie_du_patient_et_de_sa_famille","","Diagnostic_tardif__Manque_d'accès_aux_traitements__Insuffisance_de_ressources_(e.g.,_équipements,_personnel_specialise_dans_sa_prise_en_charge_)_Pauvreté_/_Manque_de_moyens_financiers__",1,1,1,0,0,1,0,0,0,"","Non","La_RDC_na_pas_des_équipements_et_les_personnes_spécialisés_pour_cette_prise_en_charge","Dépistage(_surtout_quand_il_existe_de_facteurs_héréditaires),_vaccination,_exercice_physique_et_éducation_de_la_population",5,"VRAI","Oui_,_moderement_","Une_maladie","Non_","Non","","","","Dépistage,_vaccination,_formation_spécialisé_dans_le_domaine_de_loncologie,_des_hôpitaux_spécialisé_et_les_matériels_nécessaires"
24,"Feminin_","Sud_kivu","celibataire_",5,"Universite_Evangelique_en_Afrique_","OUI","Mes_cours_a_l'_universite_\_Formation_médicale_Médias_(TV,_radio,_internet)_Littérature_scientifique_/_Livres_",1,1,0,1,0,0,"","Une_prolifération_incontrôlée_de_cellules_anormales",0,1,0,0,0,"","Cancer_colorectal___Leucémie___Retinoblastome___cancer_du_sein__Lymphome__Meduloblastome__cancer_de_l'uterus__cancer_des_ovaires__cancer_de_poumons__Cancer_de_la_prostate__cancer_de_la_peau__Autre",1,1,1,1,1,1,1,1,1,1,1,0,1,"Cancer_du_larynx,_etc.","Tabagiste__Infections_(e.g.,_HPV,_hépatite_B/C)_Exposition_à_des_substances_chimiques_/_Pollution_de_la_nature_Facteurs_génétiques_/_Héréditaires",1,0,0,0,1,1,1,0,0,0,0,0,"","Faux_","VRAI","Vrai_","VRAI","Je_ne_sais_pas_","Je_ne_sais_pas_","Faux_","VRAI","Vaccination_(e.g.,_contre_HPV)_Dépistage_régulier_(e.g.,_mammographie,_frottis_cervical)_Arrêt_du_tabac_Évitement_des_expositions_environnementales_Examen_genetiques_pour_les_familles_a_risque",1,1,1,0,1,1,0,0,"","Filles_avant_le_début_de_la_vie_sexuelle","Je_ne_sais_pas_","","Chirurgie__Chimiotherapie__Radiotherapie__traitement_paliatif__Traitement_traditionnel_/_Herbes_",1,1,0,0,1,1,1,0,0,"","Soulager_la_douleur_et_les_autres_symptômes_(dyspnée,_nausées,_anxiété)","","Diagnostic_tardif__Manque_d'accès_aux_traitements__Insuffisance_de_ressources_(e.g.,_équipements,_personnel_specialise_dans_sa_prise_en_charge_)_Niveau_d'education_de_la_population_bas__Facteurs_socioculturels_(e.g.,_recours_à_la_médecine_traditionnelle)____Pauvreté_/_Manque_de_moyens_financiers__",1,1,1,1,1,1,0,0,0,"","Non","Non_accessibilité_aux_moyens_de_prévention_par_la_population,__des_fois_même_ces_moyens_de_prévention_n'existent_pas,_population_non_éduquée,_etc.","Le_dépistage_précoce_des_mersonnes_à_risque,__l'éducation_sur_l'utilisation_de_certains_médicaments,__éduquer_la_population_à_faire_des_dépistages_fréquemment_et_toujours_consulter_un_médecin_avant_d'utiliser_certains_médicaments.",1,"VRAI","Oui_,_beaucoup","Quand_c'est_déjà_un_cancer,_le_traitement_peut_être_difficile_mais_je_ne_la_qualifierai_pas_de_maudite","Non_","Non","","","","D'avoir_l'implication_du_gouvernement_congolais_dans_l'éducation_et_dépistage_des_cancers_dans_la_population,__disponibiliser_les_moyens_de_prévention_et_améliorer_le_système_de_santé_dans_nos_régions."
30,"Masculin","Sud_kivu","celibataire_",7,"Universite_Evangelique_en_Afrique_","OUI","Mes_cours_a_l'_universite_\_Formation_médicale",1,0,0,0,0,0,"","Une_prolifération_incontrôlée_de_cellules_anormales",0,1,0,0,0,"","_Leucémie___Retinoblastome___cancer_du_sein__cancer_de_l'uterus__cancer_des_ovaires__cancer_de_poumons__Cancer_de_la_prostate_",0,1,1,1,0,0,1,1,1,1,0,0,0,"","Tabagiste__Infections_(e.g.,_HPV,_hépatite_B/C)",1,0,0,0,1,0,0,0,0,0,0,0,"","Faux_","VRAI","Vrai_","VRAI","Je_ne_sais_pas_","VRAI","Je_ne_sais_pas_","VRAI","Vaccination_(e.g.,_contre_HPV)_Dépistage_régulier_(e.g.,_mammographie,_frottis_cervical)_Arrêt_du_tabac",1,1,1,0,0,0,0,0,"","Filles_avant_le_début_de_la_vie_sexuelle","VRAI","si_detecte_et_pris_en_charge_au_stade_precoce_","Chirurgie__Chimiotherapie__Immunotherapie__traitement_paliatif_",1,1,1,0,0,1,0,0,0,"","Améliorer_la_qualité_de_vie_du_patient_et_de_sa_famille","","Pauvreté_/_Manque_de_moyens_financiers__",0,0,0,0,0,1,0,0,0,"","Je_ne_sais_pas","","L'accès_facile_aux_soins_médicaux",4,"VRAI","Oui_,_moderement_","Non","Non_","Non","","","","Diagnostic_précoce,_dépistage_régulier_et_réduction_des_frais_médicaux"
26,"Masculin","Sud_kivu","celibataire_",9,"Universite_Officielle_de_Bukavu_(_UOB)","OUI","Mes_cours_a_l'_universite_\_Formation_médicale_Littérature_scientifique_/_Livres__Expérience_clinique__durant_mon__Stages",1,0,0,1,1,0,"","Une_prolifération_incontrôlée_de_cellules_anormales",0,1,0,0,0,"","Cancer_colorectal___cancer_du_sein__cancer_de_l'uterus__cancer_des_ovaires__Cancer_de_la_prostate_",1,0,0,1,0,0,1,1,0,1,0,0,0,"","Tabagiste__Infections_(e.g.,_HPV,_hépatite_B/C)_Vieillissement_(_age_)",1,0,0,0,1,0,0,1,0,0,0,0,"","Faux_","Faux_","Vrai_","VRAI","Je_ne_sais_pas_","Faux_","Je_ne_sais_pas_","VRAI","Vaccination_(e.g.,_contre_HPV)_Dépistage_régulier_(e.g.,_mammographie,_frottis_cervical)_Arrêt_du_tabac_Alimentation_saine_et_exercice_physique_",1,1,1,1,0,0,0,0,"","Filles_avant_le_début_de_la_vie_sexuelle","VRAI","si_detecte_et_pris_en_charge_au_stade_precoce_","Chirurgie__Chimiotherapie__Radiotherapie_",1,1,0,0,1,0,0,0,0,"","Améliorer_la_qualité_de_vie_du_patient_et_de_sa_famille","","Diagnostic_tardif__Niveau_d'education_de_la_population_bas_",1,0,0,1,0,0,0,0,0,"","Non","Sous_équipement_pour_diagnostic","Moyen",2,"Faux_","Oui_,_moderement_","Nob_maladie_comme_autre","Non_","Non","","","","Diagnostic_précoce"
25,"Feminin_","Sud_kivu","celibataire_",9,"Universite_Officielle_de_Bukavu_(_UOB)","OUI","Mes_cours_a_l'_universite_\_Formation_médicale_Médias_(TV,_radio,_internet)_Littérature_scientifique_/_Livres__Expérience_clinique__durant_mon__Stages",1,1,0,1,1,0,"","Une_prolifération_incontrôlée_de_cellules_anormales",0,1,0,0,0,"","Cancer_colorectal___Leucémie___Retinoblastome___cancer_du_sein__Lymphome__Meduloblastome__cancer_de_l'uterus__cancer_des_ovaires__cancer_de_poumons__Cancer_de_la_prostate__cancer_de_la_peau_",1,1,1,1,1,1,1,1,1,1,1,0,0,"","Tabagiste__Infections_(e.g.,_HPV,_hépatite_B/C)_Exposition_à_des_substances_chimiques_/_Pollution_de_la_nature_Facteurs_génétiques_/_Héréditaires_Vieillissement_(_age_)",1,0,0,0,1,1,1,1,0,0,0,0,"","Faux_","VRAI","Faux_","VRAI","VRAI","Faux_","VRAI","VRAI","Vaccination_(e.g.,_contre_HPV)_Dépistage_régulier_(e.g.,_mammographie,_frottis_cervical)_Arrêt_du_tabac_Évitement_des_expositions_environnementales_Examen_genetiques_pour_les_familles_a_risque",1,1,1,0,1,1,0,0,"","Femmes_de_plus_de_50_ans_","VRAI","si_detecte_et_pris_en_charge_au_stade_precoce_","Chirurgie__Chimiotherapie__Immunotherapie__Radiotherapie__traitement_paliatif_",1,1,1,0,1,1,0,0,0,"","Soulager_la_douleur_et_les_autres_symptômes_(dyspnée,_nausées,_anxiété)","","Diagnostic_tardif__Manque_d'accès_aux_traitements__Insuffisance_de_ressources_(e.g.,_équipements,_personnel_specialise_dans_sa_prise_en_charge_)_Niveau_d'education_de_la_population_bas__Facteurs_socioculturels_(e.g.,_recours_à_la_médecine_traditionnelle)____Pauvreté_/_Manque_de_moyens_financiers__",1,1,1,1,1,1,0,0,0,"","Non","Niveau_socio-économique,_pas_de_dépistage,_retard_du_diagnostic","Le_dépistage_systatique,_vaccination,_alimentation_saine,_arrêt_du_tabac",2,"VRAI","Oui_,_beaucoup","C'est_une_maladie_traitble_si_la_découverte_est_précoce","Non_","Non","","","","Dépistage_systématique,_alimentation_saine,_vaccination_etc"
24,"Masculin","Nord_kivu","celibataire_",8,"Universite_Libre_des_grand_LACS_","OUI","Mes_cours_a_l'_universite_\_Formation_médicale",1,0,0,0,0,0,"","Une_prolifération_incontrôlée_de_cellules_anormales",0,1,0,0,0,"","Cancer_colorectal___Leucémie___Retinoblastome___cancer_du_sein__Lymphome__Meduloblastome__cancer_de_l'uterus__cancer_des_ovaires__cancer_de_poumons__Cancer_de_la_prostate__cancer_de_la_peau_",1,1,1,1,1,1,1,1,1,1,1,0,0,"","Tabagiste__Consomation_d'alocool__Exposition_à_des_substances_chimiques_/_Pollution_de_la_nature_Facteurs_génétiques_/_Héréditaires_Vieillissement_(_age_)",1,1,0,0,0,1,1,1,0,0,0,0,"","Faux_","VRAI","Vrai_","VRAI","VRAI","Faux_","VRAI","VRAI","Vaccination_(e.g.,_contre_HPV)_Dépistage_régulier_(e.g.,_mammographie,_frottis_cervical)_Arrêt_du_tabac_Alimentation_saine_et_exercice_physique__Évitement_des_expositions_environnementales_Examen_genetiques_pour_les_familles_a_risque",1,1,1,1,1,1,0,0,"","Filles_avant_le_début_de_la_vie_sexuelle","VRAI","si_detecte_et_pris_en_charge_au_stade_precoce_","Chirurgie__Chimiotherapie__Immunotherapie__Therapie_cible__Radiotherapie_",1,1,1,1,1,0,0,0,0,"","Soulager_la_douleur_et_les_autres_symptômes_(dyspnée,_nausées,_anxiété)","","Diagnostic_tardif__Manque_d'accès_aux_traitements__Insuffisance_de_ressources_(e.g.,_équipements,_personnel_specialise_dans_sa_prise_en_charge_)",1,1,1,0,0,0,0,0,0,"","Non","Manque_de_ressources","Communication_efficace_et_financement_des_services_de_santé",1,"VRAI","Oui_,_moderement_","Mauvais_sort","Non_","Non","","","","Former_des_professionnels,_éducation_sanitaire_et_équiper_les_hôpitaux"
28,"Masculin","Sud_kivu","celibataire_",9,"Universite_Officielle_de_Bukavu_(_UOB)","OUI","Mes_cours_a_l'_universite_\_Formation_médicale_Littérature_scientifique_/_Livres__Expérience_clinique__durant_mon__Stages",1,0,0,1,1,0,"","Une_prolifération_incontrôlée_de_cellules_anormales",0,1,0,0,0,"","Cancer_colorectal___Leucémie___Retinoblastome___cancer_du_sein__Lymphome__Meduloblastome__cancer_de_l'uterus__cancer_des_ovaires__cancer_de_poumons__Cancer_de_la_prostate__cancer_de_la_peau_",1,1,1,1,1,1,1,1,1,1,1,0,0,"","Tabagiste__Infections_(e.g.,_HPV,_hépatite_B/C)_Exposition_à_des_substances_chimiques_/_Pollution_de_la_nature_Facteurs_génétiques_/_Héréditaires",1,0,0,0,1,1,1,0,0,0,0,0,"","Faux_","VRAI","Faux_","VRAI","Je_ne_sais_pas_","Faux_","VRAI","VRAI","Vaccination_(e.g.,_contre_HPV)_Dépistage_régulier_(e.g.,_mammographie,_frottis_cervical)_Arrêt_du_tabac_Évitement_des_expositions_environnementales_Examen_genetiques_pour_les_familles_a_risque",1,1,1,0,1,1,0,0,"","Filles_avant_le_début_de_la_vie_sexuelle","VRAI","si_detecte_et_pris_en_charge_au_stade_precoce_","Chirurgie__Chimiotherapie__Immunotherapie__Therapie_cible__Radiotherapie__traitement_paliatif_",1,1,1,1,1,1,0,0,0,"","Soulager_la_douleur_et_les_autres_symptômes_(dyspnée,_nausées,_anxiété)","","Diagnostic_tardif__Manque_d'accès_aux_traitements__Insuffisance_de_ressources_(e.g.,_équipements,_personnel_specialise_dans_sa_prise_en_charge_)_Niveau_d'education_de_la_population_bas__Facteurs_socioculturels_(e.g.,_recours_à_la_médecine_traditionnelle)____Pauvreté_/_Manque_de_moyens_financiers__",1,1,1,1,1,1,0,0,0,"","Non","Négligence_et_mauvaise_foi_des_decidants","Dépistage_des_personnes_à_risque,_équipement_des_infrastructures_hospitalières",1,"VRAI","Oui_,_moderement_","Une_maladie_comme_les_autres,_et_donc_traitable_si_diagnostic_précoces","Non_","Non","","","","Formation_des_prestataires_en_oncologie,_équipé_les_structures_sanitaires"
28,"Masculin","Sud_kivu","celibataire_",9,"Universite_Officielle_de_Bukavu_(_UOB)","OUI","Mes_cours_a_l'_universite_\_Formation_médicale_Expérience_clinique__durant_mon__Stages",1,0,0,0,1,0,"","Une_prolifération_incontrôlée_de_cellules_anormales",0,1,0,0,0,"","_Leucémie___Lymphome__Cancer_de_la_prostate_",0,1,0,0,1,0,0,0,0,1,0,0,0,"","Tabagiste__Consomation_d'alocool__Exposition_à_des_substances_chimiques_/_Pollution_de_la_nature_Facteurs_génétiques_/_Héréditaires",1,1,0,0,0,1,1,0,0,0,0,0,"","Faux_","VRAI","Vrai_","VRAI","Je_ne_sais_pas_","Faux_","Faux_","VRAI","Vaccination_(e.g.,_contre_HPV)_Dépistage_régulier_(e.g.,_mammographie,_frottis_cervical)_Arrêt_du_tabac_Évitement_des_expositions_environnementales",1,1,1,0,1,0,0,0,"","Filles_avant_le_début_de_la_vie_sexuelle","VRAI","si_detecte_et_pris_en_charge_au_stade_precoce_","Chirurgie__Chimiotherapie__Therapie_cible__Radiotherapie_",1,1,0,1,1,0,0,0,0,"","Soutenir_laccompagnement_psychologique_et_spirituel","","Diagnostic_tardif__Insuffisance_de_ressources_(e.g.,_équipements,_personnel_specialise_dans_sa_prise_en_charge_)_Niveau_d'education_de_la_population_bas_",1,0,1,1,0,0,0,0,0,"","Non","Manque_de_personnel_medical_specialisé_dans_la_prise_encharge_et_manque_d'equipememts","Depistage_,_vaccination_et_information_la_population",1,"VRAI","Oui_,_beaucoup","Traitable","Non_","Non","","","","Depistage_et_information_de_la_population_sur_l'existence_du_cancers"
26,"Masculin","Sud_kivu","celibataire_",9,"Universite_Officielle_de_Bukavu_(_UOB)","OUI","Mes_cours_a_l'_universite_\_Formation_médicale",1,0,0,0,0,0,"","Une_prolifération_incontrôlée_de_cellules_anormales",0,1,0,0,0,"","cancer_de_l'uterus_",0,0,0,0,0,0,1,0,0,0,0,0,0,"","Infections_(e.g.,_HPV,_hépatite_B/C)",0,0,0,0,1,0,0,0,0,0,0,0,"","Faux_","VRAI","Faux_","VRAI","Je_ne_sais_pas_","Faux_","VRAI","VRAI","Vaccination_(e.g.,_contre_HPV)_Dépistage_régulier_(e.g.,_mammographie,_frottis_cervical)_Arrêt_du_tabac",1,1,1,0,0,0,0,0,"","Filles_avant_le_début_de_la_vie_sexuelle","VRAI","si_detecte_et_pris_en_charge_au_stade_precoce_","Chirurgie__Chimiotherapie__Therapie_cible__Radiotherapie_",1,1,0,1,1,0,0,0,0,"","Soulager_la_douleur_et_les_autres_symptômes_(dyspnée,_nausées,_anxiété)","","Diagnostic_tardif__Manque_d'accès_aux_traitements__Insuffisance_de_ressources_(e.g.,_équipements,_personnel_specialise_dans_sa_prise_en_charge_)_Facteurs_socioculturels_(e.g.,_recours_à_la_médecine_traditionnelle)____Pauvreté_/_Manque_de_moyens_financiers__",1,1,1,0,1,1,0,0,0,"","Non","Le_diagnostic_est_tardif_et_prise_en_charge_inadéquate_suite_au_manque_de_moyens","Faire_des_campagnes_de_sensibilisation_pour_expliquer_à_la_population_l'intérêt_d'un_dépistage_et_diagnostic_précoce",5,"VRAI","Oui_,_beaucoup","C'est_une_maladie_traitable_si_diagnostiquée_précocement","Non_","Non","","","","Sensibiliser_la_population_au_dépistage_et_de_doter_les_hôpitaux_des_moyens_de_diagnostic_et_de_prise_en_charge."
27,"Masculin","Sud_kivu","celibataire_",10,"Universite_Officielle_de_Bukavu_(_UOB)","OUI","Mes_cours_a_l'_universite_\_Formation_médicale",1,0,0,0,0,0,"","Une_prolifération_incontrôlée_de_cellules_anormales",0,1,0,0,0,"","Cancer_colorectal___Leucémie___Retinoblastome___cancer_du_sein__Lymphome__Meduloblastome__cancer_de_l'uterus__cancer_de_poumons__Cancer_de_la_prostate__cancer_de_la_peau_",1,1,1,1,1,1,1,0,1,1,1,0,0,"","Tabagiste__Facteurs_génétiques_/_Héréditaires",1,0,0,0,0,0,1,0,0,0,0,0,"","Faux_","VRAI","Faux_","VRAI","VRAI","Faux_","VRAI","VRAI","Vaccination_(e.g.,_contre_HPV)_Dépistage_régulier_(e.g.,_mammographie,_frottis_cervical)_Arrêt_du_tabac_Examen_genetiques_pour_les_familles_a_risque",1,1,1,0,0,1,0,0,"","Filles_avant_le_début_de_la_vie_sexuelle","VRAI","si_detecte_et_pris_en_charge_au_stade_precoce_","Chirurgie__Chimiotherapie__Immunotherapie__Therapie_cible__Radiotherapie__traitement_paliatif_",1,1,1,1,1,1,0,0,0,"","Soulager_la_douleur_et_les_autres_symptômes_(dyspnée,_nausées,_anxiété)","","Diagnostic_tardif__Niveau_d'education_de_la_population_bas_",1,0,0,1,0,0,0,0,0,"","Oui","","Dépistage_précoce",5,"VRAI","Oui_,_beaucoup","Traitable","Non_","Non","","","","Education_sociale"
28,"Masculin","Nord_kivu","celibataire_",10,"Universite_GOMA_","OUI","Mes_cours_a_l'_universite_\_Formation_médicale",1,0,0,0,0,0,"","Une_prolifération_incontrôlée_de_cellules_anormales",0,1,0,0,0,"","Cancer_colorectal___Leucémie___Retinoblastome___cancer_du_sein__Lymphome__cancer_des_ovaires__cancer_de_poumons__Cancer_de_la_prostate_",1,1,1,1,1,0,0,1,1,1,0,0,0,"","Tabagiste__Mauvaise_alimentation_(e.g.,_excès_de_viande_rouge,_faible_en_fruits/légumes)_Infections_(e.g.,_HPV,_hépatite_B/C)_Exposition_à_des_substances_chimiques_/_Pollution_de_la_nature_Facteurs_génétiques_/_Héréditaires",1,0,1,0,1,1,1,0,0,0,0,0,"","Faux_","VRAI","Faux_","VRAI","Je_ne_sais_pas_","Faux_","Je_ne_sais_pas_","VRAI","Vaccination_(e.g.,_contre_HPV)_Dépistage_régulier_(e.g.,_mammographie,_frottis_cervical)_Arrêt_du_tabac_Alimentation_saine_et_exercice_physique__Évitement_des_expositions_environnementales_Examen_genetiques_pour_les_familles_a_risque",1,1,1,1,1,1,0,0,"","Filles_avant_le_début_de_la_vie_sexuelle","VRAI","si_detecte_et_pris_en_charge_au_stade_precoce_","Chirurgie__Chimiotherapie__Immunotherapie__Radiotherapie_",1,1,1,0,1,0,0,0,0,"","Soulager_la_douleur_et_les_autres_symptômes_(dyspnée,_nausées,_anxiété)","","Diagnostic_tardif__Manque_d'accès_aux_traitements_",1,1,0,0,0,0,0,0,0,"","Non","Manque_de_centre_spécialisé","Dépistage_précoce_et_sensibilisations",3,"Je_ne_sais_pas_","Oui_,_moderement_","Maladie_contrôlable_mais_pas_toujours_curable","Non_","Non","","","","Sensibilisations,Dépistage,_vaccination,_disponibilité_de_centre_spécialisé"
28,"Masculin","Sud_kivu","celibataire_",10,"Universite_GOMA_","OUI","Mes_cours_a_l'_universite_\_Formation_médicale",1,0,0,0,0,0,"","Une_prolifération_incontrôlée_de_cellules_anormales",0,1,0,0,0,"","Cancer_colorectal___Leucémie___Retinoblastome___cancer_du_sein__Cancer_de_la_prostate__cancer_de_la_peau_",1,1,1,1,0,0,0,0,0,1,1,0,0,"","Tabagiste__Mauvaise_alimentation_(e.g.,_excès_de_viande_rouge,_faible_en_fruits/légumes)_Infections_(e.g.,_HPV,_hépatite_B/C)_Exposition_à_des_substances_chimiques_/_Pollution_de_la_nature_Facteurs_génétiques_/_Héréditaires",1,0,1,0,1,1,1,0,0,0,0,0,"","Faux_","VRAI","Je_ne_sais_pas_","VRAI","Faux_","Faux_","VRAI","VRAI","Vaccination_(e.g.,_contre_HPV)_Dépistage_régulier_(e.g.,_mammographie,_frottis_cervical)_Arrêt_du_tabac_Alimentation_saine_et_exercice_physique__Évitement_des_expositions_environnementales_Examen_genetiques_pour_les_familles_a_risque",1,1,1,1,1,1,0,0,"","Filles_avant_le_début_de_la_vie_sexuelle","VRAI","si_detecte_et_pris_en_charge_au_stade_precoce_","Chirurgie__Chimiotherapie__Radiotherapie__traitement_paliatif_",1,1,0,0,1,1,0,0,0,"","Soulager_la_douleur_et_les_autres_symptômes_(dyspnée,_nausées,_anxiété)","","Diagnostic_tardif__Manque_d'accès_aux_traitements__Insuffisance_de_ressources_(e.g.,_équipements,_personnel_specialise_dans_sa_prise_en_charge_)_Niveau_d'education_de_la_population_bas__Facteurs_socioculturels_(e.g.,_recours_à_la_médecine_traditionnelle)____Pauvreté_/_Manque_de_moyens_financiers__",1,1,1,1,1,1,0,0,0,"","Non","Diagnostic_tardif_et_prise_en_plateau_thérapeutique_limité","Dépistage_précoce",4,"VRAI","Oui_,_moderement_","Traitable","Non_","Non","","","","Sensibilisation_pour_dépistage_et_amélioration_de_la_prise_en_charge"
26,"Masculin","Sud_kivu","celibataire_",15,"Universite_Officielle_de_Bukavu_(_UOB)","OUI","Mes_cours_a_l'_universite_\_Formation_médicale",1,0,0,0,0,0,"","Une_prolifération_incontrôlée_de_cellules_anormales",0,1,0,0,0,"","_cancer_du_sein__Lymphome__cancer_de_l'uterus__Cancer_de_la_prostate_",0,0,0,1,1,0,1,0,0,1,0,0,0,"","Tabagiste__Infections_(e.g.,_HPV,_hépatite_B/C)",1,0,0,0,1,0,0,0,0,0,0,0,"","Faux_","VRAI","Vrai_","VRAI","Je_ne_sais_pas_","Faux_","Je_ne_sais_pas_","VRAI","Vaccination_(e.g.,_contre_HPV)_Arrêt_du_tabac",1,0,1,0,0,0,0,0,"","Filles_avant_le_début_de_la_vie_sexuelle","VRAI","si_detecte_et_pris_en_charge_au_stade_precoce_","Chirurgie__Chimiotherapie_",1,1,0,0,0,0,0,0,0,"","Être_intégrés_précocement_dans_la_prise_en_charge_des_cancers_avancés","","Diagnostic_tardif_",1,0,0,0,0,0,0,0,0,"","Je_ne_sais_pas","","Dépistage_précoce",3,"VRAI","Oui_,_moderement_","Traitable","Non_","Non","","","","Organisation_des_journées_de_dépistage"
27,"Masculin","Sud_kivu","celibataire_",10,"Universite_GOMA_","OUI","Littérature_scientifique_/_Livres_",0,0,0,1,0,0,"","Une_prolifération_incontrôlée_de_cellules_anormales",0,1,0,0,0,"","_cancer_du_sein_",0,0,0,1,0,0,0,0,0,0,0,0,0,"","Tabagiste__Mauvaise_alimentation_(e.g.,_excès_de_viande_rouge,_faible_en_fruits/légumes)_Exposition_à_des_substances_chimiques_/_Pollution_de_la_nature_Facteurs_génétiques_/_Héréditaires_Vieillissement_(_age_)",1,0,1,0,0,1,1,1,0,0,0,0,"","Faux_","VRAI","Vrai_","VRAI","Je_ne_sais_pas_","Faux_","VRAI","VRAI","Vaccination_(e.g.,_contre_HPV)_Arrêt_du_tabac_Alimentation_saine_et_exercice_physique__Évitement_des_expositions_environnementales",1,0,1,1,1,0,0,0,"","Filles_avant_le_début_de_la_vie_sexuelle","VRAI","si_detecte_et_pris_en_charge_au_stade_precoce_","Chirurgie__Chimiotherapie__Immunotherapie__Radiotherapie__traitement_paliatif_",1,1,1,0,1,1,0,0,0,"","Améliorer_la_qualité_de_vie_du_patient_et_de_sa_famille","","Diagnostic_tardif__Manque_d'accès_aux_traitements__Insuffisance_de_ressources_(e.g.,_équipements,_personnel_specialise_dans_sa_prise_en_charge_)",1,1,1,0,0,0,0,0,0,"","Non","Dépistage_tardif","Créer_les_centres_de_traitement_de_cancérologie",2,"VRAI","Non_","Traitable","Non_","Non","","","","Dépistage"
28,"Masculin","Sud_kivu","celibataire_",10,"Universite_GOMA_","OUI","Mes_cours_a_l'_universite_\_Formation_médicale",1,0,0,0,0,0,"","Une_prolifération_incontrôlée_de_cellules_anormales",0,1,0,0,0,"","_cancer_du_sein__cancer_de_l'uterus__cancer_des_ovaires__cancer_de_poumons__Cancer_de_la_prostate_",0,0,0,1,0,0,1,1,1,1,0,0,0,"","Tabagiste__Facteurs_génétiques_/_Héréditaires",1,0,0,0,0,0,1,0,0,0,0,0,"","Faux_","VRAI","Vrai_","VRAI","VRAI","Faux_","VRAI","VRAI","Dépistage_régulier_(e.g.,_mammographie,_frottis_cervical)_Arrêt_du_tabac_Alimentation_saine_et_exercice_physique_",0,1,1,1,0,0,0,0,"","Femmes_de_plus_de_50_ans_","VRAI","si_detecte_et_pris_en_charge_au_stade_precoce_","Chirurgie__Chimiotherapie__Radiotherapie_",1,1,0,0,1,0,0,0,0,"","Améliorer_la_qualité_de_vie_du_patient_et_de_sa_famille","","Diagnostic_tardif__Manque_d'accès_aux_traitements__Niveau_d'education_de_la_population_bas__Facteurs_socioculturels_(e.g.,_recours_à_la_médecine_traditionnelle)____Pauvreté_/_Manque_de_moyens_financiers__",1,1,0,1,1,1,0,0,0,"","Oui","","Dépistage_précoce",2,"VRAI","Oui_,_beaucoup","Traitable","Non_","Non","","","","Faire_le_dépistage_précoce."
25,"Feminin_","Sud_kivu","celibataire_",5,"Universite_Officielle_de_Bukavu_(_UOB)","OUI","Mes_cours_a_l'_universite_\_Formation_médicale",1,0,0,0,0,0,"","Une_prolifération_incontrôlée_de_cellules_anormales",0,1,0,0,0,"","_Leucémie__",0,1,0,0,0,0,0,0,0,0,0,0,0,"","Tabagiste_",1,0,0,0,0,0,0,0,0,0,0,0,"","Faux_","VRAI","Faux_","VRAI","Faux_","Faux_","Faux_","Je_ne_sais_pas_","Dépistage_régulier_(e.g.,_mammographie,_frottis_cervical)",0,1,0,0,0,0,0,0,"","Patients_avec_un_cancer_cervical_ou_autre_type_","VRAI","si_detecte_et_pris_en_charge_au_stade_precoce_","Chimiotherapie_",0,1,0,0,0,0,0,0,0,"","Soulager_la_douleur_et_les_autres_symptômes_(dyspnée,_nausées,_anxiété)","","Diagnostic_tardif_",1,0,0,0,0,0,0,0,0,"","Je_ne_sais_pas","","Le_dépistage",1,"Je_ne_sais_pas_","Je_ne_sais_pas_","Traitable","Non_","Non","","","","Dépistage"
28,"Masculin","Sud_kivu","celibataire_",9,"Universite_Officielle_de_Bukavu_(_UOB)","OUI","Mes_cours_a_l'_universite_\_Formation_médicale_Littérature_scientifique_/_Livres_",1,0,0,1,0,0,"","Une_prolifération_incontrôlée_de_cellules_anormales",0,1,0,0,0,"","_Leucémie____cancer_du_sein__cancer_de_l'uterus__cancer_des_ovaires__Cancer_de_la_prostate__cancer_de_la_peau_",0,1,0,1,0,0,1,1,0,1,1,0,0,"","Tabagiste__Consomation_d'alocool__Infections_(e.g.,_HPV,_hépatite_B/C)_Facteurs_génétiques_/_Héréditaires",1,1,0,0,1,0,1,0,0,0,0,0,"","Faux_","VRAI","Vrai_","VRAI","Je_ne_sais_pas_","Faux_","VRAI","VRAI","Vaccination_(e.g.,_contre_HPV)_Dépistage_régulier_(e.g.,_mammographie,_frottis_cervical)_Arrêt_du_tabac_Évitement_des_expositions_environnementales_Examen_genetiques_pour_les_familles_a_risque",1,1,1,0,1,1,0,0,"","Filles_avant_le_début_de_la_vie_sexuelle","VRAI","si_detecte_et_pris_en_charge_au_stade_precoce_","Chirurgie__Chimiotherapie__Immunotherapie__Radiotherapie_",1,1,1,0,1,0,0,0,0,"","Soulager_la_douleur_et_les_autres_symptômes_(dyspnée,_nausées,_anxiété)","","Diagnostic_tardif__Manque_d'accès_aux_traitements__Insuffisance_de_ressources_(e.g.,_équipements,_personnel_specialise_dans_sa_prise_en_charge_)_Facteurs_socioculturels_(e.g.,_recours_à_la_médecine_traditionnelle)____Pauvreté_/_Manque_de_moyens_financiers__",1,1,1,0,1,1,0,0,0,"","Je_ne_sais_pas","","Dépistage_régulier_et_examens_général",3,"VRAI","Oui_,_beaucoup","Maladie_incurable_si_retrouvé_à_un_stade_avancé","Non_","Non","","","","Faire_des_formations"
25,"Feminin_","Sud_kivu","celibataire_",9,"Universite_Officielle_de_Bukavu_(_UOB)","OUI","Mes_cours_a_l'_universite_\_Formation_médicale_Expérience_clinique__durant_mon__Stages",1,0,0,0,1,0,"","Une_prolifération_incontrôlée_de_cellules_anormales",0,1,0,0,0,"","Cancer_colorectal___Leucémie___Retinoblastome___cancer_du_sein__Lymphome__cancer_de_l'uterus__cancer_des_ovaires__cancer_de_poumons__Cancer_de_la_prostate__cancer_de_la_peau_",1,1,1,1,1,0,1,1,1,1,1,0,0,"","Tabagiste__Consomation_d'alocool__Infections_(e.g.,_HPV,_hépatite_B/C)_Exposition_à_des_substances_chimiques_/_Pollution_de_la_nature_Facteurs_génétiques_/_Héréditaires",1,1,0,0,1,1,1,0,0,0,0,0,"","Faux_","VRAI","Vrai_","VRAI","VRAI","Faux_","Faux_","VRAI","Vaccination_(e.g.,_contre_HPV)_Dépistage_régulier_(e.g.,_mammographie,_frottis_cervical)_Arrêt_du_tabac_Alimentation_saine_et_exercice_physique__Évitement_des_expositions_environnementales_Examen_genetiques_pour_les_familles_a_risque",1,1,1,1,1,1,0,0,"","Patients_avec_un_cancer_cervical_ou_autre_type_","Je_ne_sais_pas_","","Chirurgie__Chimiotherapie__Immunotherapie__Therapie_cible__Radiotherapie_",1,1,1,1,1,0,0,0,0,"","Soulager_la_douleur_et_les_autres_symptômes_(dyspnée,_nausées,_anxiété)","","Diagnostic_tardif__Pauvreté_/_Manque_de_moyens_financiers__",1,0,0,0,0,1,0,0,0,"","Je_ne_sais_pas","","Les_mesures_hygièno_diététique_,_en_évitant_les_facteurs_des_risques,_et_encourager_la_consultation_precoce",4,"Je_ne_sais_pas_","Oui_,_moderement_","Une_maladie_traitable","Non_","Non","","","","Un_dépistage_précoce,_que_l'état_congolais_disponibilise_les_matériaux_appropriés_dans_les_hôpitaux_enfin_de_contribuer_à_la_prise_en_charge_adéquate_du_cancer_dans_notre_milieu"
26,"Masculin","Maniema_","Marié",1,"Universite_de_kindu_","OUI","Mes_cours_a_l'_universite_\_Formation_médicale_Médias_(TV,_radio,_internet)_Littérature_scientifique_/_Livres__Expérience_clinique__durant_mon__Stages",1,1,0,1,1,0,"","Une_prolifération_incontrôlée_de_cellules_anormales",0,1,0,0,0,"","Cancer_colorectal___Leucémie___Retinoblastome___cancer_du_sein__Lymphome__Meduloblastome__cancer_de_l'uterus__cancer_des_ovaires__cancer_de_poumons__Cancer_de_la_prostate__cancer_de_la_peau__Autre",1,1,1,1,1,1,1,1,1,1,1,0,1,"Cancer_du_foie,_Cancer_de_lestomac,_Cancer_du_pancréas,_Cancer_du_col,_de_lutérus_(très_important_en_Afrique),_Cancer_de_la_vessie,_Cancer_du_rein,_Cancer_de_la_thyroïde.","Tabagiste__Consomation_d'alocool__Manque_d'exercice_physique_Infections_(e.g.,_HPV,_hépatite_B/C)_Exposition_à_des_substances_chimiques_/_Pollution_de_la_nature_Facteurs_génétiques_/_Héréditaires_Vieillissement_(_age_)",1,1,0,1,1,1,1,1,0,0,0,0,"","Faux_","VRAI","Vrai_","VRAI","VRAI","Faux_","VRAI","VRAI","Vaccination_(e.g.,_contre_HPV)_Dépistage_régulier_(e.g.,_mammographie,_frottis_cervical)_Arrêt_du_tabac_Alimentation_saine_et_exercice_physique__Évitement_des_expositions_environnementales_Examen_genetiques_pour_les_familles_a_risque_Autre",1,1,1,1,1,1,0,1,"Auto-palpation_des_seins_pour_la_femme,_Mammographie","Filles_avant_le_début_de_la_vie_sexuelle","VRAI","si_detecte_et_pris_en_charge_au_stade_precoce_","Chirurgie__Chimiotherapie__Immunotherapie__Therapie_cible__Radiotherapie__traitement_paliatif_",1,1,1,1,1,1,0,0,0,"","Soulager_la_douleur_et_les_autres_symptômes_(dyspnée,_nausées,_anxiété)","","Diagnostic_tardif__Manque_d'accès_aux_traitements__Insuffisance_de_ressources_(e.g.,_équipements,_personnel_specialise_dans_sa_prise_en_charge_)_Niveau_d'education_de_la_population_bas__Facteurs_socioculturels_(e.g.,_recours_à_la_médecine_traditionnelle)____Pauvreté_/_Manque_de_moyens_financiers__",1,1,1,1,1,1,0,0,0,"","Non","Mangue_des_ressources","La_vaccination_et_la_lutte_contre_les_infections_(surtout_HPV_et_hépatite_B),_Lutte_contre_le_tabagisme_,Dépistage_(frottis,_etc.),_Bonne_alimentation",4,"VRAI","Non_","Maladie_traitable","Non_","Non","","","","Vaccination,_dépistage_précoce,..."
26,"Masculin","Sud_kivu","celibataire_",9,"Universite_Officielle_de_Bukavu_(_UOB)","OUI","Mes_cours_a_l'_universite_\_Formation_médicale",1,0,0,0,0,0,"","Une_prolifération_incontrôlée_de_cellules_anormales",0,1,0,0,0,"","Cancer_colorectal___Leucémie___Retinoblastome___cancer_du_sein__Lymphome__Meduloblastome__cancer_de_l'uterus__cancer_des_ovaires__cancer_de_poumons__Cancer_de_la_prostate__cancer_de_la_peau_",1,1,1,1,1,1,1,1,1,1,1,0,0,"","Tabagiste__Mauvaise_alimentation_(e.g.,_excès_de_viande_rouge,_faible_en_fruits/légumes)_Infections_(e.g.,_HPV,_hépatite_B/C)_Exposition_à_des_substances_chimiques_/_Pollution_de_la_nature_Facteurs_génétiques_/_Héréditaires",1,0,1,0,1,1,1,0,0,0,0,0,"","Faux_","VRAI","Faux_","VRAI","VRAI","Faux_","VRAI","VRAI","Vaccination_(e.g.,_contre_HPV)_Dépistage_régulier_(e.g.,_mammographie,_frottis_cervical)_Arrêt_du_tabac_Alimentation_saine_et_exercice_physique__Examen_genetiques_pour_les_familles_a_risque",1,1,1,1,0,1,0,0,"","Filles_avant_le_début_de_la_vie_sexuelle","VRAI","si_detecte_et_pris_en_charge_au_stade_precoce_","Chirurgie__Chimiotherapie__Immunotherapie__Therapie_cible__Radiotherapie__traitement_paliatif_",1,1,1,1,1,1,0,0,0,"","Améliorer_la_qualité_de_vie_du_patient_et_de_sa_famille","","Diagnostic_tardif_",1,0,0,0,0,0,0,0,0,"","Non","La_plupart_des_patients_consulte_au_stade_avancé_de_la_maladie","Le_dépistage",1,"Faux_","Oui_,_beaucoup","Est_une_maladie_traitable_si_elle_est_découverte_dans_sa_phase_d'installation","Non_","Non","","","","La_sensibilisation_serait_selon_moi_un_moyen_efficace.."
24,"Feminin_","Sud_kivu","celibataire_",5,"Universite_Evangelique_en_Afrique_","OUI","Mes_cours_a_l'_universite_\_Formation_médicale_Médias_(TV,_radio,_internet)_Famille_/_Amis",1,1,1,0,0,0,"","Une_prolifération_incontrôlée_de_cellules_anormales",0,1,0,0,0,"","_Leucémie____cancer_du_sein_",0,1,0,1,0,0,0,0,0,0,0,0,0,"","Tabagiste__Consomation_d'alocool__Mauvaise_alimentation_(e.g.,_excès_de_viande_rouge,_faible_en_fruits/légumes)_Facteurs_génétiques_/_Héréditaires",1,1,1,0,0,0,1,0,0,0,0,0,"","Faux_","VRAI","Vrai_","VRAI","Faux_","Faux_","VRAI","VRAI","Dépistage_régulier_(e.g.,_mammographie,_frottis_cervical)_Arrêt_du_tabac_Alimentation_saine_et_exercice_physique__Examen_genetiques_pour_les_familles_a_risque",0,1,1,1,0,1,0,0,"","Femmes_de_plus_de_50_ans_","VRAI","si_detecte_et_pris_en_charge_au_stade_precoce_","Chimiotherapie_",0,1,0,0,0,0,0,0,0,"","Améliorer_la_qualité_de_vie_du_patient_et_de_sa_famille","","Diagnostic_tardif__Manque_d'accès_aux_traitements__Niveau_d'education_de_la_population_bas__Facteurs_socioculturels_(e.g.,_recours_à_la_médecine_traditionnelle)____Pauvreté_/_Manque_de_moyens_financiers__",1,1,0,1,1,1,0,0,0,"","Non","La_population_est_habituée_à_lautomédication_et_le_personnel_de_santé_nest_pas_bien_organisé_pour_sensibiliser_cette_dernière","Commencer_dabord_par_instruire_la_population_puis_capaciter_les_personnels_de_santé_sur_le_cancer",5,"VRAI","Oui_,_beaucoup","Je_naime_pas_le_cancer","Non_","Oui","Grand_parents_","","","Multiplier_les_campagnes_de_sensibilisation_afin_de_faire_prendre_conscience_à_la_population_de_la_gravité_du_cancer"
26,"Masculin","Sud_kivu","celibataire_",11,"Universite_Officielle_de_Bukavu_(_UOB)","OUI","Mes_cours_a_l'_universite_\_Formation_médicale_Médias_(TV,_radio,_internet)_Expérience_clinique__durant_mon__Stages",1,1,0,0,1,0,"","Une_prolifération_incontrôlée_de_cellules_anormales",0,1,0,0,0,"","Cancer_colorectal___Leucémie___Retinoblastome___cancer_du_sein__Lymphome__Meduloblastome__cancer_de_l'uterus__cancer_des_ovaires__cancer_de_poumons__Cancer_de_la_prostate__cancer_de_la_peau__Autre",1,1,1,1,1,1,1,1,1,1,1,0,1,"Cancer_de_l'estomac,_cancer_du_foie,__la_thyroïde,","Tabagiste__Consomation_d'alocool__Mauvaise_alimentation_(e.g.,_excès_de_viande_rouge,_faible_en_fruits/légumes)_Manque_d'exercice_physique_Infections_(e.g.,_HPV,_hépatite_B/C)_Exposition_à_des_substances_chimiques_/_Pollution_de_la_nature",1,1,1,1,1,1,0,0,0,0,0,0,"","Faux_","VRAI","Vrai_","VRAI","Je_ne_sais_pas_","Faux_","VRAI","VRAI","Vaccination_(e.g.,_contre_HPV)_Dépistage_régulier_(e.g.,_mammographie,_frottis_cervical)_Arrêt_du_tabac_Alimentation_saine_et_exercice_physique__Évitement_des_expositions_environnementales_Examen_genetiques_pour_les_familles_a_risque",1,1,1,1,1,1,0,0,"","Patients_avec_un_cancer_cervical_ou_autre_type_","VRAI","si_detecte_et_pris_en_charge_au_stade_precoce_","Chirurgie__Chimiotherapie__Immunotherapie__Therapie_cible__Radiotherapie_",1,1,1,1,1,0,0,0,0,"","Améliorer_la_qualité_de_vie_du_patient_et_de_sa_famille","","Diagnostic_tardif__Manque_d'accès_aux_traitements__Insuffisance_de_ressources_(e.g.,_équipements,_personnel_specialise_dans_sa_prise_en_charge_)_Niveau_d'education_de_la_population_bas__Pauvreté_/_Manque_de_moyens_financiers__",1,1,1,1,0,1,0,0,0,"","Non","Parce_que_notre_pays_est_encore_loin_du_développement_de_secteur_sanitaire,_d'où_la_nécessité_d'améliorer_nos_structures.","Le_dépistage_à_temps",3,"VRAI","Oui_,_beaucoup","Traitable","Non_","Oui","Un_parent_","","","Faire_de_la_journée_internationale_de_la_lutte_contre_le_cancer_une_journée_de_dépistage_et_non_une_journée_dédiée_aux_conférences_et_partage_des_verres"
30,"Masculin","Sud_kivu","celibataire_",9,"Universite_Officielle_de_Bukavu_(_UOB)","OUI","Mes_cours_a_l'_universite_\_Formation_médicale",1,0,0,0,0,0,"","Une_prolifération_incontrôlée_de_cellules_anormales",0,1,0,0,0,"","Cancer_colorectal___Leucémie___Retinoblastome___cancer_du_sein__Lymphome__Meduloblastome__cancer_de_l'uterus__cancer_des_ovaires__cancer_de_poumons__Cancer_de_la_prostate__cancer_de_la_peau_",1,1,1,1,1,1,1,1,1,1,1,0,0,"","Tabagiste__Infections_(e.g.,_HPV,_hépatite_B/C)_Facteurs_génétiques_/_Héréditaires",1,0,0,0,1,0,1,0,0,0,0,0,"","Faux_","VRAI","Vrai_","VRAI","Je_ne_sais_pas_","Faux_","Faux_","VRAI","Vaccination_(e.g.,_contre_HPV)_Dépistage_régulier_(e.g.,_mammographie,_frottis_cervical)_Arrêt_du_tabac_Alimentation_saine_et_exercice_physique__Examen_genetiques_pour_les_familles_a_risque",1,1,1,1,0,1,0,0,"","Filles_avant_le_début_de_la_vie_sexuelle","VRAI","si_detecte_et_pris_en_charge_au_stade_precoce_","Chirurgie__Chimiotherapie__Immunotherapie__Therapie_cible__Radiotherapie_",1,1,1,1,1,0,0,0,0,"","Soulager_la_douleur_et_les_autres_symptômes_(dyspnée,_nausées,_anxiété)","","Diagnostic_tardif__Manque_d'accès_aux_traitements__Niveau_d'education_de_la_population_bas__Facteurs_socioculturels_(e.g.,_recours_à_la_médecine_traditionnelle)____Pauvreté_/_Manque_de_moyens_financiers__",1,1,0,1,1,1,0,0,0,"","Oui","","Éducation",2,"VRAI","Oui_,_beaucoup","Maladie_tratable","Non_","Non","","","","Éducation_sanitaire_et_équipements_médicaux"
31,"Masculin","Autre_province_","celibataire_",10,"Universite_catholique_de_Graben_","OUI","Mes_cours_a_l'_universite_\_Formation_médicale",1,0,0,0,0,0,"","Une_prolifération_incontrôlée_de_cellules_anormales",0,1,0,0,0,"","Cancer_colorectal___Leucémie___Retinoblastome___cancer_du_sein__Lymphome__Meduloblastome__cancer_de_l'uterus__cancer_des_ovaires__cancer_de_poumons__Cancer_de_la_prostate__cancer_de_la_peau__Autre",1,1,1,1,1,1,1,1,1,1,1,0,1,"Cancer_du_cerveau","Tabagiste__Consomation_d'alocool__Manque_d'exercice_physique_Infections_(e.g.,_HPV,_hépatite_B/C)_Exposition_à_des_substances_chimiques_/_Pollution_de_la_nature",1,1,0,1,1,1,0,0,0,0,0,0,"","Faux_","VRAI","Vrai_","VRAI","Je_ne_sais_pas_","Faux_","VRAI","Faux_","Vaccination_(e.g.,_contre_HPV)_Dépistage_régulier_(e.g.,_mammographie,_frottis_cervical)_Arrêt_du_tabac_Alimentation_saine_et_exercice_physique__Évitement_des_expositions_environnementales_Examen_genetiques_pour_les_familles_a_risque",1,1,1,1,1,1,0,0,"","Filles_avant_le_début_de_la_vie_sexuelle","VRAI","si_detecte_et_pris_en_charge_au_stade_precoce_","Chirurgie__Chimiotherapie__Therapie_cible__Radiotherapie__traitement_paliatif_",1,1,0,1,1,1,0,0,0,"","Soulager_la_douleur_et_les_autres_symptômes_(dyspnée,_nausées,_anxiété)","","Diagnostic_tardif_",1,0,0,0,0,0,0,0,0,"","Non","Manque_de_sensibilisation_de_la_population","Arrêt_du_tabagisme,_sensibilisation_de_la_population_sur_le_dépistage_régulier",3,"VRAI","Oui_,_moderement_","Traitable","Non_","Non","","","","Organiser_des_séminaires_et_formation_avec_différentes_couches_de_la_population_pour_l'instruction_et_la_sensibilisation"
25,"Masculin","Nord_kivu","celibataire_",14,"Universite_catholique_de_Graben_","OUI","Mes_cours_a_l'_universite_\_Formation_médicale",1,0,0,0,0,0,"","Une_prolifération_incontrôlée_de_cellules_anormales",0,1,0,0,0,"","Cancer_colorectal___Leucémie___Retinoblastome___cancer_du_sein__Lymphome__cancer_de_l'uterus__cancer_des_ovaires__cancer_de_poumons__Cancer_de_la_prostate__cancer_de_la_peau__Autre",1,1,1,1,1,0,1,1,1,1,1,0,1,"Gliome,_myélome_multiple,_Hodgkin","Tabagiste__Consomation_d'alocool__Manque_d'exercice_physique_Infections_(e.g.,_HPV,_hépatite_B/C)_Exposition_à_des_substances_chimiques_/_Pollution_de_la_nature_Facteurs_génétiques_/_Héréditaires_Vieillissement_(_age_)",1,1,0,1,1,1,1,1,0,0,0,0,"","Faux_","VRAI","Vrai_","VRAI","VRAI","Faux_","VRAI","VRAI","Vaccination_(e.g.,_contre_HPV)_Dépistage_régulier_(e.g.,_mammographie,_frottis_cervical)_Arrêt_du_tabac_Alimentation_saine_et_exercice_physique__Évitement_des_expositions_environnementales",1,1,1,1,1,0,0,0,"","Filles_avant_le_début_de_la_vie_sexuelle","VRAI","si_detecte_et_pris_en_charge_au_stade_precoce_","Chirurgie__Chimiotherapie__Immunotherapie__Therapie_cible__Radiotherapie__traitement_paliatif_",1,1,1,1,1,1,0,0,0,"","Soulager_la_douleur_et_les_autres_symptômes_(dyspnée,_nausées,_anxiété)","","Diagnostic_tardif__Manque_d'accès_aux_traitements__Insuffisance_de_ressources_(e.g.,_équipements,_personnel_specialise_dans_sa_prise_en_charge_)_Niveau_d'education_de_la_population_bas__Facteurs_socioculturels_(e.g.,_recours_à_la_médecine_traditionnelle)____Pauvreté_/_Manque_de_moyens_financiers__",1,1,1,1,1,1,0,0,0,"","Non","Prévention_insuffisante,_Diagnostic_et_dépistage_très_limités,_Prise_en_charge_inadéquate,_Cadre_organisationnel_et_financier_fragile","il_faut_des_mesures_de_prévention_prioritaires,_simples,_reproductibles_et_insérées_dans_le_système_de_santé_déjà_existant",5,"VRAI","Oui_,_moderement_","Le_cancer_est_une_maladie_comme_les_autres_mais_les_recherches_doivent_être_encore_poussé_pour_tu","Non_","Non","","","","Amélioration_du_paraclinique_dans_notre_région"
25,"Masculin","Nord_kivu","celibataire_",9,"Universite_GOMA_","OUI","Mes_cours_a_l'_universite_\_Formation_médicale",1,0,0,0,0,0,"","Une_prolifération_incontrôlée_de_cellules_anormales",0,1,0,0,0,"","Cancer_colorectal_",1,0,0,0,0,0,0,0,0,0,0,0,0,"","Infections_(e.g.,_HPV,_hépatite_B/C)",0,0,0,0,1,0,0,0,0,0,0,0,"","Faux_","VRAI","Vrai_","VRAI","Je_ne_sais_pas_","Faux_","VRAI","Je_ne_sais_pas_","Dépistage_régulier_(e.g.,_mammographie,_frottis_cervical)",0,1,0,0,0,0,0,0,"","Femmes_de_plus_de_50_ans_","VRAI","si_pris_en_charge_dans_un_centre_specialise_de_cancerologie_","Chimiotherapie_",0,1,0,0,0,0,0,0,0,"","Soulager_la_douleur_et_les_autres_symptômes_(dyspnée,_nausées,_anxiété)","","Diagnostic_tardif_",1,0,0,0,0,0,0,0,0,"","Oui","","Dépistage_régulier",2,"VRAI","Oui_,_beaucoup","Traitable","Non_","Non","","","","Dépistage_régulier_et_vie_sexuelle_responsable"
26,"Masculin","Sud_kivu","celibataire_",9,"Universite_Officielle_de_Bukavu_(_UOB)","OUI","Mes_cours_a_l'_universite_\_Formation_médicale_Médias_(TV,_radio,_internet)_Littérature_scientifique_/_Livres__Expérience_clinique__durant_mon__Stages",1,1,0,1,1,0,"","Une_prolifération_incontrôlée_de_cellules_anormales",0,1,0,0,0,"","Cancer_colorectal___Leucémie___Retinoblastome___cancer_du_sein__Lymphome__cancer_de_l'uterus__cancer_des_ovaires__cancer_de_poumons__Cancer_de_la_prostate__cancer_de_la_peau_",1,1,1,1,1,0,1,1,1,1,1,0,0,"","Tabagiste__Exposition_à_des_substances_chimiques_/_Pollution_de_la_nature_Facteurs_génétiques_/_Héréditaires_Vieillissement_(_age_)",1,0,0,0,0,1,1,1,0,0,0,0,"","Faux_","VRAI","Faux_","VRAI","Je_ne_sais_pas_","Faux_","VRAI","VRAI","Vaccination_(e.g.,_contre_HPV)_Dépistage_régulier_(e.g.,_mammographie,_frottis_cervical)_Arrêt_du_tabac_Alimentation_saine_et_exercice_physique__Évitement_des_expositions_environnementales_Examen_genetiques_pour_les_familles_a_risque",1,1,1,1,1,1,0,0,"","Filles_avant_le_début_de_la_vie_sexuelle","VRAI","si_detecte_et_pris_en_charge_au_stade_precoce_","Chirurgie__Chimiotherapie__Radiotherapie_",1,1,0,0,1,0,0,0,0,"","Améliorer_la_qualité_de_vie_du_patient_et_de_sa_famille","","Diagnostic_tardif__Manque_d'accès_aux_traitements__Insuffisance_de_ressources_(e.g.,_équipements,_personnel_specialise_dans_sa_prise_en_charge_)_Niveau_d'education_de_la_population_bas__Facteurs_socioculturels_(e.g.,_recours_à_la_médecine_traditionnelle)____Pauvreté_/_Manque_de_moyens_financiers__",1,1,1,1,1,1,0,0,0,"","Non","Manque_des_ressources","Education_des_populations_et_disponibiliser_les_moyens_de_depistage",2,"Faux_","Oui_,_beaucoup","Maladie_comme_tant_d'autres","Non_","Non","","","","Education_de_la_population_et_augmenter_les_mésures_de_dépistage"
25,"Feminin_","Autre_province_","celibataire_",10,"Universite_GOMA_","OUI","Mes_cours_a_l'_universite_\_Formation_médicale",1,0,0,0,0,0,"","Une_prolifération_incontrôlée_de_cellules_anormales",0,1,0,0,0,"","_Leucémie____cancer_du_sein__cancer_de_l'uterus__cancer_de_poumons__Cancer_de_la_prostate_",0,1,0,1,0,0,1,0,1,1,0,0,0,"","Tabagiste__Consomation_d'alocool__Mauvaise_alimentation_(e.g.,_excès_de_viande_rouge,_faible_en_fruits/légumes)_Infections_(e.g.,_HPV,_hépatite_B/C)",1,1,1,0,1,0,0,0,0,0,0,0,"","Faux_","VRAI","Je_ne_sais_pas_","VRAI","Je_ne_sais_pas_","Faux_","VRAI","VRAI","Vaccination_(e.g.,_contre_HPV)_Alimentation_saine_et_exercice_physique__Évitement_des_expositions_environnementales",1,0,0,1,1,0,0,0,"","Filles_avant_le_début_de_la_vie_sexuelle","VRAI","si_detecte_et_pris_en_charge_au_stade_precoce_","Chirurgie__Chimiotherapie__Radiotherapie_",1,1,0,0,1,0,0,0,0,"","Soulager_la_douleur_et_les_autres_symptômes_(dyspnée,_nausées,_anxiété)","","Diagnostic_tardif__Pauvreté_/_Manque_de_moyens_financiers__",1,0,0,0,0,1,0,0,0,"","Oui","","Consultation_avant_que_ça_n'arrive_tard",4,"Je_ne_sais_pas_","Je_ne_sais_pas_","C'est_juste_une_prolifération_anarchique_de_cellule","Non_","Non","","","","Juste_consulté_en_cas_maladie_pour_détecter_précocement"
27,"Feminin_","Sud_kivu","celibataire_",9,"Universite_Officielle_de_Bukavu_(_UOB)","OUI","Mes_cours_a_l'_universite_\_Formation_médicale",1,0,0,0,0,0,"","Une_prolifération_incontrôlée_de_cellules_anormales",0,1,0,0,0,"","_Leucémie___Retinoblastome___cancer_du_sein__cancer_des_ovaires__Cancer_de_la_prostate__cancer_de_la_peau_",0,1,1,1,0,0,0,1,0,1,1,0,0,"","Tabagiste__Facteurs_génétiques_/_Héréditaires",1,0,0,0,0,0,1,0,0,0,0,0,"","Faux_","VRAI","Vrai_","VRAI","Je_ne_sais_pas_","Faux_","Faux_","VRAI","Examen_genetiques_pour_les_familles_a_risque",0,0,0,0,0,1,0,0,"","Filles_avant_le_début_de_la_vie_sexuelle","Faux_","","Chirurgie__Chimiotherapie__Immunotherapie__Therapie_cible__Radiotherapie__traitement_paliatif_",1,1,1,1,1,1,0,0,0,"","Soulager_la_douleur_et_les_autres_symptômes_(dyspnée,_nausées,_anxiété)","","Diagnostic_tardif_",1,0,0,0,0,0,0,0,0,"","Non","Manque_de_dépistage,_la_place_de_la_prière_au_lieu_de_la_médecine","Dépistage",3,"VRAI","Oui_,_beaucoup","Traitable","Non_","Non","","","","Le_dépistage"
26,"Feminin_","Sud_kivu","celibataire_",10,"Universite_Officielle_de_Bukavu_(_UOB)","OUI","Mes_cours_a_l'_universite_\_Formation_médicale",1,0,0,0,0,0,"","Une_prolifération_incontrôlée_de_cellules_anormales",0,1,0,0,0,"","Cancer_colorectal___Leucémie___Retinoblastome___cancer_du_sein__Lymphome__cancer_de_l'uterus__cancer_des_ovaires_",1,1,1,1,1,0,1,1,0,0,0,0,0,"","Tabagiste__Exposition_à_des_substances_chimiques_/_Pollution_de_la_nature_Facteurs_génétiques_/_Héréditaires",1,0,0,0,0,1,1,0,0,0,0,0,"","Faux_","VRAI","Vrai_","VRAI","Je_ne_sais_pas_","Faux_","VRAI","VRAI","Vaccination_(e.g.,_contre_HPV)_Dépistage_régulier_(e.g.,_mammographie,_frottis_cervical)_Alimentation_saine_et_exercice_physique__Évitement_des_expositions_environnementales",1,1,0,1,1,0,0,0,"","Filles_avant_le_début_de_la_vie_sexuelle","VRAI","si_detecte_et_pris_en_charge_au_stade_precoce_","Chirurgie__Chimiotherapie__traitement_paliatif_",1,1,0,0,0,1,0,0,0,"","Améliorer_la_qualité_de_vie_du_patient_et_de_sa_famille","","Diagnostic_tardif__Manque_d'accès_aux_traitements__Insuffisance_de_ressources_(e.g.,_équipements,_personnel_specialise_dans_sa_prise_en_charge_)_Facteurs_socioculturels_(e.g.,_recours_à_la_médecine_traditionnelle)____Pauvreté_/_Manque_de_moyens_financiers__",1,1,1,0,1,1,0,0,0,"","Oui","","Sensibilisation_dans_la_communauté_de_la_lutte_contre_le_cancer_et_du_dépistage_précoce",2,"VRAI","Oui_,_beaucoup","Le_cancer_est_une_maladie_traitable_si_le_diagnostic_et_la_prise_en_charge_est_précoce","Non_","Non","","","","Pour_lamélioration_de_la_lutte_contre_le_cancer_en_RDC,_le_diagnostic_précoce_est_très_capitale_tout_en_évitant_les_facteurs_des_risques,_une_sensibilisation_dans_la_communauté_sur_la_prévention_du_cancer"
25,"Feminin_","Sud_kivu","celibataire_",7,"Universite_Evangelique_en_Afrique_","OUI","Mes_cours_a_l'_universite_\_Formation_médicale",1,0,0,0,0,0,"","Une_prolifération_incontrôlée_de_cellules_anormales",0,1,0,0,0,"","_Leucémie___Retinoblastome___cancer_du_sein__cancer_de_l'uterus__cancer_des_ovaires__cancer_de_poumons__Cancer_de_la_prostate_",0,1,1,1,0,0,1,1,1,1,0,0,0,"","Tabagiste__Exposition_à_des_substances_chimiques_/_Pollution_de_la_nature_Facteurs_génétiques_/_Héréditaires",1,0,0,0,0,1,1,0,0,0,0,0,"","Faux_","VRAI","Vrai_","VRAI","VRAI","Faux_","Je_ne_sais_pas_","VRAI","Vaccination_(e.g.,_contre_HPV)_Dépistage_régulier_(e.g.,_mammographie,_frottis_cervical)",1,1,0,0,0,0,0,0,"","Filles_avant_le_début_de_la_vie_sexuelle","VRAI","si_les_medicaments_sont_disponibles_","Chirurgie__Chimiotherapie__Radiotherapie_",1,1,0,0,1,0,0,0,0,"","Améliorer_la_qualité_de_vie_du_patient_et_de_sa_famille","","Diagnostic_tardif__Manque_d'accès_aux_traitements_",1,1,0,0,0,0,0,0,0,"","Oui","","Dépistage_et_vaccination",2,"VRAI","Oui_,_beaucoup","Traitable","Non_","Non","","","","Le_dépistage"
24,"Feminin_","Sud_kivu","celibataire_",2,"Universite_catholique_de_Bukavu_(_UCB)_","OUI","Mes_cours_a_l'_universite_\_Formation_médicale_Médias_(TV,_radio,_internet)_Famille_/_Amis_Littérature_scientifique_/_Livres_",1,1,1,1,0,0,"","Une_prolifération_incontrôlée_de_cellules_anormales",0,1,0,0,0,"","Cancer_colorectal___Leucémie___Retinoblastome___cancer_du_sein__Lymphome__cancer_de_l'uterus__cancer_des_ovaires__cancer_de_poumons__Cancer_de_la_prostate__Aucun",1,1,1,1,1,0,1,1,1,1,0,1,0,"","Tabagiste__Consomation_d'alocool__Mauvaise_alimentation_(e.g.,_excès_de_viande_rouge,_faible_en_fruits/légumes)_Infections_(e.g.,_HPV,_hépatite_B/C)_Exposition_à_des_substances_chimiques_/_Pollution_de_la_nature_Facteurs_génétiques_/_Héréditaires",1,1,1,0,1,1,1,0,0,0,0,0,"","Faux_","VRAI","Faux_","VRAI","Je_ne_sais_pas_","Faux_","VRAI","Je_ne_sais_pas_","Vaccination_(e.g.,_contre_HPV)_Dépistage_régulier_(e.g.,_mammographie,_frottis_cervical)_Arrêt_du_tabac_Évitement_des_expositions_environnementales_Examen_genetiques_pour_les_familles_a_risque",1,1,1,0,1,1,0,0,"","Filles_avant_le_début_de_la_vie_sexuelle","VRAI","si_detecte_et_pris_en_charge_au_stade_precoce_","Chirurgie__Chimiotherapie__Immunotherapie__Therapie_cible__Radiotherapie__traitement_paliatif_",1,1,1,1,1,1,0,0,0,"","Améliorer_la_qualité_de_vie_du_patient_et_de_sa_famille","","Manque_d'accès_aux_traitements_",0,1,0,0,0,0,0,0,0,"","Oui","","Une_prise_en_charge_précoce",5,"VRAI","Oui_,_beaucoup","Traitable","Non_","Oui","un_oncle_/Tente_","","","Mise_en_place_dune_structure_des_soins_spécialisés_en_oncologie"
24,"Feminin_","Sud_kivu","celibataire_",7,"Universite_catholique_de_Bukavu_(_UCB)_","OUI","Mes_cours_a_l'_universite_\_Formation_médicale",1,0,0,0,0,0,"","Une_prolifération_incontrôlée_de_cellules_anormales",0,1,0,0,0,"","Cancer_colorectal___Leucémie___Retinoblastome___cancer_du_sein__Lymphome__Meduloblastome__cancer_de_l'uterus__cancer_des_ovaires__cancer_de_poumons__Cancer_de_la_prostate_",1,1,1,1,1,1,1,1,1,1,0,0,0,"","Tabagiste__Consomation_d'alocool__Exposition_à_des_substances_chimiques_/_Pollution_de_la_nature_Facteurs_génétiques_/_Héréditaires",1,1,0,0,0,1,1,0,0,0,0,0,"","Faux_","VRAI","Vrai_","Faux_","Faux_","Faux_","Faux_","VRAI","Dépistage_régulier_(e.g.,_mammographie,_frottis_cervical)_Arrêt_du_tabac_Alimentation_saine_et_exercice_physique__Évitement_des_expositions_environnementales_Examen_genetiques_pour_les_familles_a_risque",0,1,1,1,1,1,0,0,"","Filles_avant_le_début_de_la_vie_sexuelle","VRAI","si_detecte_et_pris_en_charge_au_stade_precoce_","Chirurgie__Chimiotherapie__Immunotherapie__Therapie_cible__Radiotherapie__traitement_paliatif_",1,1,1,1,1,1,0,0,0,"","Soulager_la_douleur_et_les_autres_symptômes_(dyspnée,_nausées,_anxiété)","","Diagnostic_tardif__Manque_d'accès_aux_traitements__Insuffisance_de_ressources_(e.g.,_équipements,_personnel_specialise_dans_sa_prise_en_charge_)_Niveau_d'education_de_la_population_bas__Facteurs_socioculturels_(e.g.,_recours_à_la_médecine_traditionnelle)____Pauvreté_/_Manque_de_moyens_financiers__",1,1,1,1,1,1,0,0,0,"","Non","Je_ne_saurai_les_expliquer","Dépistage_précoce",1,"VRAI","Oui_,_beaucoup","Traitable","Non_","Non","","","","Campagne_de_depistage"
26,"Feminin_","Sud_kivu","celibataire_",7,"Universite_Evangelique_en_Afrique_","OUI","Mes_cours_a_l'_universite_\_Formation_médicale",1,0,0,0,0,0,"","Une_prolifération_incontrôlée_de_cellules_anormales",0,1,0,0,0,"","Cancer_colorectal___Leucémie___Retinoblastome___cancer_du_sein__Lymphome__Meduloblastome__cancer_de_l'uterus__cancer_des_ovaires__cancer_de_poumons__Cancer_de_la_prostate__cancer_de_la_peau_",1,1,1,1,1,1,1,1,1,1,1,0,0,"","Tabagiste__Consomation_d'alocool__Facteurs_génétiques_/_Héréditaires",1,1,0,0,0,0,1,0,0,0,0,0,"","Faux_","VRAI","Faux_","VRAI","VRAI","Faux_","VRAI","VRAI","Vaccination_(e.g.,_contre_HPV)_Dépistage_régulier_(e.g.,_mammographie,_frottis_cervical)_Arrêt_du_tabac",1,1,1,0,0,0,0,0,"","Femmes_de_plus_de_50_ans_","VRAI","si_detecte_et_pris_en_charge_au_stade_precoce_","Chimiotherapie__Radiotherapie_",0,1,0,0,1,0,0,0,0,"","Améliorer_la_qualité_de_vie_du_patient_et_de_sa_famille","","Diagnostic_tardif_",1,0,0,0,0,0,0,0,0,"","Oui","","Dépistage_precouce",5,"VRAI","Oui_,_beaucoup","Traitable","Non_","Non","","","","Dépistage"
26,"Feminin_","Hors_pays_","celibataire_",9,"Universite_Officielle_de_Bukavu_(_UOB)","OUI","Mes_cours_a_l'_universite_\_Formation_médicale",1,0,0,0,0,0,"","Une_prolifération_incontrôlée_de_cellules_anormales",0,1,0,0,0,"","Cancer_colorectal___Leucémie____cancer_du_sein__Lymphome__cancer_de_l'uterus__cancer_de_poumons__Cancer_de_la_prostate__Autre",1,1,0,1,1,0,1,0,1,1,0,0,1,"Cancer_osseux","Tabagiste__Infections_(e.g.,_HPV,_hépatite_B/C)_Exposition_à_des_substances_chimiques_/_Pollution_de_la_nature_Facteurs_génétiques_/_Héréditaires_Mythes_culturels_(_sorcellerie)_Autre",1,0,0,0,1,1,1,0,1,0,0,1,"Cancer_du_pancréas_et_du_foie","Faux_","VRAI","Vrai_","VRAI","VRAI","Faux_","VRAI","VRAI","Vaccination_(e.g.,_contre_HPV)_Dépistage_régulier_(e.g.,_mammographie,_frottis_cervical)_Arrêt_du_tabac_Alimentation_saine_et_exercice_physique__Évitement_des_expositions_environnementales_Examen_genetiques_pour_les_familles_a_risque",1,1,1,1,1,1,0,0,"","Filles_avant_le_début_de_la_vie_sexuelle","VRAI","si_detecte_et_pris_en_charge_au_stade_precoce_","Chirurgie__Chimiotherapie__Immunotherapie__Therapie_cible__Radiotherapie__traitement_paliatif_",1,1,1,1,1,1,0,0,0,"","Soulager_la_douleur_et_les_autres_symptômes_(dyspnée,_nausées,_anxiété)","","Diagnostic_tardif__Manque_d'accès_aux_traitements__Insuffisance_de_ressources_(e.g.,_équipements,_personnel_specialise_dans_sa_prise_en_charge_)_Niveau_d'education_de_la_population_bas__Facteurs_socioculturels_(e.g.,_recours_à_la_médecine_traditionnelle)____Pauvreté_/_Manque_de_moyens_financiers__",1,1,1,1,1,1,0,0,0,"","Non","Le_manque_dinformation","Dépistage_et_la_vaccination",5,"VRAI","Oui_,_beaucoup","Malédictions","Non_","Oui","un_oncle_/Tente_","","","Dépistage_précoce_et_laccès_à_un_plateau_technique_de_qualité"
28,"Masculin","Sud_kivu","celibataire_",10,"Universite_Officielle_de_Bukavu_(_UOB)","OUI","Mes_cours_a_l'_universite_\_Formation_médicale",1,0,0,0,0,0,"","Une_prolifération_incontrôlée_de_cellules_anormales",0,1,0,0,0,"","_cancer_du_sein__cancer_de_l'uterus_",0,0,0,1,0,0,1,0,0,0,0,0,0,"","Infections_(e.g.,_HPV,_hépatite_B/C)_Vieillissement_(_age_)",0,0,0,0,1,0,0,1,0,0,0,0,"","Faux_","VRAI","Faux_","VRAI","VRAI","Faux_","VRAI","VRAI","Vaccination_(e.g.,_contre_HPV)_Dépistage_régulier_(e.g.,_mammographie,_frottis_cervical)",1,1,0,0,0,0,0,0,"","Filles_avant_le_début_de_la_vie_sexuelle","VRAI","si_detecte_et_pris_en_charge_au_stade_precoce_","Chirurgie__Chimiotherapie_",1,1,0,0,0,0,0,0,0,"","Soulager_la_douleur_et_les_autres_symptômes_(dyspnée,_nausées,_anxiété)","","Diagnostic_tardif_",1,0,0,0,0,0,0,0,0,"","Non","Manque_d'équipements.diagnostic_tardif_et_la_pauvreté","Vulgarisation_elargie_sur_les_cancers_en_général",3,"VRAI","Oui_,_beaucoup","Traitable","Non_","Non","","","","Il_faut_faire_le_dépistage_précoce"
28,"Masculin","Nord_kivu","Marié",0,"Universite_GOMA_","OUI","Mes_cours_a_l'_universite_\_Formation_médicale_Littérature_scientifique_/_Livres_",1,0,0,1,0,0,"","Une_prolifération_incontrôlée_de_cellules_anormales",0,1,0,0,0,"","Cancer_colorectal___Leucémie___Retinoblastome___cancer_du_sein__Lymphome__Meduloblastome__cancer_de_l'uterus__cancer_des_ovaires__cancer_de_poumons__Cancer_de_la_prostate_",1,1,1,1,1,1,1,1,1,1,0,0,0,"","Tabagiste__Consomation_d'alocool__Facteurs_génétiques_/_Héréditaires",1,1,0,0,0,0,1,0,0,0,0,0,"","Faux_","VRAI","Vrai_","VRAI","Je_ne_sais_pas_","Faux_","Faux_","VRAI","Vaccination_(e.g.,_contre_HPV)_Dépistage_régulier_(e.g.,_mammographie,_frottis_cervical)_Arrêt_du_tabac_Examen_genetiques_pour_les_familles_a_risque",1,1,1,0,0,1,0,0,"","Filles_avant_le_début_de_la_vie_sexuelle","VRAI","si_detecte_et_pris_en_charge_au_stade_precoce_","Chirurgie__Chimiotherapie__Immunotherapie__Therapie_cible__Radiotherapie__traitement_paliatif_",1,1,1,1,1,1,0,0,0,"","Soulager_la_douleur_et_les_autres_symptômes_(dyspnée,_nausées,_anxiété)","","Diagnostic_tardif__Niveau_d'education_de_la_population_bas__Facteurs_socioculturels_(e.g.,_recours_à_la_médecine_traditionnelle)____Pauvreté_/_Manque_de_moyens_financiers__",1,0,0,1,1,1,0,0,0,"","Non","Les_moyens_ne_sont_pas_mis_a_la_disponibilité_des_soignants","La_dépistage",1,"VRAI","Oui_,_beaucoup","Traitable","Non_","Oui","Grand_parents_","","","L'éducation_de_la_population"
27,"Masculin","Sud_kivu","celibataire_",9,"Universite_Officielle_de_Bukavu_(_UOB)","OUI","Mes_cours_a_l'_universite_\_Formation_médicale_Littérature_scientifique_/_Livres_",1,0,0,1,0,0,"","Une_prolifération_incontrôlée_de_cellules_anormales",0,1,0,0,0,"","Cancer_colorectal___Leucémie___Retinoblastome___cancer_du_sein__Lymphome__Meduloblastome__cancer_de_l'uterus__cancer_des_ovaires__cancer_de_poumons__Cancer_de_la_prostate_",1,1,1,1,1,1,1,1,1,1,0,0,0,"","Tabagiste__Consomation_d'alocool__Infections_(e.g.,_HPV,_hépatite_B/C)_Exposition_à_des_substances_chimiques_/_Pollution_de_la_nature_Facteurs_génétiques_/_Héréditaires",1,1,0,0,1,1,1,0,0,0,0,0,"","Faux_","VRAI","Vrai_","Je_ne_sais_pas_","Faux_","Faux_","VRAI","VRAI","Dépistage_régulier_(e.g.,_mammographie,_frottis_cervical)_Arrêt_du_tabac_Examen_genetiques_pour_les_familles_a_risque",0,1,1,0,0,1,0,0,"","Filles_avant_le_début_de_la_vie_sexuelle","VRAI","si_detecte_et_pris_en_charge_au_stade_precoce_","Chirurgie__Chimiotherapie__Immunotherapie__Therapie_cible__Radiotherapie_",1,1,1,1,1,0,0,0,0,"","Soulager_la_douleur_et_les_autres_symptômes_(dyspnée,_nausées,_anxiété)","","Diagnostic_tardif__Manque_d'accès_aux_traitements__Niveau_d'education_de_la_population_bas__Pauvreté_/_Manque_de_moyens_financiers__",1,1,0,1,0,1,0,0,0,"","Non","Manque_d'approvisionnement","Dépistage_régulier",5,"VRAI","Oui_,_moderement_","Maladie_comme_tant_d'autres","Non_","Non","","","","Renforcement_de_campagne_de_dépistage_de_masse"
26,"Feminin_","Maniema_","celibataire_",6,"Universite_Evangelique_en_Afrique_","OUI","Mes_cours_a_l'_universite_\_Formation_médicale_Médias_(TV,_radio,_internet)_Littérature_scientifique_/_Livres__Expérience_clinique__durant_mon__Stages",1,1,0,1,1,0,"","Une_prolifération_incontrôlée_de_cellules_anormales",0,1,0,0,0,"","Cancer_colorectal___Leucémie___Retinoblastome___cancer_du_sein__Lymphome__cancer_de_l'uterus__cancer_des_ovaires__cancer_de_poumons__Cancer_de_la_prostate__cancer_de_la_peau_",1,1,1,1,1,0,1,1,1,1,1,0,0,"","Tabagiste__Infections_(e.g.,_HPV,_hépatite_B/C)_Exposition_à_des_substances_chimiques_/_Pollution_de_la_nature_Facteurs_génétiques_/_Héréditaires",1,0,0,0,1,1,1,0,0,0,0,0,"","Faux_","VRAI","Vrai_","VRAI","Faux_","Faux_","VRAI","VRAI","Vaccination_(e.g.,_contre_HPV)_Dépistage_régulier_(e.g.,_mammographie,_frottis_cervical)_Arrêt_du_tabac_Évitement_des_expositions_environnementales_Examen_genetiques_pour_les_familles_a_risque",1,1,1,0,1,1,0,0,"","Filles_avant_le_début_de_la_vie_sexuelle","VRAI","si_detecte_et_pris_en_charge_au_stade_precoce_","Chirurgie__Chimiotherapie__Immunotherapie__Radiotherapie_",1,1,1,0,1,0,0,0,0,"","Soulager_la_douleur_et_les_autres_symptômes_(dyspnée,_nausées,_anxiété)","","Diagnostic_tardif__Insuffisance_de_ressources_(e.g.,_équipements,_personnel_specialise_dans_sa_prise_en_charge_)_Niveau_d'education_de_la_population_bas__Pauvreté_/_Manque_de_moyens_financiers__",1,0,1,1,0,1,0,0,0,"","Non","Diagnostic_tardif","Dépistage_précoce",5,"VRAI","Oui_,_beaucoup","Traitable_si_diagnostiquée_tot","Non_","Non","","","","Faire_la_sensibilisation_médiatique_sur_la_fatalité_et_la_prévention_ainsi_que_limpact_du_dépistage_précoce"
30,"Masculin","Sud_kivu","celibataire_",7,"Universite_Evangelique_en_Afrique_","OUI","Mes_cours_a_l'_universite_\_Formation_médicale_Expérience_clinique__durant_mon__Stages",1,0,0,0,1,0,"","Une_prolifération_incontrôlée_de_cellules_anormales",0,1,0,0,0,"","_cancer_du_sein__Cancer_de_la_prostate_",0,0,0,1,0,0,0,0,0,1,0,0,0,"","Consomation_d'alocool__je_ne_sais_pas_",0,1,0,0,0,0,0,0,0,0,1,0,"","Faux_","VRAI","Faux_","VRAI","Faux_","Faux_","Faux_","VRAI","Vaccination_(e.g.,_contre_HPV)_Dépistage_régulier_(e.g.,_mammographie,_frottis_cervical)_Arrêt_du_tabac_Alimentation_saine_et_exercice_physique_",1,1,1,1,0,0,0,0,"","Patients_avec_un_cancer_cervical_ou_autre_type_","VRAI","si_detecte_et_pris_en_charge_au_stade_precoce_","Therapie_cible_",0,0,0,1,0,0,0,0,0,"","Soulager_la_douleur_et_les_autres_symptômes_(dyspnée,_nausées,_anxiété)","","Manque_d'accès_aux_traitements_",0,1,0,0,0,0,0,0,0,"","Oui","","Dépistage",1,"VRAI","Oui_,_moderement_","Traitable","Non_","Non","","","","Dépistage_précoce,_limité_la_consommation_d'alcool,_faire_d'exercice_physique"
24,"Masculin","Sud_kivu","celibataire_",8,"Universite_Evangelique_en_Afrique_","OUI","Mes_cours_a_l'_universite_\_Formation_médicale_Médias_(TV,_radio,_internet)_Famille_/_Amis_Littérature_scientifique_/_Livres__Expérience_clinique__durant_mon__Stages",1,1,1,1,1,0,"","Une_prolifération_incontrôlée_de_cellules_anormales",0,1,0,0,0,"","Cancer_colorectal___Leucémie___Retinoblastome___cancer_du_sein__Lymphome__Meduloblastome__cancer_de_l'uterus__cancer_des_ovaires__cancer_de_poumons__Cancer_de_la_prostate__cancer_de_la_peau_",1,1,1,1,1,1,1,1,1,1,1,0,0,"","Tabagiste__Autre",1,0,0,0,0,0,0,0,0,0,0,1,"Génétique","Faux_","VRAI","Faux_","VRAI","Je_ne_sais_pas_","Faux_","Faux_","VRAI","Examen_genetiques_pour_les_familles_a_risque",0,0,0,0,0,1,0,0,"","Filles_avant_le_début_de_la_vie_sexuelle","VRAI","si_pris_en_charge_dans_un_centre_specialise_de_cancerologie_","Chirurgie__Chimiotherapie__Therapie_cible__Radiotherapie_",1,1,0,1,1,0,0,0,0,"","Soutenir_laccompagnement_psychologique_et_spirituel","","Niveau_d'education_de_la_population_bas_",0,0,0,1,0,0,0,0,0,"","Non","Beaucoup_des_gens_ny_croient_pas_jusquà_maintenant","Formation",1,"VRAI","Oui_,_beaucoup","Prédisposition_génétique","Non_","Non","","","","Faire_une_forte_sensibilisation_dans_la_population"
25,"Feminin_","Autre_province_","celibataire_",7,"Universite_Evangelique_en_Afrique_","OUI","Expérience_clinique__durant_mon__Stages",0,0,0,0,1,0,"","Une_prolifération_incontrôlée_de_cellules_anormales",0,1,0,0,0,"","_Leucémie___Retinoblastome___cancer_du_sein__cancer_de_l'uterus__Cancer_de_la_prostate_",0,1,1,1,0,0,1,0,0,1,0,0,0,"","Tabagiste__Consomation_d'alocool__Facteurs_génétiques_/_Héréditaires",1,1,0,0,0,0,1,0,0,0,0,0,"","Faux_","VRAI","Je_ne_sais_pas_","VRAI","Je_ne_sais_pas_","Faux_","VRAI","VRAI","Vaccination_(e.g.,_contre_HPV)_Arrêt_du_tabac_Examen_genetiques_pour_les_familles_a_risque",1,0,1,0,0,1,0,0,"","Filles_avant_le_début_de_la_vie_sexuelle","VRAI","si_detecte_et_pris_en_charge_au_stade_precoce_","Chirurgie__Chimiotherapie__Radiotherapie__traitement_paliatif_",1,1,0,0,1,1,0,0,0,"","Soulager_la_douleur_et_les_autres_symptômes_(dyspnée,_nausées,_anxiété)","","Diagnostic_tardif__Manque_d'accès_aux_traitements__Insuffisance_de_ressources_(e.g.,_équipements,_personnel_specialise_dans_sa_prise_en_charge_)_Niveau_d'education_de_la_population_bas__Facteurs_socioculturels_(e.g.,_recours_à_la_médecine_traditionnelle)____Pauvreté_/_Manque_de_moyens_financiers__",1,1,1,1,1,1,0,0,0,"","Je_ne_sais_pas","","Le_vaccin__arrête_le_tabacs_et_l_alcool",4,"VRAI","Oui_,_beaucoup","C_est_une_maladie_chronique","Non_","Non","","","","Le_vaccin"
26,"Masculin","Nord_kivu","celibataire_",10,"Universite_GOMA_","OUI","Mes_cours_a_l'_universite_\_Formation_médicale",1,0,0,0,0,0,"","Une_prolifération_incontrôlée_de_cellules_anormales",0,1,0,0,0,"","_Leucémie___Retinoblastome___cancer_du_sein__Cancer_de_la_prostate_",0,1,1,1,0,0,0,0,0,1,0,0,0,"","Tabagiste__Consomation_d'alocool_",1,1,0,0,0,0,0,0,0,0,0,0,"","Faux_","VRAI","Vrai_","VRAI","Je_ne_sais_pas_","Je_ne_sais_pas_","Je_ne_sais_pas_","VRAI","Vaccination_(e.g.,_contre_HPV)_Dépistage_régulier_(e.g.,_mammographie,_frottis_cervical)_Examen_genetiques_pour_les_familles_a_risque",1,1,0,0,0,1,0,0,"","Filles_avant_le_début_de_la_vie_sexuelle","Je_ne_sais_pas_","","Chirurgie__Chimiotherapie__Immunotherapie__Therapie_cible__Radiotherapie_",1,1,1,1,1,0,0,0,0,"","Soutenir_laccompagnement_psychologique_et_spirituel","","Diagnostic_tardif__Manque_d'accès_aux_traitements__Insuffisance_de_ressources_(e.g.,_équipements,_personnel_specialise_dans_sa_prise_en_charge_)_Pauvreté_/_Manque_de_moyens_financiers__",1,1,1,0,0,1,0,0,0,"","Je_ne_sais_pas","","Dépistage_précoce",2,"Je_ne_sais_pas_","Oui_,_moderement_","Maladie_incurable","Non_","Non","","","","Formation_continue_sur_la_thématique_de_cancérologie"
25,"Feminin_","Nord_kivu","celibataire_",15,"Universite_catholique_de_Graben_","OUI","Mes_cours_a_l'_universite_\_Formation_médicale_Médias_(TV,_radio,_internet)_Famille_/_Amis",1,1,1,0,0,0,"","Une_prolifération_incontrôlée_de_cellules_anormales",0,1,0,0,0,"","Cancer_colorectal___Leucémie___Retinoblastome___cancer_du_sein__Lymphome__Meduloblastome__cancer_de_l'uterus__cancer_des_ovaires__cancer_de_poumons__Cancer_de_la_prostate__cancer_de_la_peau__Autre",1,1,1,1,1,1,1,1,1,1,1,0,1,"Hepatocarcinome,_nephroblastome","Tabagiste__Consomation_d'alocool__Mauvaise_alimentation_(e.g.,_excès_de_viande_rouge,_faible_en_fruits/légumes)_Manque_d'exercice_physique_Infections_(e.g.,_HPV,_hépatite_B/C)_Exposition_à_des_substances_chimiques_/_Pollution_de_la_nature_Facteurs_génétiques_/_Héréditaires_Vieillissement_(_age_)",1,1,1,1,1,1,1,1,0,0,0,0,"","Faux_","VRAI","Vrai_","VRAI","Je_ne_sais_pas_","Faux_","Je_ne_sais_pas_","VRAI","Vaccination_(e.g.,_contre_HPV)_Dépistage_régulier_(e.g.,_mammographie,_frottis_cervical)_Arrêt_du_tabac_Alimentation_saine_et_exercice_physique__Évitement_des_expositions_environnementales_Examen_genetiques_pour_les_familles_a_risque",1,1,1,1,1,1,0,0,"","Filles_avant_le_début_de_la_vie_sexuelle","Je_ne_sais_pas_","","Chirurgie__Chimiotherapie__Radiotherapie__traitement_paliatif_",1,1,0,0,1,1,0,0,0,"","Soulager_la_douleur_et_les_autres_symptômes_(dyspnée,_nausées,_anxiété)","","Diagnostic_tardif__Manque_d'accès_aux_traitements__Insuffisance_de_ressources_(e.g.,_équipements,_personnel_specialise_dans_sa_prise_en_charge_)_Niveau_d'education_de_la_population_bas__Facteurs_socioculturels_(e.g.,_recours_à_la_médecine_traditionnelle)____Pauvreté_/_Manque_de_moyens_financiers__",1,1,1,1,1,1,0,0,0,"","Oui","","Rendre_disponible_les_moyens_diagnostic",5,"VRAI","Oui_,_beaucoup","Traitable_si_diagnostiqué_en_temps","Oui","Oui","Un_parent_","Traitement_médical_conventionnel_(e.g.,_hôpital)_","Décès__","De_former_la_population_pour_enlever_les_mythes_autour_du_cancer,_rendre_disponible_les_moyens_diagnostic_notamment_lanapath_pour_pouvoir_poser_le_diagnostic_en_temps_et_pour_certains_types_qui_auront_une_prévalence_élevé_alléger_aux_familles_les_coûts_en_assurant_les_soins"
28,"Feminin_","Nord_kivu","Marié",18,"Universite_catholique_de_Graben_","OUI","Mes_cours_a_l'_universite_\_Formation_médicale",1,0,0,0,0,0,"","Une_prolifération_incontrôlée_de_cellules_anormales",0,1,0,0,0,"","_cancer_du_sein_",0,0,0,1,0,0,0,0,0,0,0,0,0,"","Tabagiste__Exposition_à_des_substances_chimiques_/_Pollution_de_la_nature_Facteurs_génétiques_/_Héréditaires",1,0,0,0,0,1,1,0,0,0,0,0,"","VRAI","VRAI","Vrai_","Faux_","Je_ne_sais_pas_","Faux_","Faux_","VRAI","Dépistage_régulier_(e.g.,_mammographie,_frottis_cervical)_Arrêt_du_tabac_Évitement_des_expositions_environnementales_Examen_genetiques_pour_les_familles_a_risque",0,1,1,0,1,1,0,0,"","Filles_avant_le_début_de_la_vie_sexuelle","VRAI","si_detecte_et_pris_en_charge_au_stade_precoce_","Chimiotherapie__Immunotherapie__Radiotherapie_",0,1,1,0,1,0,0,0,0,"","Soutenir_laccompagnement_psychologique_et_spirituel","","Diagnostic_tardif__Manque_d'accès_aux_traitements__Pauvreté_/_Manque_de_moyens_financiers__",1,1,0,0,0,1,0,0,0,"","Oui","","Evitez_les_facteurs_predisposants",5,"VRAI","Oui_,_beaucoup","Traitable","Non_","Non","","","","Faire_le_depistage_precoce"
27,"Feminin_","Nord_kivu","celibataire_",15,"Universite_catholique_de_Graben_","OUI","Mes_cours_a_l'_universite_\_Formation_médicale_Famille_/_Amis_Littérature_scientifique_/_Livres__Expérience_clinique__durant_mon__Stages_Autre",1,0,1,1,1,1,"En_famille","Une_prolifération_incontrôlée_de_cellules_anormales",0,1,0,0,0,"","Cancer_colorectal___Leucémie___Retinoblastome___cancer_du_sein__Lymphome__Meduloblastome__cancer_de_l'uterus__cancer_des_ovaires__cancer_de_poumons__Cancer_de_la_prostate__cancer_de_la_peau__Autre",1,1,1,1,1,1,1,1,1,1,1,0,1,"Testicules","Infections_(e.g.,_HPV,_hépatite_B/C)_Exposition_à_des_substances_chimiques_/_Pollution_de_la_nature_Facteurs_génétiques_/_Héréditaires",0,0,0,0,1,1,1,0,0,0,0,0,"","Faux_","VRAI","Vrai_","VRAI","VRAI","Faux_","VRAI","Je_ne_sais_pas_","Dépistage_régulier_(e.g.,_mammographie,_frottis_cervical)",0,1,0,0,0,0,0,0,"","Filles_avant_le_début_de_la_vie_sexuelle","VRAI","","Chimiotherapie_",0,1,0,0,0,0,0,0,0,"","Améliorer_la_qualité_de_vie_du_patient_et_de_sa_famille","","Diagnostic_tardif__Manque_d'accès_aux_traitements__Insuffisance_de_ressources_(e.g.,_équipements,_personnel_specialise_dans_sa_prise_en_charge_)_Niveau_d'education_de_la_population_bas__Facteurs_socioculturels_(e.g.,_recours_à_la_médecine_traditionnelle)___",1,1,1,1,1,0,0,0,0,"Manque_d'information","Non","","Le_dépistage_a_répétition",1,"VRAI","Oui_,_beaucoup","Traitable","Non_","Non","","","","Sensibilisation_à_répétition"
25,"Feminin_","Nord_kivu","celibataire_",10,"Universite_catholique_de_Graben_","OUI","Mes_cours_a_l'_universite_\_Formation_médicale_Famille_/_Amis",1,0,1,0,0,0,"","Une_prolifération_incontrôlée_de_cellules_anormales",0,1,0,0,0,"","Cancer_colorectal___Leucémie___Retinoblastome___cancer_du_sein__Lymphome__Meduloblastome__cancer_de_l'uterus__cancer_des_ovaires__cancer_de_poumons__Cancer_de_la_prostate_",1,1,1,1,1,1,1,1,1,1,0,0,0,"","Tabagiste__Infections_(e.g.,_HPV,_hépatite_B/C)_Exposition_à_des_substances_chimiques_/_Pollution_de_la_nature_Facteurs_génétiques_/_Héréditaires",1,0,0,0,1,1,1,0,0,0,0,0,"","Faux_","VRAI","Faux_","VRAI","Je_ne_sais_pas_","Faux_","VRAI","VRAI","Vaccination_(e.g.,_contre_HPV)_Dépistage_régulier_(e.g.,_mammographie,_frottis_cervical)_Arrêt_du_tabac_Évitement_des_expositions_environnementales_Examen_genetiques_pour_les_familles_a_risque",1,1,1,0,1,1,0,0,"","Femmes_de_plus_de_50_ans_","VRAI","si_detecte_et_pris_en_charge_au_stade_precoce_","Chirurgie__Chimiotherapie__Immunotherapie__Radiotherapie__traitement_paliatif_",1,1,1,0,1,1,0,0,0,"","Soulager_la_douleur_et_les_autres_symptômes_(dyspnée,_nausées,_anxiété)","","Diagnostic_tardif__Insuffisance_de_ressources_(e.g.,_équipements,_personnel_specialise_dans_sa_prise_en_charge_)_Niveau_d'education_de_la_population_bas__Facteurs_socioculturels_(e.g.,_recours_à_la_médecine_traditionnelle)____Pauvreté_/_Manque_de_moyens_financiers__",1,0,1,1,1,1,0,0,0,"","Non","Consultation_tardive_en_phase_finale","Éviter_les_facteurs_de_risques",1,"VRAI","Oui_,_beaucoup","Traitable_si_diagnostiquer_tôt","Non_","Non","","","","Informer_la_population_sur_le_cancer_ainsi_que_les_facteurs_favorisant_de_celui_ci_et_en_fin_les_moyens_de_lutter_contre_ces_facteurs"
25,"Feminin_","Sud_kivu","celibataire_",7,"Universite_Evangelique_en_Afrique_","OUI","Mes_cours_a_l'_universite_\_Formation_médicale",1,0,0,0,0,0,"","Une_prolifération_incontrôlée_de_cellules_anormales",0,1,0,0,0,"","Cancer_colorectal___Leucémie___Retinoblastome___cancer_du_sein__Lymphome__cancer_de_l'uterus__cancer_des_ovaires__cancer_de_poumons__Cancer_de_la_prostate__cancer_de_la_peau_",1,1,1,1,1,0,1,1,1,1,1,0,0,"","Tabagiste__Mauvaise_alimentation_(e.g.,_excès_de_viande_rouge,_faible_en_fruits/légumes)_Infections_(e.g.,_HPV,_hépatite_B/C)_Exposition_à_des_substances_chimiques_/_Pollution_de_la_nature_Facteurs_génétiques_/_Héréditaires",1,0,1,0,1,1,1,0,0,0,0,0,"","Faux_","VRAI","Vrai_","VRAI","Je_ne_sais_pas_","Faux_","VRAI","VRAI","Vaccination_(e.g.,_contre_HPV)_Dépistage_régulier_(e.g.,_mammographie,_frottis_cervical)_Arrêt_du_tabac_Évitement_des_expositions_environnementales",1,1,1,0,1,0,0,0,"","Filles_avant_le_début_de_la_vie_sexuelle","VRAI","si_detecte_et_pris_en_charge_au_stade_precoce_","Chirurgie__Chimiotherapie__Radiotherapie_",1,1,0,0,1,0,0,0,0,"","Soulager_la_douleur_et_les_autres_symptômes_(dyspnée,_nausées,_anxiété)","","Diagnostic_tardif__Manque_d'accès_aux_traitements__Niveau_d'education_de_la_population_bas_",1,1,0,1,0,0,0,0,0,"","Non","Les_analyses_sont_chers_et_moins_disponible,_l'accès_aux_médicaments","Dépistage",2,"VRAI","Oui_,_moderement_","Traitable","Non_","Non","","","","Un_centre_de_dépistage_et_d'analyse_d'échantillons_(_anapath)_chaque_fois_qu'on_a_une_masse"
26,"Masculin","Sud_kivu","celibataire_",7,"Universite_Evangelique_en_Afrique_","OUI","Mes_cours_a_l'_universite_\_Formation_médicale",1,0,0,0,0,0,"","Une_prolifération_incontrôlée_de_cellules_anormales",0,1,0,0,0,"","Cancer_colorectal___Leucémie___Retinoblastome___cancer_du_sein__Lymphome__Meduloblastome__cancer_de_l'uterus__cancer_des_ovaires__cancer_de_poumons__Cancer_de_la_prostate__cancer_de_la_peau_",1,1,1,1,1,1,1,1,1,1,1,0,0,"","Tabagiste__Consomation_d'alocool__Exposition_à_des_substances_chimiques_/_Pollution_de_la_nature_Facteurs_génétiques_/_Héréditaires",1,1,0,0,0,1,1,0,0,0,0,0,"","Faux_","VRAI","Vrai_","VRAI","Je_ne_sais_pas_","Faux_","VRAI","VRAI","Vaccination_(e.g.,_contre_HPV)_Dépistage_régulier_(e.g.,_mammographie,_frottis_cervical)_Arrêt_du_tabac_Évitement_des_expositions_environnementales",1,1,1,0,1,0,0,0,"","Filles_avant_le_début_de_la_vie_sexuelle","VRAI","si_detecte_et_pris_en_charge_au_stade_precoce_","Chirurgie__Chimiotherapie_",1,1,0,0,0,0,0,0,0,"","Soulager_la_douleur_et_les_autres_symptômes_(dyspnée,_nausées,_anxiété)","","Diagnostic_tardif__Manque_d'accès_aux_traitements_",1,1,0,0,0,0,0,0,0,"","Non","Moyens","Dépistage",2,"VRAI","Oui_,_beaucoup","Traitable","Non_","Non","","","","Dépistage_précoce_et_accès_à_des_soins"
25,"Masculin","Sud_kivu","celibataire_",7,"Universite_Evangelique_en_Afrique_","OUI","Mes_cours_a_l'_universite_\_Formation_médicale_Médias_(TV,_radio,_internet)_Famille_/_Amis_Littérature_scientifique_/_Livres__Expérience_clinique__durant_mon__Stages",1,1,1,1,1,0,"","Une_prolifération_incontrôlée_de_cellules_anormales",0,1,0,0,0,"","Cancer_colorectal___Leucémie___Retinoblastome___cancer_du_sein__Lymphome__Meduloblastome__cancer_de_l'uterus__cancer_des_ovaires__cancer_de_poumons__Cancer_de_la_prostate__cancer_de_la_peau__Autre",1,1,1,1,1,1,1,1,1,1,1,0,1,"Nephroblastome,_sarcome_de_kaposi,","Tabagiste__Consomation_d'alocool__Infections_(e.g.,_HPV,_hépatite_B/C)_Exposition_à_des_substances_chimiques_/_Pollution_de_la_nature_Facteurs_génétiques_/_Héréditaires",1,1,0,0,1,1,1,0,0,0,0,0,"","Faux_","VRAI","Vrai_","VRAI","VRAI","Faux_","Je_ne_sais_pas_","VRAI","Vaccination_(e.g.,_contre_HPV)_Dépistage_régulier_(e.g.,_mammographie,_frottis_cervical)_Arrêt_du_tabac_Alimentation_saine_et_exercice_physique__Évitement_des_expositions_environnementales_Examen_genetiques_pour_les_familles_a_risque",1,1,1,1,1,1,0,0,"","Filles_avant_le_début_de_la_vie_sexuelle","VRAI","si_detecte_et_pris_en_charge_au_stade_precoce_","Chirurgie__Chimiotherapie__Immunotherapie__Therapie_cible__Radiotherapie__traitement_paliatif__Traitement_traditionnel_/_Herbes_",1,1,1,1,1,1,1,0,0,"","Soulager_la_douleur_et_les_autres_symptômes_(dyspnée,_nausées,_anxiété)","","Diagnostic_tardif__Manque_d'accès_aux_traitements__Insuffisance_de_ressources_(e.g.,_équipements,_personnel_specialise_dans_sa_prise_en_charge_)_Niveau_d'education_de_la_population_bas__Facteurs_socioculturels_(e.g.,_recours_à_la_médecine_traditionnelle)____Pauvreté_/_Manque_de_moyens_financiers__",1,1,1,1,1,1,0,0,0,"","Oui","","Le_dépistage_pour_les_personnes_à_risque",5,"VRAI","Oui_,_beaucoup","Traitable","Non_","Non","","","","Des_sensibilisations_et_dépistages_dans_les_différentes_communautés"
25,"Masculin","Sud_kivu","celibataire_",7,"Universite_Evangelique_en_Afrique_","OUI","Mes_cours_a_l'_universite_\_Formation_médicale_Médias_(TV,_radio,_internet)_Littérature_scientifique_/_Livres__Expérience_clinique__durant_mon__Stages",1,1,0,1,1,0,"","Une_prolifération_incontrôlée_de_cellules_anormales",0,1,0,0,0,"","Cancer_colorectal___Leucémie___Retinoblastome___cancer_du_sein__Lymphome__Meduloblastome__cancer_de_l'uterus__cancer_des_ovaires__cancer_de_poumons__Cancer_de_la_prostate__cancer_de_la_peau_",1,1,1,1,1,1,1,1,1,1,1,0,0,"","Tabagiste__Consomation_d'alocool__Infections_(e.g.,_HPV,_hépatite_B/C)_Exposition_à_des_substances_chimiques_/_Pollution_de_la_nature_Facteurs_génétiques_/_Héréditaires_Vieillissement_(_age_)",1,1,0,0,1,1,1,1,0,0,0,0,"","Faux_","VRAI","Faux_","Je_ne_sais_pas_","Je_ne_sais_pas_","Faux_","Faux_","VRAI","Vaccination_(e.g.,_contre_HPV)_Dépistage_régulier_(e.g.,_mammographie,_frottis_cervical)_Arrêt_du_tabac_Alimentation_saine_et_exercice_physique__Évitement_des_expositions_environnementales_Examen_genetiques_pour_les_familles_a_risque",1,1,1,1,1,1,0,0,"","Filles_avant_le_début_de_la_vie_sexuelle","VRAI","si_detecte_et_pris_en_charge_au_stade_precoce_","Chirurgie__Chimiotherapie__Immunotherapie__Radiotherapie_",1,1,1,0,1,0,0,0,0,"","Soulager_la_douleur_et_les_autres_symptômes_(dyspnée,_nausées,_anxiété)","","Diagnostic_tardif__Manque_d'accès_aux_traitements__Insuffisance_de_ressources_(e.g.,_équipements,_personnel_specialise_dans_sa_prise_en_charge_)_Niveau_d'education_de_la_population_bas__Pauvreté_/_Manque_de_moyens_financiers__",1,1,1,1,0,1,0,0,0,"","Non","Manque_d'informations_et_des_moyens_de_prise_en_charge","Disponibiliser_les_moyens_et_faire_une_campagne_d'information_sur_le_cancer",4,"VRAI","Oui_,_beaucoup","Elle_est_une_maladie_dangereuse,_mais_parfois_curable_si_diagnostiqué_a_temps_et_mieux_pris_en_charge","Non_","Non","","","","Faire_une_campagne_d'information_sur_le_cancer,_financer_les_projets_prenant_en_charge_certains_cancers_et_disponibiliser_les_spécialistes_oncologues_dans_la_région"
27,"Masculin","Sud_kivu","celibataire_",9,"Universite_Officielle_de_Bukavu_(_UOB)","OUI","Mes_cours_a_l'_universite_\_Formation_médicale_Expérience_clinique__durant_mon__Stages",1,0,0,0,1,0,"","Une_prolifération_incontrôlée_de_cellules_anormales",0,1,0,0,0,"","Cancer_colorectal___Leucémie___Retinoblastome___cancer_du_sein__Lymphome__Meduloblastome__cancer_de_l'uterus__cancer_des_ovaires__cancer_de_poumons__Cancer_de_la_prostate__cancer_de_la_peau_",1,1,1,1,1,1,1,1,1,1,1,0,0,"","Tabagiste__Consomation_d'alocool__Mauvaise_alimentation_(e.g.,_excès_de_viande_rouge,_faible_en_fruits/légumes)_Infections_(e.g.,_HPV,_hépatite_B/C)_Exposition_à_des_substances_chimiques_/_Pollution_de_la_nature_Facteurs_génétiques_/_Héréditaires",1,1,1,0,1,1,1,0,0,0,0,0,"","Faux_","VRAI","Faux_","VRAI","Je_ne_sais_pas_","Faux_","VRAI","VRAI","Vaccination_(e.g.,_contre_HPV)_Dépistage_régulier_(e.g.,_mammographie,_frottis_cervical)_Arrêt_du_tabac_Alimentation_saine_et_exercice_physique__Évitement_des_expositions_environnementales_Examen_genetiques_pour_les_familles_a_risque",1,1,1,1,1,1,0,0,"","Filles_avant_le_début_de_la_vie_sexuelle","VRAI","si_detecte_et_pris_en_charge_au_stade_precoce_","Chirurgie__Chimiotherapie__Immunotherapie__Therapie_cible__Radiotherapie__traitement_paliatif__Traitement_traditionnel_/_Herbes_",1,1,1,1,1,1,1,0,0,"","Soulager_la_douleur_et_les_autres_symptômes_(dyspnée,_nausées,_anxiété)","","Diagnostic_tardif__Manque_d'accès_aux_traitements__Insuffisance_de_ressources_(e.g.,_équipements,_personnel_specialise_dans_sa_prise_en_charge_)_Niveau_d'education_de_la_population_bas__Facteurs_socioculturels_(e.g.,_recours_à_la_médecine_traditionnelle)____Pauvreté_/_Manque_de_moyens_financiers__",1,1,1,1,1,1,0,0,0,"","Non","Manque_d'organisation_du_système_de_santé","Mesures_hygiéno-diétetiques,_dépistage_,_non_exposition_aux_facteurs_environnementaux",3,"VRAI","Oui_,_moderement_","Traitable","Non_","Non","","","","Éviter_les_facteurs_de_risque,_dépistage_chez_les_personnes_à_risque,_consultation_et_prise_en_charge_précoce,_accès_aux_soins_à_tous."
26,"Feminin_","Sud_kivu","celibataire_",6,"Universite_Evangelique_en_Afrique_","OUI","Mes_cours_a_l'_universite_\_Formation_médicale",1,0,0,0,0,0,"","Une_prolifération_incontrôlée_de_cellules_anormales",0,1,0,0,0,"","Cancer_colorectal___Leucémie___Retinoblastome___cancer_du_sein__Lymphome__cancer_de_l'uterus__cancer_des_ovaires__cancer_de_poumons__Cancer_de_la_prostate_",1,1,1,1,1,0,1,1,1,1,0,0,0,"","Mauvaise_alimentation_(e.g.,_excès_de_viande_rouge,_faible_en_fruits/légumes)_Infections_(e.g.,_HPV,_hépatite_B/C)_Exposition_à_des_substances_chimiques_/_Pollution_de_la_nature_Facteurs_génétiques_/_Héréditaires_Vieillissement_(_age_)_Mythes_culturels_(_sorcellerie)",0,0,1,0,1,1,1,1,1,0,0,0,"","Faux_","VRAI","Vrai_","VRAI","Je_ne_sais_pas_","Faux_","Je_ne_sais_pas_","VRAI","Vaccination_(e.g.,_contre_HPV)_Dépistage_régulier_(e.g.,_mammographie,_frottis_cervical)_Arrêt_du_tabac_Évitement_des_expositions_environnementales_Examen_genetiques_pour_les_familles_a_risque",1,1,1,0,1,1,0,0,"","Filles_avant_le_début_de_la_vie_sexuelle","VRAI","si_pris_en_charge_dans_un_centre_specialise_de_cancerologie_","Chirurgie__Chimiotherapie__Therapie_cible__Radiotherapie__traitement_paliatif_",1,1,0,1,1,1,0,0,0,"","Soulager_la_douleur_et_les_autres_symptômes_(dyspnée,_nausées,_anxiété)","","Insuffisance_de_ressources_(e.g.,_équipements,_personnel_specialise_dans_sa_prise_en_charge_)_Niveau_d'education_de_la_population_bas__Pauvreté_/_Manque_de_moyens_financiers__",0,0,1,1,0,1,0,0,0,"","Oui","","Dépistage",4,"VRAI","Oui_,_moderement_","Traitable","Non_","Non","","","","La_sensibilisation_et_le_dépistage"
24,"Masculin","Sud_kivu","celibataire_",12,"Universite_catholique_de_Bukavu_(_UCB)_","OUI","Mes_cours_a_l'_universite_\_Formation_médicale",1,0,0,0,0,0,"","Une_prolifération_incontrôlée_de_cellules_anormales",0,1,0,0,0,"","Cancer_colorectal___Leucémie___Lymphome__cancer_de_l'uterus__cancer_des_ovaires__cancer_de_poumons__Cancer_de_la_prostate_",1,1,0,0,1,0,1,1,1,1,0,0,0,"","Tabagiste__Consomation_d'alocool__Mauvaise_alimentation_(e.g.,_excès_de_viande_rouge,_faible_en_fruits/légumes)_Infections_(e.g.,_HPV,_hépatite_B/C)_Exposition_à_des_substances_chimiques_/_Pollution_de_la_nature_Facteurs_génétiques_/_Héréditaires",1,1,1,0,1,1,1,0,0,0,0,0,"","Faux_","VRAI","Faux_","VRAI","Je_ne_sais_pas_","Faux_","VRAI","VRAI","Vaccination_(e.g.,_contre_HPV)_Dépistage_régulier_(e.g.,_mammographie,_frottis_cervical)_Arrêt_du_tabac_Alimentation_saine_et_exercice_physique__Évitement_des_expositions_environnementales_Examen_genetiques_pour_les_familles_a_risque",1,1,1,1,1,1,0,0,"","Filles_avant_le_début_de_la_vie_sexuelle","VRAI","si_detecte_et_pris_en_charge_au_stade_precoce_","Chirurgie__Chimiotherapie__Radiotherapie__traitement_paliatif_",1,1,0,0,1,1,0,0,0,"","Soutenir_laccompagnement_psychologique_et_spirituel","","Diagnostic_tardif__Manque_d'accès_aux_traitements__Insuffisance_de_ressources_(e.g.,_équipements,_personnel_specialise_dans_sa_prise_en_charge_)_Niveau_d'education_de_la_population_bas__Facteurs_socioculturels_(e.g.,_recours_à_la_médecine_traditionnelle)____Pauvreté_/_Manque_de_moyens_financiers__",1,1,1,1,1,1,0,0,0,"","Non","Pas_déquipement_pour_la_paraclinique,_pas_des_moyens_financiers_pour_payer_les_bilans,_pas_des_hôpitaux_équipés,_etc","Équipement_des_hôpitaux_et_baisse_du_coup_financier_des_soins",4,"VRAI","Oui_,_moderement_","Una_maladie_traitable","Non_","Non","","","","Sensibilisation,"
26,"Masculin","Sud_kivu","celibataire_",9,"Universite_Officielle_de_Bukavu_(_UOB)","OUI","Mes_cours_a_l'_universite_\_Formation_médicale_Littérature_scientifique_/_Livres__Expérience_clinique__durant_mon__Stages",1,0,0,1,1,0,"","Une_prolifération_incontrôlée_de_cellules_anormales",0,1,0,0,0,"","Cancer_colorectal___Leucémie___Retinoblastome___cancer_du_sein__Lymphome__cancer_de_l'uterus__Cancer_de_la_prostate_",1,1,1,1,1,0,1,0,0,1,0,0,0,"","Tabagiste__Infections_(e.g.,_HPV,_hépatite_B/C)_Facteurs_génétiques_/_Héréditaires",1,0,0,0,1,0,1,0,0,0,0,0,"","Faux_","VRAI","Faux_","VRAI","Je_ne_sais_pas_","Faux_","Je_ne_sais_pas_","VRAI","Vaccination_(e.g.,_contre_HPV)_Dépistage_régulier_(e.g.,_mammographie,_frottis_cervical)_Arrêt_du_tabac_Évitement_des_expositions_environnementales_Examen_genetiques_pour_les_familles_a_risque",1,1,1,0,1,1,0,0,"","Filles_avant_le_début_de_la_vie_sexuelle","VRAI","si_detecte_et_pris_en_charge_au_stade_precoce_","Chirurgie__Chimiotherapie__Immunotherapie__Therapie_cible__Radiotherapie__traitement_paliatif_",1,1,1,1,1,1,0,0,0,"","Soulager_la_douleur_et_les_autres_symptômes_(dyspnée,_nausées,_anxiété)","","Diagnostic_tardif__Manque_d'accès_aux_traitements__Insuffisance_de_ressources_(e.g.,_équipements,_personnel_specialise_dans_sa_prise_en_charge_)",1,1,1,0,0,0,0,0,0,"","Oui","","Éviter_les_expositions,_diagnostic_précoce",4,"VRAI","Oui_,_moderement_","Traitable","Non_","Oui","Grand_parents_","","","Louverture_des_centres_de_dépistage_et_prise_en_charge_avec_des_professionnels_spécialisés_et_en_fin_équiper_ces_centres"
27,"Masculin","Maniema_","celibataire_",11,"Universite_GOMA_","OUI","Mes_cours_a_l'_universite_\_Formation_médicale",1,0,0,0,0,0,"","Une_prolifération_incontrôlée_de_cellules_anormales",0,1,0,0,0,"","Cancer_colorectal___Leucémie___Retinoblastome___cancer_du_sein__Lymphome__Meduloblastome__cancer_de_l'uterus__cancer_des_ovaires__cancer_de_poumons__Cancer_de_la_prostate__cancer_de_la_peau_",1,1,1,1,1,1,1,1,1,1,1,0,0,"","Tabagiste__Consomation_d'alocool__Mauvaise_alimentation_(e.g.,_excès_de_viande_rouge,_faible_en_fruits/légumes)_Infections_(e.g.,_HPV,_hépatite_B/C)_Exposition_à_des_substances_chimiques_/_Pollution_de_la_nature_Facteurs_génétiques_/_Héréditaires",1,1,1,0,1,1,1,0,0,0,0,0,"","Faux_","VRAI","Vrai_","VRAI","Je_ne_sais_pas_","Faux_","Je_ne_sais_pas_","VRAI","Vaccination_(e.g.,_contre_HPV)_Dépistage_régulier_(e.g.,_mammographie,_frottis_cervical)_Arrêt_du_tabac_Alimentation_saine_et_exercice_physique__Évitement_des_expositions_environnementales_Examen_genetiques_pour_les_familles_a_risque",1,1,1,1,1,1,0,0,"","Filles_avant_le_début_de_la_vie_sexuelle","VRAI","si_detecte_et_pris_en_charge_au_stade_precoce_","Chirurgie__Chimiotherapie__Immunotherapie__Radiotherapie__traitement_paliatif_",1,1,1,0,1,1,0,0,0,"","Faciliter_la_prise_en_charge_à_domicile_lorsque_possible","","Diagnostic_tardif__Manque_d'accès_aux_traitements__Insuffisance_de_ressources_(e.g.,_équipements,_personnel_specialise_dans_sa_prise_en_charge_)_Niveau_d'education_de_la_population_bas__Facteurs_socioculturels_(e.g.,_recours_à_la_médecine_traditionnelle)____Pauvreté_/_Manque_de_moyens_financiers__",1,1,1,1,1,1,0,0,0,"","Non","Manque_d'un_bon_système_de_santé.","Arrêt_de_tabac,_d'alcool_et_dépistage_précoce",4,"VRAI","Oui_,_beaucoup","Traitable","Non_","Non","","","","Campagne_de_Dépistage"
25,"Masculin","Autre_province_","celibataire_",8,"Universite_catholique_de_Bukavu_(_UCB)_","OUI","Mes_cours_a_l'_universite_\_Formation_médicale",1,0,0,0,0,0,"","Une_prolifération_incontrôlée_de_cellules_anormales",0,1,0,0,0,"","Cancer_colorectal___Leucémie___Retinoblastome___cancer_du_sein__Lymphome__Meduloblastome__cancer_de_l'uterus__cancer_des_ovaires__cancer_de_poumons__Cancer_de_la_prostate__cancer_de_la_peau_",1,1,1,1,1,1,1,1,1,1,1,0,0,"","Tabagiste__Consomation_d'alocool__Mauvaise_alimentation_(e.g.,_excès_de_viande_rouge,_faible_en_fruits/légumes)_Exposition_à_des_substances_chimiques_/_Pollution_de_la_nature",1,1,1,0,0,1,0,0,0,0,0,0,"","Faux_","VRAI","Vrai_","VRAI","Je_ne_sais_pas_","Faux_","Je_ne_sais_pas_","VRAI","Vaccination_(e.g.,_contre_HPV)_Dépistage_régulier_(e.g.,_mammographie,_frottis_cervical)_Arrêt_du_tabac_Alimentation_saine_et_exercice_physique__Évitement_des_expositions_environnementales_Examen_genetiques_pour_les_familles_a_risque",1,1,1,1,1,1,0,0,"","Filles_avant_le_début_de_la_vie_sexuelle","VRAI","si_detecte_et_pris_en_charge_au_stade_precoce_","Chirurgie__Chimiotherapie__Radiotherapie__traitement_paliatif_",1,1,0,0,1,1,0,0,0,"","Soulager_la_douleur_et_les_autres_symptômes_(dyspnée,_nausées,_anxiété)","","Diagnostic_tardif__Manque_d'accès_aux_traitements__Insuffisance_de_ressources_(e.g.,_équipements,_personnel_specialise_dans_sa_prise_en_charge_)_Facteurs_socioculturels_(e.g.,_recours_à_la_médecine_traditionnelle)____Pauvreté_/_Manque_de_moyens_financiers__",1,1,1,0,1,1,0,0,0,"","Je_ne_sais_pas","","Le_dépistage",4,"VRAI","Oui_,_moderement_","Traitable","Non_","Oui","Cousin/cousine","","","Avoir_des_centres_de_cancérologies_et_des_spécialistes_avec_tous_les_équipements_modernes"
26,"Feminin_","Nord_kivu","celibataire_",15,"Universite_catholique_de_Graben_","OUI","Mes_cours_a_l'_universite_\_Formation_médicale_Médias_(TV,_radio,_internet)_Littérature_scientifique_/_Livres__Expérience_clinique__durant_mon__Stages",1,1,0,1,1,0,"","Une_prolifération_incontrôlée_de_cellules_anormales",0,1,0,0,0,"","Cancer_colorectal___Leucémie___Retinoblastome___cancer_du_sein__Lymphome__Meduloblastome__cancer_de_l'uterus__cancer_des_ovaires__cancer_de_poumons__Cancer_de_la_prostate__cancer_de_la_peau_",1,1,1,1,1,1,1,1,1,1,1,0,0,"","Tabagiste__Consomation_d'alocool__Infections_(e.g.,_HPV,_hépatite_B/C)_Exposition_à_des_substances_chimiques_/_Pollution_de_la_nature_Facteurs_génétiques_/_Héréditaires",1,1,0,0,1,1,1,0,0,0,0,0,"","Faux_","VRAI","Vrai_","VRAI","VRAI","Faux_","VRAI","VRAI","Vaccination_(e.g.,_contre_HPV)_Dépistage_régulier_(e.g.,_mammographie,_frottis_cervical)_Arrêt_du_tabac_Alimentation_saine_et_exercice_physique__Évitement_des_expositions_environnementales_Examen_genetiques_pour_les_familles_a_risque",1,1,1,1,1,1,0,0,"","Filles_avant_le_début_de_la_vie_sexuelle","VRAI","si_detecte_et_pris_en_charge_au_stade_precoce_","Chirurgie__Chimiotherapie__Radiotherapie_",1,1,0,0,1,0,0,0,0,"","Améliorer_la_qualité_de_vie_du_patient_et_de_sa_famille","","Diagnostic_tardif__Manque_d'accès_aux_traitements__Insuffisance_de_ressources_(e.g.,_équipements,_personnel_specialise_dans_sa_prise_en_charge_)_Niveau_d'education_de_la_population_bas__Facteurs_socioculturels_(e.g.,_recours_à_la_médecine_traditionnelle)___",1,1,1,1,1,0,0,0,0,"","Oui","","Éducation_de_la_population",4,"VRAI","Oui_,_beaucoup","Traitable","Non_","Non","","","","Éducation_de_la__population,_interdire_les_facteurs_de_risques,_doté_les_structures_des_équipements"
27,"Masculin","Hors_pays_","celibataire_",18,"Universite_catholique_de_Graben_","OUI","Mes_cours_a_l'_universite_\_Formation_médicale",1,0,0,0,0,0,"","Une_prolifération_incontrôlée_de_cellules_anormales",0,1,0,0,0,"","Cancer_colorectal___Leucémie____cancer_du_sein__Lymphome__cancer_de_l'uterus__cancer_des_ovaires__cancer_de_poumons__Cancer_de_la_prostate__cancer_de_la_peau_",1,1,0,1,1,0,1,1,1,1,1,0,0,"","Mauvaise_alimentation_(e.g.,_excès_de_viande_rouge,_faible_en_fruits/légumes)_Exposition_à_des_substances_chimiques_/_Pollution_de_la_nature_Facteurs_génétiques_/_Héréditaires",0,0,1,0,0,1,1,0,0,0,0,0,"","Faux_","VRAI","Faux_","VRAI","VRAI","Faux_","VRAI","VRAI","Vaccination_(e.g.,_contre_HPV)_Dépistage_régulier_(e.g.,_mammographie,_frottis_cervical)_Arrêt_du_tabac_Alimentation_saine_et_exercice_physique__Évitement_des_expositions_environnementales_Examen_genetiques_pour_les_familles_a_risque",1,1,1,1,1,1,0,0,"","Filles_avant_le_début_de_la_vie_sexuelle","Faux_","","Chirurgie__Chimiotherapie__Immunotherapie__Therapie_cible__Radiotherapie__traitement_paliatif_",1,1,1,1,1,1,0,0,0,"","Soulager_la_douleur_et_les_autres_symptômes_(dyspnée,_nausées,_anxiété)","","Diagnostic_tardif__Manque_d'accès_aux_traitements__Insuffisance_de_ressources_(e.g.,_équipements,_personnel_specialise_dans_sa_prise_en_charge_)_Niveau_d'education_de_la_population_bas__Facteurs_socioculturels_(e.g.,_recours_à_la_médecine_traditionnelle)____Pauvreté_/_Manque_de_moyens_financiers__",1,1,1,1,1,1,0,0,0,"","Non","Le_manque_d'équipements_nécessaires","L'information_de_la_population_sur_l'existence_du_cancer",2,"VRAI","Oui_,_beaucoup","C'est_une_maladie_traitable_si_le_diagnostic_est_précoce","Non_","Non","","","","Dépistage_précoce"
30,"Masculin","Nord_kivu","celibataire_",14,"Universite_catholique_de_Graben_","OUI","Mes_cours_a_l'_universite_\_Formation_médicale_Médias_(TV,_radio,_internet)_Littérature_scientifique_/_Livres__Expérience_clinique__durant_mon__Stages",1,1,0,1,1,0,"","Une_prolifération_incontrôlée_de_cellules_anormales",0,1,0,0,0,"","Cancer_colorectal___Leucémie____cancer_du_sein__Lymphome__cancer_de_l'uterus__cancer_de_poumons__Cancer_de_la_prostate__cancer_de_la_peau_",1,1,0,1,1,0,1,0,1,1,1,0,0,"","Tabagiste__Consomation_d'alocool__Infections_(e.g.,_HPV,_hépatite_B/C)_Exposition_à_des_substances_chimiques_/_Pollution_de_la_nature_Facteurs_génétiques_/_Héréditaires_Vieillissement_(_age_)",1,1,0,0,1,1,1,1,0,0,0,0,"","Faux_","VRAI","Faux_","VRAI","Faux_","Faux_","Faux_","Je_ne_sais_pas_","Vaccination_(e.g.,_contre_HPV)_Dépistage_régulier_(e.g.,_mammographie,_frottis_cervical)_Arrêt_du_tabac_Évitement_des_expositions_environnementales_Examen_genetiques_pour_les_familles_a_risque",1,1,1,0,1,1,0,0,"","Filles_avant_le_début_de_la_vie_sexuelle","VRAI","si_pris_en_charge_dans_un_centre_specialise_de_cancerologie_","Chirurgie__Chimiotherapie__Therapie_cible__Radiotherapie__traitement_paliatif_",1,1,0,1,1,1,0,0,0,"","Faciliter_la_prise_en_charge_à_domicile_lorsque_possible","","Diagnostic_tardif__Insuffisance_de_ressources_(e.g.,_équipements,_personnel_specialise_dans_sa_prise_en_charge_)_Facteurs_socioculturels_(e.g.,_recours_à_la_médecine_traditionnelle)____Pauvreté_/_Manque_de_moyens_financiers__",1,0,1,0,1,1,0,0,0,"","Non","Manque_des_spécialistes_et_des_équipements_adéquats_pour_la_prise_en_charge_du_cancer","Sensibilisation_de_la_population_sur_les_risques_du_cancer._Dépistage_précoce_du_cancer._Prise_en_charge_adéquate_après_diagnostic_précoce_du_cancer",4,"VRAI","Oui_,_beaucoup","Une_maladie_traitable","Non_","Non","","","","Former_plus_des_personnels_soignants_capables_de_dépister_et_de_diagnostic_le_cancer._Sensibiliser_sur_le_cancer._Prévenir_et_lutter_contre_le_cancer._Meilleure_prise_en_charge_du_cancer_une_fois_diagnostiqué."
26,"Masculin","Sud_kivu","celibataire_",7,"Universite_Evangelique_en_Afrique_","OUI","Mes_cours_a_l'_universite_\_Formation_médicale",1,0,0,0,0,0,"","Une_prolifération_incontrôlée_de_cellules_anormales",0,1,0,0,0,"","_Leucémie___Retinoblastome___cancer_du_sein__Lymphome__cancer_de_l'uterus__cancer_des_ovaires__cancer_de_poumons__Cancer_de_la_prostate_",0,1,1,1,1,0,1,1,1,1,0,0,0,"","Tabagiste__Consomation_d'alocool__Infections_(e.g.,_HPV,_hépatite_B/C)_Exposition_à_des_substances_chimiques_/_Pollution_de_la_nature_Facteurs_génétiques_/_Héréditaires_Mythes_culturels_(_sorcellerie)",1,1,0,0,1,1,1,0,1,0,0,0,"","Faux_","VRAI","Vrai_","VRAI","VRAI","VRAI","VRAI","VRAI","Vaccination_(e.g.,_contre_HPV)_Dépistage_régulier_(e.g.,_mammographie,_frottis_cervical)_Arrêt_du_tabac_Évitement_des_expositions_environnementales",1,1,1,0,1,0,0,0,"","Filles_avant_le_début_de_la_vie_sexuelle","VRAI","si_detecte_et_pris_en_charge_au_stade_precoce_","Chirurgie__Chimiotherapie__Radiotherapie__traitement_paliatif_",1,1,0,0,1,1,0,0,0,"","Améliorer_la_qualité_de_vie_du_patient_et_de_sa_famille","","Diagnostic_tardif__Manque_d'accès_aux_traitements__Insuffisance_de_ressources_(e.g.,_équipements,_personnel_specialise_dans_sa_prise_en_charge_)_Pauvreté_/_Manque_de_moyens_financiers__",1,1,1,0,0,1,0,0,0,"","Non","Manque_des_ressources","Dépistage_et_vaccination",3,"VRAI","Oui_,_moderement_","Traitables_si_le_diagnostic__est_posé_précocement","Non_","Non","","","","Qu'on_sensibilise_la_population_pour_se_faire_dépisté_et_aussi_de_disponibilisé_les_vaccins_pour_les_enfants_et_même_les_adultes_qui_sont_exposer"
26,"Masculin","Sud_kivu","celibataire_",7,"Universite_Evangelique_en_Afrique_","OUI","Mes_cours_a_l'_universite_\_Formation_médicale",1,0,0,0,0,0,"","Une_prolifération_incontrôlée_de_cellules_anormales",0,1,0,0,0,"","Retinoblastome___cancer_du_sein__cancer_de_l'uterus__cancer_des_ovaires__Cancer_de_la_prostate_",0,0,1,1,0,0,1,1,0,1,0,0,0,"","Tabagiste__Consomation_d'alocool__Infections_(e.g.,_HPV,_hépatite_B/C)_Exposition_à_des_substances_chimiques_/_Pollution_de_la_nature",1,1,0,0,1,1,0,0,0,0,0,0,"","Faux_","VRAI","Vrai_","VRAI","VRAI","VRAI","VRAI","VRAI","Vaccination_(e.g.,_contre_HPV)_Arrêt_du_tabac_Alimentation_saine_et_exercice_physique_",1,0,1,1,0,0,0,0,"","Filles_avant_le_début_de_la_vie_sexuelle","VRAI","si_detecte_et_pris_en_charge_au_stade_precoce_","Chimiotherapie__Immunotherapie_",0,1,1,0,0,0,0,0,0,"","Améliorer_la_qualité_de_vie_du_patient_et_de_sa_famille","","Diagnostic_tardif_",1,0,0,0,0,0,0,0,0,"","Oui","","La_prévention",1,"VRAI","Oui_,_beaucoup","Le_cancer_tue","Oui","Non","","","","Le_dépistage"
26,"Feminin_","Hors_pays_","celibataire_",12,"Universite_catholique_de_Bukavu_(_UCB)_","OUI","Mes_cours_a_l'_universite_\_Formation_médicale_Médias_(TV,_radio,_internet)_Littérature_scientifique_/_Livres__Expérience_clinique__durant_mon__Stages",1,1,0,1,1,0,"","Une_prolifération_incontrôlée_de_cellules_anormales",0,1,0,0,0,"","Cancer_colorectal___Leucémie___Retinoblastome___cancer_du_sein__Lymphome__cancer_de_l'uterus__cancer_des_ovaires__cancer_de_poumons__Cancer_de_la_prostate__cancer_de_la_peau_",1,1,1,1,1,0,1,1,1,1,1,0,0,"","Tabagiste__Mauvaise_alimentation_(e.g.,_excès_de_viande_rouge,_faible_en_fruits/légumes)_Infections_(e.g.,_HPV,_hépatite_B/C)_Exposition_à_des_substances_chimiques_/_Pollution_de_la_nature_Facteurs_génétiques_/_Héréditaires",1,0,1,0,1,1,1,0,0,0,0,0,"","Faux_","VRAI","Faux_","VRAI","VRAI","Faux_","VRAI","VRAI","Vaccination_(e.g.,_contre_HPV)_Dépistage_régulier_(e.g.,_mammographie,_frottis_cervical)_Arrêt_du_tabac_Alimentation_saine_et_exercice_physique__Évitement_des_expositions_environnementales_Examen_genetiques_pour_les_familles_a_risque",1,1,1,1,1,1,0,0,"","Filles_avant_le_début_de_la_vie_sexuelle","VRAI","si_detecte_et_pris_en_charge_au_stade_precoce_","Chirurgie__Chimiotherapie__Immunotherapie__Therapie_cible__Radiotherapie_",1,1,1,1,1,0,0,0,0,"","Améliorer_la_qualité_de_vie_du_patient_et_de_sa_famille","","Diagnostic_tardif__Manque_d'accès_aux_traitements__Insuffisance_de_ressources_(e.g.,_équipements,_personnel_specialise_dans_sa_prise_en_charge_)_Niveau_d'education_de_la_population_bas__Facteurs_socioculturels_(e.g.,_recours_à_la_médecine_traditionnelle)____Pauvreté_/_Manque_de_moyens_financiers__",1,1,1,1,1,1,0,0,0,"","Oui","","La_sensibilisation",1,"Faux_","Oui_,_beaucoup","Les_deux","Non_","Non","","","","Sensibilisation"
27,"Feminin_","Sud_kivu","celibataire_",9,"Universite_Officielle_de_Bukavu_(_UOB)","OUI","Mes_cours_a_l'_universite_\_Formation_médicale_Expérience_clinique__durant_mon__Stages",1,0,0,0,1,0,"","Une_prolifération_incontrôlée_de_cellules_anormales",0,1,0,0,0,"","_Leucémie____cancer_du_sein__Lymphome__cancer_de_l'uterus__Cancer_de_la_prostate__cancer_de_la_peau_",0,1,0,1,1,0,1,0,0,1,1,0,0,"","Exposition_à_des_substances_chimiques_/_Pollution_de_la_nature_Facteurs_génétiques_/_Héréditaires",0,0,0,0,0,1,1,0,0,0,0,0,"","Faux_","VRAI","Je_ne_sais_pas_","Je_ne_sais_pas_","Je_ne_sais_pas_","VRAI","Je_ne_sais_pas_","VRAI","Vaccination_(e.g.,_contre_HPV)_Dépistage_régulier_(e.g.,_mammographie,_frottis_cervical)_Évitement_des_expositions_environnementales",1,1,0,0,1,0,0,0,"","Patients_avec_un_cancer_cervical_ou_autre_type_","Faux_","","Chimiotherapie__Radiotherapie_",0,1,0,0,1,0,0,0,0,"","Être_intégrés_précocement_dans_la_prise_en_charge_des_cancers_avancés","","Diagnostic_tardif__Manque_d'accès_aux_traitements__Insuffisance_de_ressources_(e.g.,_équipements,_personnel_specialise_dans_sa_prise_en_charge_)_Niveau_d'education_de_la_population_bas__Facteurs_socioculturels_(e.g.,_recours_à_la_médecine_traditionnelle)____Pauvreté_/_Manque_de_moyens_financiers__",1,1,1,1,1,1,0,0,0,"","Je_ne_sais_pas","","Dépistage_précoce_gratuit",1,"VRAI","Oui_,_beaucoup","Traitable","Non_","Non","","","","Dépistage_gratuit"
27,"Masculin","Sud_kivu","celibataire_",10,"Universite_Officielle_de_Bukavu_(_UOB)","OUI","Mes_cours_a_l'_universite_\_Formation_médicale_Littérature_scientifique_/_Livres_",1,0,0,1,0,0,"","Une_prolifération_incontrôlée_de_cellules_anormales",0,1,0,0,0,"","Cancer_colorectal___Leucémie___Retinoblastome___cancer_du_sein__Lymphome__Meduloblastome__cancer_de_l'uterus__cancer_des_ovaires__cancer_de_poumons__Cancer_de_la_prostate__cancer_de_la_peau_",1,1,1,1,1,1,1,1,1,1,1,0,0,"","Tabagiste__Consomation_d'alocool__Infections_(e.g.,_HPV,_hépatite_B/C)_Facteurs_génétiques_/_Héréditaires",1,1,0,0,1,0,1,0,0,0,0,0,"","Faux_","VRAI","Faux_","VRAI","Faux_","Faux_","VRAI","VRAI","Vaccination_(e.g.,_contre_HPV)_Dépistage_régulier_(e.g.,_mammographie,_frottis_cervical)_Évitement_des_expositions_environnementales",1,1,0,0,1,0,0,0,"","Filles_avant_le_début_de_la_vie_sexuelle","VRAI","si_detecte_et_pris_en_charge_au_stade_precoce_","Chirurgie__Radiotherapie_",1,0,0,0,1,0,0,0,0,"","Être_intégrés_précocement_dans_la_prise_en_charge_des_cancers_avancés","","Diagnostic_tardif__Manque_d'accès_aux_traitements__Insuffisance_de_ressources_(e.g.,_équipements,_personnel_specialise_dans_sa_prise_en_charge_)",1,1,1,0,0,0,0,0,0,"","Oui","","Rien",3,"VRAI","Oui_,_moderement_","Rien","Oui","Oui","un_oncle_/Tente_","Traitement_médical_conventionnel_(e.g.,_hôpital)_","Guérison__","Aucun"
25,"Masculin","Nord_kivu","celibataire_",10,"Universite_GOMA_","OUI","Mes_cours_a_l'_universite_\_Formation_médicale_Médias_(TV,_radio,_internet)_Littérature_scientifique_/_Livres__Expérience_clinique__durant_mon__Stages",1,1,0,1,1,0,"","Une_prolifération_incontrôlée_de_cellules_anormales",0,1,0,0,0,"","Cancer_colorectal___Leucémie___Retinoblastome___cancer_du_sein__Lymphome__Meduloblastome__cancer_de_l'uterus__cancer_des_ovaires__cancer_de_poumons__Cancer_de_la_prostate__cancer_de_la_peau_",1,1,1,1,1,1,1,1,1,1,1,0,0,"","Tabagiste__Consomation_d'alocool__Mauvaise_alimentation_(e.g.,_excès_de_viande_rouge,_faible_en_fruits/légumes)_Infections_(e.g.,_HPV,_hépatite_B/C)_Exposition_à_des_substances_chimiques_/_Pollution_de_la_nature_Facteurs_génétiques_/_Héréditaires_Vieillissement_(_age_)",1,1,1,0,1,1,1,1,0,0,0,0,"","Faux_","VRAI","Vrai_","VRAI","VRAI","Faux_","VRAI","VRAI","Vaccination_(e.g.,_contre_HPV)_Dépistage_régulier_(e.g.,_mammographie,_frottis_cervical)_Arrêt_du_tabac_Alimentation_saine_et_exercice_physique__Évitement_des_expositions_environnementales_Examen_genetiques_pour_les_familles_a_risque",1,1,1,1,1,1,0,0,"","Filles_avant_le_début_de_la_vie_sexuelle","VRAI","si_detecte_et_pris_en_charge_au_stade_precoce_","Chirurgie__Chimiotherapie__Immunotherapie__Therapie_cible__Radiotherapie__traitement_paliatif_",1,1,1,1,1,1,0,0,0,"","Soulager_la_douleur_et_les_autres_symptômes_(dyspnée,_nausées,_anxiété)","","Diagnostic_tardif__Manque_d'accès_aux_traitements__Insuffisance_de_ressources_(e.g.,_équipements,_personnel_specialise_dans_sa_prise_en_charge_)_Niveau_d'education_de_la_population_bas__Facteurs_socioculturels_(e.g.,_recours_à_la_médecine_traditionnelle)____Pauvreté_/_Manque_de_moyens_financiers__",1,1,1,1,1,1,0,0,0,"","Non","Niveau_déducation_bas_de_la_population,_manque_de_moyens","Sensibiliser_la_population",1,"VRAI","Oui_,_beaucoup","Traitable","Non_","Non","","","","Créer_une_organisation_uniquement_dédier_au_cancer_au_niveau_national"
26,"Feminin_","Nord_kivu","celibataire_",10,"Universite_GOMA_","OUI","Mes_cours_a_l'_universite_\_Formation_médicale_Médias_(TV,_radio,_internet)_Littérature_scientifique_/_Livres__Expérience_clinique__durant_mon__Stages",1,1,0,1,1,0,"","Une_prolifération_incontrôlée_de_cellules_anormales",0,1,0,0,0,"","Cancer_colorectal___Leucémie___Retinoblastome___cancer_du_sein__Lymphome__Meduloblastome__cancer_de_l'uterus__cancer_des_ovaires__cancer_de_poumons__Cancer_de_la_prostate_",1,1,1,1,1,1,1,1,1,1,0,0,0,"","Tabagiste__Consomation_d'alocool__Mauvaise_alimentation_(e.g.,_excès_de_viande_rouge,_faible_en_fruits/légumes)_Manque_d'exercice_physique_Infections_(e.g.,_HPV,_hépatite_B/C)_Exposition_à_des_substances_chimiques_/_Pollution_de_la_nature_Facteurs_génétiques_/_Héréditaires_Vieillissement_(_age_)",1,1,1,1,1,1,1,1,0,0,0,0,"","Faux_","VRAI","Vrai_","VRAI","Faux_","Faux_","Faux_","VRAI","Vaccination_(e.g.,_contre_HPV)_Dépistage_régulier_(e.g.,_mammographie,_frottis_cervical)_Arrêt_du_tabac_Alimentation_saine_et_exercice_physique__Évitement_des_expositions_environnementales_Examen_genetiques_pour_les_familles_a_risque",1,1,1,1,1,1,0,0,"","Filles_avant_le_début_de_la_vie_sexuelle","VRAI","si_detecte_et_pris_en_charge_au_stade_precoce_","Chirurgie__Chimiotherapie__Radiotherapie__traitement_paliatif_",1,1,0,0,1,1,0,0,0,"","Soutenir_laccompagnement_psychologique_et_spirituel","","Diagnostic_tardif_",1,0,0,0,0,0,0,0,0,"","Non","Manque_de_suivi_de_dépistage_précoce","Éducation_de_la_population",2,"VRAI","Oui_,_moderement_","Traitable","Non_","Non","","","","Soutenir_les_patients_diagnostiqués_avec_cancer"
25,"Feminin_","Sud_kivu","celibataire_",7,"Universite_Evangelique_en_Afrique_","OUI","Mes_cours_a_l'_universite_\_Formation_médicale_Littérature_scientifique_/_Livres__Expérience_clinique__durant_mon__Stages",1,0,0,1,1,0,"","Une_prolifération_incontrôlée_de_cellules_anormales",0,1,0,0,0,"","_Leucémie___Retinoblastome__Cancer_de_la_prostate_",0,1,1,0,0,0,0,0,0,1,0,0,0,"","Tabagiste__Consomation_d'alocool__Exposition_à_des_substances_chimiques_/_Pollution_de_la_nature_Facteurs_génétiques_/_Héréditaires_Vieillissement_(_age_)",1,1,0,0,0,1,1,1,0,0,0,0,"","Faux_","VRAI","Vrai_","Je_ne_sais_pas_","Faux_","Faux_","VRAI","VRAI","Dépistage_régulier_(e.g.,_mammographie,_frottis_cervical)_Arrêt_du_tabac_Alimentation_saine_et_exercice_physique__Évitement_des_expositions_environnementales_Examen_genetiques_pour_les_familles_a_risque",0,1,1,1,1,1,0,0,"","Femmes_de_plus_de_50_ans_","VRAI","si_detecte_et_pris_en_charge_au_stade_precoce_","Chimiotherapie_",0,1,0,0,0,0,0,0,0,"","Accélérer_le_décès_pour_réduire_la_souffrance","","Diagnostic_tardif__Je_ne_sais_pas",1,0,0,0,0,0,1,0,0,"","Non","Manque_des_moyens","Dépistage",3,"VRAI","Oui_,_beaucoup","Traitable","Non_","Non","","","","Vie_saine"
30,"Masculin","Sud_kivu","celibataire_",7,"Universite_Evangelique_en_Afrique_","OUI","Mes_cours_a_l'_universite_\_Formation_médicale",1,0,0,0,0,0,"","Une_prolifération_incontrôlée_de_cellules_anormales",0,1,0,0,0,"","Cancer_colorectal___Leucémie___Retinoblastome___cancer_du_sein__Lymphome__cancer_de_l'uterus__cancer_des_ovaires__cancer_de_poumons__Cancer_de_la_prostate_",1,1,1,1,1,0,1,1,1,1,0,0,0,"","Tabagiste__Consomation_d'alocool__Mauvaise_alimentation_(e.g.,_excès_de_viande_rouge,_faible_en_fruits/légumes)_Infections_(e.g.,_HPV,_hépatite_B/C)_Exposition_à_des_substances_chimiques_/_Pollution_de_la_nature_Facteurs_génétiques_/_Héréditaires",1,1,1,0,1,1,1,0,0,0,0,0,"","Faux_","VRAI","Vrai_","VRAI","Je_ne_sais_pas_","Faux_","Faux_","VRAI","Vaccination_(e.g.,_contre_HPV)_Dépistage_régulier_(e.g.,_mammographie,_frottis_cervical)_Arrêt_du_tabac_Alimentation_saine_et_exercice_physique__Évitement_des_expositions_environnementales",1,1,1,1,1,0,0,0,"","Filles_avant_le_début_de_la_vie_sexuelle","VRAI","si_detecte_et_pris_en_charge_au_stade_precoce_","Chirurgie__Chimiotherapie__Immunotherapie__Therapie_cible__Radiotherapie__traitement_paliatif_",1,1,1,1,1,1,0,0,0,"","Soulager_la_douleur_et_les_autres_symptômes_(dyspnée,_nausées,_anxiété)","","Diagnostic_tardif__Manque_d'accès_aux_traitements__Facteurs_socioculturels_(e.g.,_recours_à_la_médecine_traditionnelle)____Pauvreté_/_Manque_de_moyens_financiers__",1,1,0,0,1,1,0,0,0,"","Oui","","......",2,"Faux_","Oui_,_moderement_",".......","Non_","Non","","","","......."
25,"Feminin_","Nord_kivu","celibataire_",11,"Universite_GOMA_","OUI","Mes_cours_a_l'_universite_\_Formation_médicale_Littérature_scientifique_/_Livres__Expérience_clinique__durant_mon__Stages",1,0,0,1,1,0,"","Une_prolifération_incontrôlée_de_cellules_anormales_Une_inflammation_passagère",0,1,1,0,0,"","Cancer_colorectal___Leucémie____cancer_du_sein__Lymphome__cancer_de_l'uterus__cancer_de_poumons__Cancer_de_la_prostate_",1,1,0,1,1,0,1,0,1,1,0,0,0,"","Tabagiste__Infections_(e.g.,_HPV,_hépatite_B/C)_Exposition_à_des_substances_chimiques_/_Pollution_de_la_nature_Facteurs_génétiques_/_Héréditaires_Vieillissement_(_age_)",1,0,0,0,1,1,1,1,0,0,0,0,"","Faux_","VRAI","Vrai_","VRAI","Je_ne_sais_pas_","Faux_","Faux_","VRAI","Vaccination_(e.g.,_contre_HPV)_Dépistage_régulier_(e.g.,_mammographie,_frottis_cervical)_Arrêt_du_tabac_Évitement_des_expositions_environnementales_Examen_genetiques_pour_les_familles_a_risque",1,1,1,0,1,1,0,0,"","Filles_avant_le_début_de_la_vie_sexuelle","VRAI","si_detecte_et_pris_en_charge_au_stade_precoce_","Chirurgie__Chimiotherapie__Radiotherapie_",1,1,0,0,1,0,0,0,0,"","Soulager_la_douleur_et_les_autres_symptômes_(dyspnée,_nausées,_anxiété)","","Diagnostic_tardif__Manque_d'accès_aux_traitements__Insuffisance_de_ressources_(e.g.,_équipements,_personnel_specialise_dans_sa_prise_en_charge_)_Niveau_d'education_de_la_population_bas__Facteurs_socioculturels_(e.g.,_recours_à_la_médecine_traditionnelle)___",1,1,1,1,1,0,0,0,0,"","Non","Le_niveau_socio_économique_bas","Vaccination,",2,"VRAI","Oui_,_beaucoup","Cest_une_maladie_traitante_ssi_le_dépistage_a_été_fait_précocement","Non_","Oui","un_oncle_/Tente_","","","Vaccination_contre_le_HPV,_contre_les_hépatites_virales_et_dépistage_précoce"
24,"Masculin","Sud_kivu","celibataire_",2,"Universite_catholique_de_Bukavu_(_UCB)_","OUI","Mes_cours_a_l'_universite_\_Formation_médicale",1,0,0,0,0,0,"","Une_prolifération_incontrôlée_de_cellules_anormales",0,1,0,0,0,"","_cancer_du_sein__Cancer_de_la_prostate_",0,0,0,1,0,0,0,0,0,1,0,0,0,"","Tabagiste__Facteurs_génétiques_/_Héréditaires",1,0,0,0,0,0,1,0,0,0,0,0,"","Faux_","VRAI","Vrai_","VRAI","VRAI","Faux_","VRAI","VRAI","Vaccination_(e.g.,_contre_HPV)_Dépistage_régulier_(e.g.,_mammographie,_frottis_cervical)_Arrêt_du_tabac_Alimentation_saine_et_exercice_physique__Examen_genetiques_pour_les_familles_a_risque",1,1,1,1,0,1,0,0,"","Filles_avant_le_début_de_la_vie_sexuelle","VRAI","si_detecte_et_pris_en_charge_au_stade_precoce_","Chirurgie__Chimiotherapie__Immunotherapie__Therapie_cible__Radiotherapie_",1,1,1,1,1,0,0,0,0,"","Améliorer_la_qualité_de_vie_du_patient_et_de_sa_famille","","Diagnostic_tardif__Manque_d'accès_aux_traitements__Insuffisance_de_ressources_(e.g.,_équipements,_personnel_specialise_dans_sa_prise_en_charge_)_Niveau_d'education_de_la_population_bas__Facteurs_socioculturels_(e.g.,_recours_à_la_médecine_traditionnelle)____Pauvreté_/_Manque_de_moyens_financiers__",1,1,1,1,1,1,0,0,0,"","Oui","","Dépistage_précoce",3,"VRAI","Oui_,_moderement_","Maladie_comme_les_autres","Non_","Oui","autre_","","","Dépistage_précoce"
28,"Masculin","Sud_kivu","celibataire_",2,"Universite_catholique_de_Bukavu_(_UCB)_","OUI","Mes_cours_a_l'_universite_\_Formation_médicale_Littérature_scientifique_/_Livres_",1,0,0,1,0,0,"","Une_prolifération_incontrôlée_de_cellules_anormales",0,1,0,0,0,"","Cancer_colorectal___Leucémie___Retinoblastome___cancer_du_sein__Lymphome__Meduloblastome__cancer_de_l'uterus__cancer_des_ovaires__cancer_de_poumons__Cancer_de_la_prostate__cancer_de_la_peau_",1,1,1,1,1,1,1,1,1,1,1,0,0,"","Tabagiste__Exposition_à_des_substances_chimiques_/_Pollution_de_la_nature_Facteurs_génétiques_/_Héréditaires_Vieillissement_(_age_)",1,0,0,0,0,1,1,1,0,0,0,0,"","Faux_","VRAI","Faux_","Je_ne_sais_pas_","VRAI","Faux_","VRAI","VRAI","Vaccination_(e.g.,_contre_HPV)_Arrêt_du_tabac_Examen_genetiques_pour_les_familles_a_risque",1,0,1,0,0,1,0,0,"","Femmes_de_plus_de_50_ans_","VRAI","si_detecte_et_pris_en_charge_au_stade_precoce_","Chirurgie__Chimiotherapie__Immunotherapie__Therapie_cible__Radiotherapie_",1,1,1,1,1,0,0,0,0,"","Soulager_la_douleur_et_les_autres_symptômes_(dyspnée,_nausées,_anxiété)","","Diagnostic_tardif__Manque_d'accès_aux_traitements_",1,1,0,0,0,0,0,0,0,"","Oui","","Dépistage_si_on_a_un_des_facteurs_de_risque",3,"VRAI","Oui_,_moderement_","Maladie_comme_tout_les_autres","Non_","Non","","","","Éviter_le_plus_possible_la_consommation_des_OGM"
25,"Masculin","Sud_kivu","celibataire_",3,"Universite_catholique_de_Bukavu_(_UCB)_","OUI","Mes_cours_a_l'_universite_\_Formation_médicale",1,0,0,0,0,0,"","Une_prolifération_incontrôlée_de_cellules_anormales",0,1,0,0,0,"","_Leucémie__",0,1,0,0,0,0,0,0,0,0,0,0,0,"","Tabagiste_",1,0,0,0,0,0,0,0,0,0,0,0,"","Faux_","VRAI","Faux_","Je_ne_sais_pas_","Je_ne_sais_pas_","Faux_","VRAI","VRAI","Dépistage_régulier_(e.g.,_mammographie,_frottis_cervical)",0,1,0,0,0,0,0,0,"","Hommes_âgés_uniquement","VRAI","si_detecte_et_pris_en_charge_au_stade_precoce_","Chimiotherapie__Radiotherapie_",0,1,0,0,1,0,0,0,0,"","Soulager_la_douleur_et_les_autres_symptômes_(dyspnée,_nausées,_anxiété)","","Diagnostic_tardif__Manque_d'accès_aux_traitements__Insuffisance_de_ressources_(e.g.,_équipements,_personnel_specialise_dans_sa_prise_en_charge_)_Niveau_d'education_de_la_population_bas_",1,1,1,1,0,0,0,0,0,"","Oui","","Depistage",1,"VRAI","Oui_,_beaucoup","Traitable","Oui","Non","","","","Dépistage"
26,"Masculin","Sud_kivu","celibataire_",2,"Universite_catholique_de_Bukavu_(_UCB)_","OUI","Mes_cours_a_l'_universite_\_Formation_médicale_Médias_(TV,_radio,_internet)_Famille_/_Amis_Littérature_scientifique_/_Livres__Expérience_clinique__durant_mon__Stages",1,1,1,1,1,0,"","Une_infection_aiguë_Une_prolifération_incontrôlée_de_cellules_anormales_Une_inflammation_passagère_Une_réaction_allergique",1,1,1,1,0,"","Cancer_colorectal___Leucémie___Retinoblastome___cancer_du_sein__Lymphome__Meduloblastome__cancer_de_l'uterus__cancer_des_ovaires__cancer_de_poumons__Cancer_de_la_prostate__cancer_de_la_peau_",1,1,1,1,1,1,1,1,1,1,1,0,0,"","Tabagiste__Consomation_d'alocool__Mauvaise_alimentation_(e.g.,_excès_de_viande_rouge,_faible_en_fruits/légumes)_Manque_d'exercice_physique_Infections_(e.g.,_HPV,_hépatite_B/C)_Exposition_à_des_substances_chimiques_/_Pollution_de_la_nature_Facteurs_génétiques_/_Héréditaires_Vieillissement_(_age_)",1,1,1,1,1,1,1,1,0,0,0,0,"","Faux_","VRAI","Vrai_","VRAI","VRAI","VRAI","VRAI","VRAI","Vaccination_(e.g.,_contre_HPV)_Dépistage_régulier_(e.g.,_mammographie,_frottis_cervical)_Arrêt_du_tabac_Alimentation_saine_et_exercice_physique__Évitement_des_expositions_environnementales_Examen_genetiques_pour_les_familles_a_risque",1,1,1,1,1,1,0,0,"","Filles_avant_le_début_de_la_vie_sexuelle","VRAI","si_detecte_et_pris_en_charge_au_stade_precoce_","Chirurgie__Chimiotherapie__Immunotherapie__Therapie_cible__Radiotherapie__traitement_paliatif__Traitement_traditionnel_/_Herbes_",1,1,1,1,1,1,1,0,0,"","Soulager_la_douleur_et_les_autres_symptômes_(dyspnée,_nausées,_anxiété)","","Diagnostic_tardif__Manque_d'accès_aux_traitements__Insuffisance_de_ressources_(e.g.,_équipements,_personnel_specialise_dans_sa_prise_en_charge_)_Niveau_d'education_de_la_population_bas__Facteurs_socioculturels_(e.g.,_recours_à_la_médecine_traditionnelle)____Pauvreté_/_Manque_de_moyens_financiers__",1,1,1,1,1,1,0,0,0,"","Oui","","L'accès_aux_structures_sanitaires_tertiaires,_qui_sont_en_mesure_de_détecter_les_problèmes.",3,"VRAI","Oui_,_beaucoup","Traitable","Non_","Non","","","","De_former_personnels_(médecins_oncologue),_d'avoir_un_plateau_technique_(matériels_:_IRM,_TEP_Scann,_Angiographie,_Laboratoire_avec_le_marqueur_spécifique)_au_standard_de_l'Europe_ou_Amérique"
26,"Masculin","Hors_pays_","celibataire_",1,"Universite_catholique_de_Bukavu_(_UCB)_","OUI","Mes_cours_a_l'_universite_\_Formation_médicale",1,0,0,0,0,0,"","Une_prolifération_incontrôlée_de_cellules_anormales",0,1,0,0,0,"","Cancer_colorectal___Leucémie___Retinoblastome___cancer_du_sein__Lymphome__Meduloblastome__cancer_de_l'uterus__cancer_des_ovaires__cancer_de_poumons__Cancer_de_la_prostate__cancer_de_la_peau_",1,1,1,1,1,1,1,1,1,1,1,0,0,"","Tabagiste__Consomation_d'alocool__Infections_(e.g.,_HPV,_hépatite_B/C)_Exposition_à_des_substances_chimiques_/_Pollution_de_la_nature_Facteurs_génétiques_/_Héréditaires",1,1,0,0,1,1,1,0,0,0,0,0,"","Faux_","VRAI","Je_ne_sais_pas_","VRAI","Je_ne_sais_pas_","Faux_","Je_ne_sais_pas_","VRAI","Vaccination_(e.g.,_contre_HPV)_Dépistage_régulier_(e.g.,_mammographie,_frottis_cervical)_Arrêt_du_tabac_Évitement_des_expositions_environnementales_Examen_genetiques_pour_les_familles_a_risque",1,1,1,0,1,1,0,0,"","Filles_avant_le_début_de_la_vie_sexuelle","VRAI","si_detecte_et_pris_en_charge_au_stade_precoce_","Chirurgie__Chimiotherapie__Therapie_cible__Radiotherapie__traitement_paliatif_",1,1,0,1,1,1,0,0,0,"","Soulager_la_douleur_et_les_autres_symptômes_(dyspnée,_nausées,_anxiété)","","Diagnostic_tardif__Manque_d'accès_aux_traitements__Insuffisance_de_ressources_(e.g.,_équipements,_personnel_specialise_dans_sa_prise_en_charge_)_Niveau_d'education_de_la_population_bas__Facteurs_socioculturels_(e.g.,_recours_à_la_médecine_traditionnelle)____Pauvreté_/_Manque_de_moyens_financiers__",1,1,1,1,1,1,0,0,0,"","Oui","","Sensibilisation",5,"Je_ne_sais_pas_","Oui_,_beaucoup","Traitable","Non_","Non","","","","La_sensibilisation_sur_le_dépistage_précoce"
30,"Masculin","Nord_kivu","celibataire_",8,"Universite_Libre_des_grand_LACS_","OUI","Mes_cours_a_l'_universite_\_Formation_médicale_Expérience_clinique__durant_mon__Stages",1,0,0,0,1,0,"","Une_prolifération_incontrôlée_de_cellules_anormales",0,1,0,0,0,"","Retinoblastome___cancer_du_sein__cancer_de_l'uterus__cancer_des_ovaires__cancer_de_poumons__Cancer_de_la_prostate_",0,0,1,1,0,0,1,1,1,1,0,0,0,"","Infections_(e.g.,_HPV,_hépatite_B/C)",0,0,0,0,1,0,0,0,0,0,0,0,"","VRAI","VRAI","Faux_","VRAI","Faux_","Faux_","Faux_","Je_ne_sais_pas_","Vaccination_(e.g.,_contre_HPV)_Dépistage_régulier_(e.g.,_mammographie,_frottis_cervical)_Arrêt_du_tabac_Examen_genetiques_pour_les_familles_a_risque",1,1,1,0,0,1,0,0,"","Filles_avant_le_début_de_la_vie_sexuelle","Faux_","","Chirurgie__Chimiotherapie__Therapie_cible__Radiotherapie_",1,1,0,1,1,0,0,0,0,"","Améliorer_la_qualité_de_vie_du_patient_et_de_sa_famille","","Diagnostic_tardif__Manque_d'accès_aux_traitements__Insuffisance_de_ressources_(e.g.,_équipements,_personnel_specialise_dans_sa_prise_en_charge_)_Niveau_d'education_de_la_population_bas__Facteurs_socioculturels_(e.g.,_recours_à_la_médecine_traditionnelle)____Pauvreté_/_Manque_de_moyens_financiers__",1,1,1,1,1,1,0,0,0,"","Je_ne_sais_pas","","Dépistage_précoce",5,"VRAI","Oui_,_beaucoup","Traitable","Non_","Non","","","","Éducation_et_dépistage_précoce"
24,"Feminin_","Sud_kivu","celibataire_",0,"Universite_Evangelique_en_Afrique_","OUI","Mes_cours_a_l'_universite_\_Formation_médicale",1,0,0,0,0,0,"","Une_prolifération_incontrôlée_de_cellules_anormales",0,1,0,0,0,"","Cancer_colorectal___Leucémie___Retinoblastome___cancer_du_sein__Lymphome__Meduloblastome__cancer_de_l'uterus__cancer_des_ovaires__cancer_de_poumons__Cancer_de_la_prostate__cancer_de_la_peau_",1,1,1,1,1,1,1,1,1,1,1,0,0,"","Tabagiste__Consomation_d'alocool__Mauvaise_alimentation_(e.g.,_excès_de_viande_rouge,_faible_en_fruits/légumes)_Infections_(e.g.,_HPV,_hépatite_B/C)_Exposition_à_des_substances_chimiques_/_Pollution_de_la_nature_Facteurs_génétiques_/_Héréditaires",1,1,1,0,1,1,1,0,0,0,0,0,"","Faux_","VRAI","Vrai_","VRAI","VRAI","Faux_","Faux_","VRAI","Vaccination_(e.g.,_contre_HPV)_Dépistage_régulier_(e.g.,_mammographie,_frottis_cervical)_Arrêt_du_tabac_Alimentation_saine_et_exercice_physique__Évitement_des_expositions_environnementales_Examen_genetiques_pour_les_familles_a_risque",1,1,1,1,1,1,0,0,"","Filles_avant_le_début_de_la_vie_sexuelle","VRAI","si_detecte_et_pris_en_charge_au_stade_precoce_","Chirurgie__Chimiotherapie__Immunotherapie__Radiotherapie_",1,1,1,0,1,0,0,0,0,"","Être_réservés_uniquement_à_la_phase_terminale","","Diagnostic_tardif__Manque_d'accès_aux_traitements__Insuffisance_de_ressources_(e.g.,_équipements,_personnel_specialise_dans_sa_prise_en_charge_)_Niveau_d'education_de_la_population_bas__Facteurs_socioculturels_(e.g.,_recours_à_la_médecine_traditionnelle)____Pauvreté_/_Manque_de_moyens_financiers__",1,1,1,1,1,1,0,0,0,"","Non","Manque_d'équipements_et_des_personnels_compétents","Le_dépistage",1,"VRAI","Oui_,_beaucoup","Traitable","Non_","Non","","","","Informer_la_population_sur_le_cancer,faire_le_dépistage,_vaccination_et_avoir_des_personnels_soignants_compétant"
27,"Masculin","Sud_kivu","celibataire_",5,"Universite_Evangelique_en_Afrique_","OUI","Médias_(TV,_radio,_internet)",0,1,0,0,0,0,"","Une_prolifération_incontrôlée_de_cellules_anormales",0,1,0,0,0,"","Cancer_de_la_prostate_",0,0,0,0,0,0,0,0,0,1,0,0,0,"","Exposition_à_des_substances_chimiques_/_Pollution_de_la_nature",0,0,0,0,0,1,0,0,0,0,0,0,"","Faux_","VRAI","Je_ne_sais_pas_","VRAI","VRAI","Faux_","Faux_","Je_ne_sais_pas_","Dépistage_régulier_(e.g.,_mammographie,_frottis_cervical)",0,1,0,0,0,0,0,0,"","Patients_avec_un_cancer_cervical_ou_autre_type_","VRAI","si_detecte_et_pris_en_charge_au_stade_precoce_","Chimiotherapie__Immunotherapie_",0,1,1,0,0,0,0,0,0,"","Soulager_la_douleur_et_les_autres_symptômes_(dyspnée,_nausées,_anxiété)","","Diagnostic_tardif_",1,0,0,0,0,0,0,0,0,"","Non","Manque_des_matériels_et_moyen_financier","Évité_kes_diagnostic_tardif_et_avoir_accès_à_des_traitements",1,"Je_ne_sais_pas_","Oui_,_beaucoup","Pas_de_commentaire","Non_","Non","","","","Chimiothérapie"
22,"Masculin","Maniema_","celibataire_",2,"Universite_de_kindu_","OUI","Mes_cours_a_l'_universite_\_Formation_médicale",1,0,0,0,0,0,"","Une_prolifération_incontrôlée_de_cellules_anormales",0,1,0,0,0,"","Cancer_colorectal___Leucémie___Retinoblastome___cancer_du_sein__Lymphome__Meduloblastome__cancer_de_l'uterus__cancer_des_ovaires__cancer_de_poumons__Cancer_de_la_prostate_",1,1,1,1,1,1,1,1,1,1,0,0,0,"","Tabagiste__Consomation_d'alocool_",1,1,0,0,0,0,0,0,0,0,0,0,"","VRAI","Faux_","Vrai_","VRAI","Faux_","Faux_","Faux_","VRAI","Vaccination_(e.g.,_contre_HPV)",1,0,0,0,0,0,0,0,"","Femmes_de_plus_de_50_ans_","VRAI","si_detecte_et_pris_en_charge_au_stade_precoce_","Chirurgie_",1,0,0,0,0,0,0,0,0,"","Soulager_la_douleur_et_les_autres_symptômes_(dyspnée,_nausées,_anxiété)","","Diagnostic_tardif_",1,0,0,0,0,0,0,0,0,"","Je_ne_sais_pas","","Chirurgie",3,"VRAI","Oui_,_beaucoup","Prévention","Non_","Non","","","","Chirurgie"
28,"Feminin_","Autre_province_","celibataire_",14,"Universite_de_kindu_","OUI","Mes_cours_a_l'_universite_\_Formation_médicale",1,0,0,0,0,0,"","Une_prolifération_incontrôlée_de_cellules_anormales",0,1,0,0,0,"","Cancer_colorectal___Leucémie___Retinoblastome___cancer_du_sein__Lymphome__cancer_de_l'uterus__cancer_des_ovaires__cancer_de_poumons__Cancer_de_la_prostate__cancer_de_la_peau_",1,1,1,1,1,0,1,1,1,1,1,0,0,"","Tabagiste__Infections_(e.g.,_HPV,_hépatite_B/C)_Facteurs_génétiques_/_Héréditaires_Vieillissement_(_age_)",1,0,0,0,1,0,1,1,0,0,0,0,"","Faux_","VRAI","Vrai_","VRAI","Je_ne_sais_pas_","Faux_","VRAI","VRAI","Vaccination_(e.g.,_contre_HPV)_Dépistage_régulier_(e.g.,_mammographie,_frottis_cervical)_Arrêt_du_tabac_Examen_genetiques_pour_les_familles_a_risque",1,1,1,0,0,1,0,0,"","Filles_avant_le_début_de_la_vie_sexuelle","Faux_","","Chirurgie__Chimiotherapie__Immunotherapie__Radiotherapie__traitement_paliatif_",1,1,1,0,1,1,0,0,0,"","Remplacer_systématiquement_les_traitements_curatifs","","Diagnostic_tardif__Manque_d'accès_aux_traitements__Insuffisance_de_ressources_(e.g.,_équipements,_personnel_specialise_dans_sa_prise_en_charge_)_Niveau_d'education_de_la_population_bas__Facteurs_socioculturels_(e.g.,_recours_à_la_médecine_traditionnelle)____Pauvreté_/_Manque_de_moyens_financiers__",1,1,1,1,1,1,0,0,0,"","Non","Les_manques_des_matériel,de_personnelle_spécialisé_dans_les_différents_provinces_de_la_RDC","Ils_faut_quils_amélioraient_les_conditions_sociaux_économiques_de_la_population_et_disponibilité_des_matériels_et_la_sensibilisation",5,"VRAI","Oui_,_moderement_","Traitable","Non_","Non","","","","Ils_faut_sensibilisés_les_filles_et_les_femmes_à_ses_faire_dépisté"
25,"Masculin","Autre_province_","celibataire_",4,"Universite_de_kindu_","OUI","Mes_cours_a_l'_universite_\_Formation_médicale",1,0,0,0,0,0,"","Une_prolifération_incontrôlée_de_cellules_anormales",0,1,0,0,0,"","Retinoblastome__Cancer_de_la_prostate_",0,0,1,0,0,0,0,0,0,1,0,0,0,"","Infections_(e.g.,_HPV,_hépatite_B/C)",0,0,0,0,1,0,0,0,0,0,0,0,"","Faux_","VRAI","Faux_","VRAI","Faux_","VRAI","Faux_","VRAI","Vaccination_(e.g.,_contre_HPV)_Dépistage_régulier_(e.g.,_mammographie,_frottis_cervical)",1,1,0,0,0,0,0,0,"","Femmes_de_plus_de_50_ans_","VRAI","si_detecte_et_pris_en_charge_au_stade_precoce_","Chirurgie__Chimiotherapie_",1,1,0,0,0,0,0,0,0,"","Soulager_la_douleur_et_les_autres_symptômes_(dyspnée,_nausées,_anxiété)","","Diagnostic_tardif_",1,0,0,0,0,0,0,0,0,"","Oui","","Dépistage",3,"VRAI","Oui_,_beaucoup","Traitable","Non_","Non","","","","Dépister_les_filles_en_âge_de_procréation"
25,"Masculin","Sud_kivu","celibataire_",5,"Universite_de_kindu_","OUI","Mes_cours_a_l'_universite_\_Formation_médicale_Médias_(TV,_radio,_internet)",1,1,0,0,0,0,"","Une_prolifération_incontrôlée_de_cellules_anormales",0,1,0,0,0,"","_Leucémie____cancer_du_sein__cancer_de_l'uterus__cancer_de_poumons__Cancer_de_la_prostate_",0,1,0,1,0,0,1,0,1,1,0,0,0,"","Tabagiste__Consomation_d'alocool__Infections_(e.g.,_HPV,_hépatite_B/C)_Facteurs_génétiques_/_Héréditaires_Vieillissement_(_age_)",1,1,0,0,1,0,1,1,0,0,0,0,"","Faux_","VRAI","Vrai_","Faux_","VRAI","Faux_","VRAI","VRAI","Dépistage_régulier_(e.g.,_mammographie,_frottis_cervical)_Arrêt_du_tabac_Évitement_des_expositions_environnementales_Examen_genetiques_pour_les_familles_a_risque",0,1,1,0,1,1,0,0,"","Filles_avant_le_début_de_la_vie_sexuelle","VRAI","si_detecte_et_pris_en_charge_au_stade_precoce_","Chirurgie__Chimiotherapie__Therapie_cible__Radiotherapie_",1,1,0,1,1,0,0,0,0,"","Soulager_la_douleur_et_les_autres_symptômes_(dyspnée,_nausées,_anxiété)","","Diagnostic_tardif__Insuffisance_de_ressources_(e.g.,_équipements,_personnel_specialise_dans_sa_prise_en_charge_)_Niveau_d'education_de_la_population_bas_",1,0,1,1,0,0,0,0,0,"","Non","Diagnostic_tardif,_niveau_d'_éducation_de_la_population,_manque_spécialistes","Éducation_de_la_population_et_les_dépistage_selon_les_âges_à_risque1",1,"VRAI","Oui_,_beaucoup","Maladie_traitable","Non_","Non","","","","Éducation_de_la_population_kivutienne,_les_dépistages_des_personnes_à_risques"
26,"Masculin","Maniema_","celibataire_",2,"Universite_de_kindu_","OUI","Mes_cours_a_l'_universite_\_Formation_médicale_Médias_(TV,_radio,_internet)",1,1,0,0,0,0,"","Une_prolifération_incontrôlée_de_cellules_anormales",0,1,0,0,0,"","_Leucémie____cancer_du_sein__Lymphome__Meduloblastome__cancer_de_l'uterus__cancer_des_ovaires__cancer_de_poumons__Cancer_de_la_prostate__cancer_de_la_peau_",0,1,0,1,1,1,1,1,1,1,1,0,0,"","Tabagiste__Consomation_d'alocool__Mauvaise_alimentation_(e.g.,_excès_de_viande_rouge,_faible_en_fruits/légumes)_Infections_(e.g.,_HPV,_hépatite_B/C)_Exposition_à_des_substances_chimiques_/_Pollution_de_la_nature_Facteurs_génétiques_/_Héréditaires_Vieillissement_(_age_)",1,1,1,0,1,1,1,1,0,0,0,0,"","Faux_","VRAI","Vrai_","VRAI","VRAI","Faux_","Faux_","VRAI","Vaccination_(e.g.,_contre_HPV)_Dépistage_régulier_(e.g.,_mammographie,_frottis_cervical)_Arrêt_du_tabac_Alimentation_saine_et_exercice_physique__Évitement_des_expositions_environnementales_Examen_genetiques_pour_les_familles_a_risque",1,1,1,1,1,1,0,0,"","Filles_avant_le_début_de_la_vie_sexuelle","VRAI","si_detecte_et_pris_en_charge_au_stade_precoce_","Chirurgie__Chimiotherapie__Immunotherapie__Therapie_cible__Radiotherapie__traitement_paliatif_",1,1,1,1,1,1,0,0,0,"","Soulager_la_douleur_et_les_autres_symptômes_(dyspnée,_nausées,_anxiété)","","Diagnostic_tardif__Manque_d'accès_aux_traitements__Insuffisance_de_ressources_(e.g.,_équipements,_personnel_specialise_dans_sa_prise_en_charge_)_Niveau_d'education_de_la_population_bas__Facteurs_socioculturels_(e.g.,_recours_à_la_médecine_traditionnelle)____Pauvreté_/_Manque_de_moyens_financiers__",1,1,1,1,1,1,0,0,0,"","Non","Ignorence_de_la_population,_absence_de_systèmes_de_santé_pour_promouvoir_le_dépistage_rapidement_et_insuffisance_de_la_specialition_et_d'équipements_médicaux_pour_la_prise_en_charge.","Sensibilisation_et_dépistage_rapidement",3,"Je_ne_sais_pas_","Oui_,_moderement_","Est_une_maladie_traitable_si_le_diagnostic_est_posé_rapidement","Non_","Non","","","","Sensibiliser_la_population_à_tous_les_facteurs_des_risques_qui_regorgent_la_région_et_à_venir_faire_un_dépistage_précoce,_suivi_régulier_si_la_Zone_à_une_forte_exposition_aux_facteurs_de_risques,_formation_des_acteurs_de_santé_pour_la_détection_de_la_maladie,_renforcer_les_équipements_pour_le_dépistage_et_le_traitement_adéquat_de_la_maladie."
24,"Masculin","Maniema_","celibataire_",2,"Universite_de_kindu_","OUI","Mes_cours_a_l'_universite_\_Formation_médicale",1,0,0,0,0,0,"","Une_prolifération_incontrôlée_de_cellules_anormales",0,1,0,0,0,"","Cancer_colorectal___Leucémie___Retinoblastome___cancer_du_sein__Lymphome__Meduloblastome__cancer_de_l'uterus__cancer_des_ovaires__cancer_de_poumons__Cancer_de_la_prostate__cancer_de_la_peau_",1,1,1,1,1,1,1,1,1,1,1,0,0,"","Tabagiste__Consomation_d'alocool__Infections_(e.g.,_HPV,_hépatite_B/C)_Exposition_à_des_substances_chimiques_/_Pollution_de_la_nature",1,1,0,0,1,1,0,0,0,0,0,0,"","Faux_","VRAI","Faux_","Faux_","Je_ne_sais_pas_","Faux_","Faux_","VRAI","Dépistage_régulier_(e.g.,_mammographie,_frottis_cervical)_Évitement_des_expositions_environnementales_Examen_genetiques_pour_les_familles_a_risque",0,1,0,0,1,1,0,0,"","Filles_avant_le_début_de_la_vie_sexuelle","VRAI","si_detecte_et_pris_en_charge_au_stade_precoce_","Chirurgie__Chimiotherapie__Radiotherapie__traitement_paliatif_",1,1,0,0,1,1,0,0,0,"","Soulager_la_douleur_et_les_autres_symptômes_(dyspnée,_nausées,_anxiété)","","Diagnostic_tardif__Manque_d'accès_aux_traitements__Insuffisance_de_ressources_(e.g.,_équipements,_personnel_specialise_dans_sa_prise_en_charge_)_Facteurs_socioculturels_(e.g.,_recours_à_la_médecine_traditionnelle)____Pauvreté_/_Manque_de_moyens_financiers__",1,1,1,0,1,1,0,0,0,"","Non","Inaccessible_à_tous_surtout_au_fond_fin_des_villes","Le_dépistage",3,"Faux_","Je_ne_sais_pas_","Traitable_si_dépisté_précocement","Non_","Non","","","","Despistage_quotidien"
26,"Feminin_","Maniema_","celibataire_",2,"Universite_de_kindu_","OUI","Mes_cours_a_l'_universite_\_Formation_médicale",1,0,0,0,0,0,"","Une_prolifération_incontrôlée_de_cellules_anormales",0,1,0,0,0,"","Cancer_colorectal___Leucémie___Retinoblastome___cancer_du_sein__Lymphome__Meduloblastome__cancer_de_l'uterus__cancer_des_ovaires__cancer_de_poumons__Cancer_de_la_prostate__cancer_de_la_peau_",1,1,1,1,1,1,1,1,1,1,1,0,0,"","Infections_(e.g.,_HPV,_hépatite_B/C)",0,0,0,0,1,0,0,0,0,0,0,0,"","Faux_","VRAI","Vrai_","VRAI","Je_ne_sais_pas_","Faux_","Faux_","Je_ne_sais_pas_","Vaccination_(e.g.,_contre_HPV)_Dépistage_régulier_(e.g.,_mammographie,_frottis_cervical)",1,1,0,0,0,0,0,0,"","Filles_avant_le_début_de_la_vie_sexuelle","VRAI","si_detecte_et_pris_en_charge_au_stade_precoce_","Chimiotherapie__traitement_paliatif_",0,1,0,0,0,1,0,0,0,"","Remplacer_systématiquement_les_traitements_curatifs","","Diagnostic_tardif_",1,0,0,0,0,0,0,0,0,"","Oui","","Dépistage_et_prise_en_charge",1,"VRAI","Oui_,_moderement_","Traitable","Non_","Non","","","","Se_prévenir_contre_le_HPV"
27,"Masculin","Maniema_","celibataire_",2,"Universite_de_kindu_","OUI","Mes_cours_a_l'_universite_\_Formation_médicale",1,0,0,0,0,0,"","Une_prolifération_incontrôlée_de_cellules_anormales",0,1,0,0,0,"","Cancer_colorectal___Leucémie___Retinoblastome___cancer_du_sein__Lymphome__Meduloblastome__cancer_de_l'uterus__cancer_des_ovaires__cancer_de_poumons__Cancer_de_la_prostate__cancer_de_la_peau_",1,1,1,1,1,1,1,1,1,1,1,0,0,"","Exposition_à_des_substances_chimiques_/_Pollution_de_la_nature_Facteurs_génétiques_/_Héréditaires",0,0,0,0,0,1,1,0,0,0,0,0,"","Faux_","VRAI","Vrai_","VRAI","VRAI","Faux_","Faux_","VRAI","Dépistage_régulier_(e.g.,_mammographie,_frottis_cervical)",0,1,0,0,0,0,0,0,"","Filles_avant_le_début_de_la_vie_sexuelle","VRAI","si_detecte_et_pris_en_charge_au_stade_precoce_","Chirurgie_",1,0,0,0,0,0,0,0,0,"","Soulager_la_douleur_et_les_autres_symptômes_(dyspnée,_nausées,_anxiété)","","Niveau_d'education_de_la_population_bas_",0,0,0,1,0,0,0,0,0,"","Oui","","Éducation_de_la_société",1,"VRAI","Oui_,_beaucoup","Traitable","Non_","Oui","autre_","","","Dépistage_volontaire"
28,"Masculin","Maniema_","celibataire_",3,"Universite_de_kindu_","OUI","Mes_cours_a_l'_universite_\_Formation_médicale_Médias_(TV,_radio,_internet)_Littérature_scientifique_/_Livres_",1,1,0,1,0,0,"","Une_prolifération_incontrôlée_de_cellules_anormales",0,1,0,0,0,"","Cancer_colorectal___Leucémie___Retinoblastome___cancer_du_sein__Lymphome__Meduloblastome__cancer_de_l'uterus__cancer_des_ovaires__cancer_de_poumons__Cancer_de_la_prostate__cancer_de_la_peau_",1,1,1,1,1,1,1,1,1,1,1,0,0,"","Tabagiste__Consomation_d'alocool__Infections_(e.g.,_HPV,_hépatite_B/C)_Exposition_à_des_substances_chimiques_/_Pollution_de_la_nature_Facteurs_génétiques_/_Héréditaires",1,1,0,0,1,1,1,0,0,0,0,0,"","Faux_","VRAI","Vrai_","VRAI","Je_ne_sais_pas_","VRAI","Faux_","VRAI","Dépistage_régulier_(e.g.,_mammographie,_frottis_cervical)_Arrêt_du_tabac_Évitement_des_expositions_environnementales_Examen_genetiques_pour_les_familles_a_risque",0,1,1,0,1,1,0,0,"","Filles_avant_le_début_de_la_vie_sexuelle","VRAI","si_detecte_et_pris_en_charge_au_stade_precoce_","Chimiotherapie__Immunotherapie__Therapie_cible__Radiotherapie_",0,1,1,1,1,0,0,0,0,"","Soulager_la_douleur_et_les_autres_symptômes_(dyspnée,_nausées,_anxiété)","","Diagnostic_tardif__Insuffisance_de_ressources_(e.g.,_équipements,_personnel_specialise_dans_sa_prise_en_charge_)_Niveau_d'education_de_la_population_bas__Facteurs_socioculturels_(e.g.,_recours_à_la_médecine_traditionnelle)___",1,0,1,1,1,0,0,0,0,"","Non","Manque_d'information,_diagnostic_tardif_et_pas_d'équipements_appropriés","Sensibilisation_pour_un_diagnostic_précoce",3,"Faux_","Oui_,_beaucoup","Maladie_traitable","Non_","Non","","","","Améliorer_le_plateau_clinique_pour_un_bon_diagnostic_et_une_bonne_prise_en_charge"
27,"Masculin","Autre_province_","celibataire_",19,"Universite_de_kindu_","OUI","Mes_cours_a_l'_universite_\_Formation_médicale_Littérature_scientifique_/_Livres__Expérience_clinique__durant_mon__Stages",1,0,0,1,1,0,"","Une_prolifération_incontrôlée_de_cellules_anormales",0,1,0,0,0,"","Cancer_colorectal___Leucémie____cancer_du_sein__Lymphome__cancer_de_l'uterus__cancer_des_ovaires__cancer_de_poumons__Cancer_de_la_prostate__cancer_de_la_peau_",1,1,0,1,1,0,1,1,1,1,1,0,0,"","Tabagiste__Infections_(e.g.,_HPV,_hépatite_B/C)_Exposition_à_des_substances_chimiques_/_Pollution_de_la_nature_Facteurs_génétiques_/_Héréditaires",1,0,0,0,1,1,1,0,0,0,0,0,"","Faux_","VRAI","Faux_","VRAI","Je_ne_sais_pas_","Faux_","VRAI","VRAI","Vaccination_(e.g.,_contre_HPV)_Dépistage_régulier_(e.g.,_mammographie,_frottis_cervical)_Arrêt_du_tabac_Alimentation_saine_et_exercice_physique__Évitement_des_expositions_environnementales_Examen_genetiques_pour_les_familles_a_risque",1,1,1,1,1,1,0,0,"","Filles_avant_le_début_de_la_vie_sexuelle","VRAI","si_detecte_et_pris_en_charge_au_stade_precoce_","Chirurgie__Chimiotherapie__Therapie_cible__Radiotherapie__traitement_paliatif_",1,1,0,1,1,1,0,0,0,"","Soulager_la_douleur_et_les_autres_symptômes_(dyspnée,_nausées,_anxiété)","","Diagnostic_tardif__Insuffisance_de_ressources_(e.g.,_équipements,_personnel_specialise_dans_sa_prise_en_charge_)_Niveau_d'education_de_la_population_bas__Facteurs_socioculturels_(e.g.,_recours_à_la_médecine_traditionnelle)____Pauvreté_/_Manque_de_moyens_financiers__",1,0,1,1,1,1,0,0,0,"","Non","Insuffisance_de_plateau_technique_dans_plusieurs_provinces_qui_constituent_la_RDC_et_la_sous_qualification_des_personnels_à_cette_matière","Dépistage_plutôt_possible",5,"VRAI","Oui_,_beaucoup","C'est_une_maladie_qui_aurait_plutôt_de_lieu_avec_les_murs_et_les_habitudes_alimentaires_occidentales_acculturées_chez_nous","Non_","Non","","","","Encourager_le_dépistage_précoce,accorder_des_bourses_en_oncologie_pour_améliorer_la_qualité_de_la_prise_en_charge"
26,"Feminin_","Sud_kivu","celibataire_",11,"Universite_GOMA_","OUI","Mes_cours_a_l'_universite_\_Formation_médicale",1,0,0,0,0,0,"","Une_prolifération_incontrôlée_de_cellules_anormales",0,1,0,0,0,"","cancer_de_l'uterus__cancer_des_ovaires__cancer_de_poumons__Cancer_de_la_prostate_",0,0,0,0,0,0,1,1,1,1,0,0,0,"","Mauvaise_alimentation_(e.g.,_excès_de_viande_rouge,_faible_en_fruits/légumes)_Exposition_à_des_substances_chimiques_/_Pollution_de_la_nature",0,0,1,0,0,1,0,0,0,0,0,0,"","Faux_","VRAI","Faux_","VRAI","VRAI","Faux_","VRAI","VRAI","Vaccination_(e.g.,_contre_HPV)_Dépistage_régulier_(e.g.,_mammographie,_frottis_cervical)_Arrêt_du_tabac_Alimentation_saine_et_exercice_physique__Évitement_des_expositions_environnementales",1,1,1,1,1,0,0,0,"","Patients_avec_un_cancer_cervical_ou_autre_type_","VRAI","si_pris_en_charge_dans_un_centre_specialise_de_cancerologie_","Chirurgie__Chimiotherapie__Therapie_cible_",1,1,0,1,0,0,0,0,0,"","Soulager_la_douleur_et_les_autres_symptômes_(dyspnée,_nausées,_anxiété)","","Diagnostic_tardif__Manque_d'accès_aux_traitements__Insuffisance_de_ressources_(e.g.,_équipements,_personnel_specialise_dans_sa_prise_en_charge_)_Niveau_d'education_de_la_population_bas__Facteurs_socioculturels_(e.g.,_recours_à_la_médecine_traditionnelle)____Pauvreté_/_Manque_de_moyens_financiers__",1,1,1,1,1,1,0,0,0,"","Non","Pauvreté","Manger_sainement",1,"VRAI","Oui_,_beaucoup","Traitable","Non_","Non","","","","Despistage_précoce"
26,"Masculin","Autre_province_","celibataire_",2,"Universite_de_kindu_","OUI","Mes_cours_a_l'_universite_\_Formation_médicale",1,0,0,0,0,0,"","Une_prolifération_incontrôlée_de_cellules_anormales",0,1,0,0,0,"","_cancer_du_sein_",0,0,0,1,0,0,0,0,0,0,0,0,0,"","Tabagiste__Consomation_d'alocool_",1,1,0,0,0,0,0,0,0,0,0,0,"","Faux_","VRAI","Vrai_","VRAI","VRAI","Faux_","Faux_","VRAI","Dépistage_régulier_(e.g.,_mammographie,_frottis_cervical)",0,1,0,0,0,0,0,0,"","Filles_avant_le_début_de_la_vie_sexuelle","VRAI","si_detecte_et_pris_en_charge_au_stade_precoce_","Chimiotherapie_",0,1,0,0,0,0,0,0,0,"","Être_intégrés_précocement_dans_la_prise_en_charge_des_cancers_avancés","","Diagnostic_tardif_",1,0,0,0,0,0,0,0,0,"","Oui","","Dépistage_volontaire_précoce",3,"VRAI","Oui_,_moderement_","Traitable","Non_","Non","","","","Sensibilisation,_dépistage_volontaire_et_la_vaccination"
26,"Masculin","Maniema_","celibataire_",2,"Universite_de_kindu_","OUI","Mes_cours_a_l'_universite_\_Formation_médicale",1,0,0,0,0,0,"","Une_prolifération_incontrôlée_de_cellules_anormales",0,1,0,0,0,"","_cancer_du_sein_",0,0,0,1,0,0,0,0,0,0,0,0,0,"","Tabagiste_",1,0,0,0,0,0,0,0,0,0,0,0,"","Faux_","VRAI","Vrai_","VRAI","Faux_","Faux_","VRAI","VRAI","Vaccination_(e.g.,_contre_HPV)_Dépistage_régulier_(e.g.,_mammographie,_frottis_cervical)_Arrêt_du_tabac_Examen_genetiques_pour_les_familles_a_risque",1,1,1,0,0,1,0,0,"","Filles_avant_le_début_de_la_vie_sexuelle","VRAI","si_detecte_et_pris_en_charge_au_stade_precoce_","Chimiotherapie_",0,1,0,0,0,0,0,0,0,"","Soulager_la_douleur_et_les_autres_symptômes_(dyspnée,_nausées,_anxiété)","","Diagnostic_tardif__Manque_d'accès_aux_traitements__Niveau_d'education_de_la_population_bas__Facteurs_socioculturels_(e.g.,_recours_à_la_médecine_traditionnelle)____Pauvreté_/_Manque_de_moyens_financiers__",1,1,0,1,1,1,0,0,0,"","Non","Car_les_personnes_sont_ignorants","Dépistage_volontaire_pour_une_meilleure_prise_en_charge",3,"VRAI","Non_","Une_maladie_traitable","Non_","Non","","","","Pour_améliorer_la_lutte_contre_le_cancer_dans_la_sous-région_du_Kivu_il_est_demandé_aux_gens_de_faire_de_ce_faire_dépister_précocement_pour_une_meilleure_prise_en_charge"
29,"Masculin","Hors_pays_","celibataire_",2,"Universite_de_kindu_","OUI","Mes_cours_a_l'_universite_\_Formation_médicale_Littérature_scientifique_/_Livres__Autre",1,0,0,1,0,1,"Stage_au_service_d'anatomocytopathologie_au_CHU_Yaoundé","Une_prolifération_incontrôlée_de_cellules_anormales",0,1,0,0,0,"","Cancer_colorectal___Leucémie___Retinoblastome___cancer_du_sein__Lymphome__Meduloblastome__cancer_de_l'uterus__cancer_des_ovaires__cancer_de_poumons__Cancer_de_la_prostate__cancer_de_la_peau_",1,1,1,1,1,1,1,1,1,1,1,0,0,"","Tabagiste__Infections_(e.g.,_HPV,_hépatite_B/C)_Facteurs_génétiques_/_Héréditaires",1,0,0,0,1,0,1,0,0,0,0,0,"","Faux_","VRAI","Faux_","VRAI","Je_ne_sais_pas_","Faux_","Faux_","Je_ne_sais_pas_","Vaccination_(e.g.,_contre_HPV)_Dépistage_régulier_(e.g.,_mammographie,_frottis_cervical)_Arrêt_du_tabac_Examen_genetiques_pour_les_familles_a_risque",1,1,1,0,0,1,0,0,"","Filles_avant_le_début_de_la_vie_sexuelle","Faux_","","Chirurgie__Chimiotherapie__Immunotherapie__Therapie_cible__Radiotherapie__traitement_paliatif_",1,1,1,1,1,1,0,0,0,"","Soutenir_laccompagnement_psychologique_et_spirituel","","Diagnostic_tardif__Manque_d'accès_aux_traitements__Insuffisance_de_ressources_(e.g.,_équipements,_personnel_specialise_dans_sa_prise_en_charge_)_Niveau_d'education_de_la_population_bas__Facteurs_socioculturels_(e.g.,_recours_à_la_médecine_traditionnelle)____Pauvreté_/_Manque_de_moyens_financiers__",1,1,1,1,1,1,0,0,0,"","Je_ne_sais_pas","","Subvention_du_dépistage_contre_les_cancers_fréquent_sur_le_territoire_national",4,"Je_ne_sais_pas_","Oui_,_beaucoup","Traitable","Non_","Non","","","","Subvention_du_dépistage_contre_les_cancers_fréquent_dans_la_sous-région"
25,"Masculin","Maniema_","celibataire_",13,"Universite_de_kindu_","OUI","Mes_cours_a_l'_universite_\_Formation_médicale_Médias_(TV,_radio,_internet)_Littérature_scientifique_/_Livres__Expérience_clinique__durant_mon__Stages",1,1,0,1,1,0,"","Une_inflammation_passagère",0,0,1,0,0,"","Retinoblastome___cancer_du_sein__Lymphome__cancer_de_l'uterus__cancer_de_poumons__Cancer_de_la_prostate_",0,0,1,1,1,0,1,0,1,1,0,0,0,"","Tabagiste__Consomation_d'alocool__Exposition_à_des_substances_chimiques_/_Pollution_de_la_nature",1,1,0,0,0,1,0,0,0,0,0,0,"","Faux_","VRAI","Faux_","VRAI","VRAI","Faux_","VRAI","Je_ne_sais_pas_","Vaccination_(e.g.,_contre_HPV)_Arrêt_du_tabac_Évitement_des_expositions_environnementales",1,0,1,0,1,0,0,0,"","Femmes_de_plus_de_50_ans_","VRAI","si_detecte_et_pris_en_charge_au_stade_precoce_","Chirurgie__Chimiotherapie_",1,1,0,0,0,0,0,0,0,"","Soulager_la_douleur_et_les_autres_symptômes_(dyspnée,_nausées,_anxiété)","","Diagnostic_tardif__Manque_d'accès_aux_traitements_",1,1,0,0,0,0,0,0,0,"","Je_ne_sais_pas","","Que_les_femmes_se_depistent_dès_l'âge_de_18_ans",5,"VRAI","Non_","C'est_une_maladie_traitable","Non_","Non","","","","Le_dépistage"
25,"Masculin","Maniema_","celibataire_",12,"Universite_de_kindu_","OUI","Mes_cours_a_l'_universite_\_Formation_médicale",1,0,0,0,0,0,"","Une_prolifération_incontrôlée_de_cellules_anormales",0,1,0,0,0,"","Cancer_de_la_prostate_",0,0,0,0,0,0,0,0,0,1,0,0,0,"","Tabagiste_",1,0,0,0,0,0,0,0,0,0,0,0,"","VRAI","VRAI","Vrai_","VRAI","VRAI","Faux_","VRAI","VRAI","Vaccination_(e.g.,_contre_HPV)",1,0,0,0,0,0,0,0,"","Filles_avant_le_début_de_la_vie_sexuelle","VRAI","si_detecte_et_pris_en_charge_au_stade_precoce_","Chirurgie__Chimiotherapie__Radiotherapie_",1,1,0,0,1,0,0,0,0,"","Soulager_la_douleur_et_les_autres_symptômes_(dyspnée,_nausées,_anxiété)","","Diagnostic_tardif_",1,0,0,0,0,0,0,0,0,"","Oui","","Vaccination_et_dépistage",3,"VRAI","Oui_,_beaucoup","Traitable","Non_","Non","","","","Le_dépistage_précoce"
26,"Masculin","Maniema_","celibataire_",13,"Universite_de_kindu_","OUI","Mes_cours_a_l'_universite_\_Formation_médicale",1,0,0,0,0,0,"","Une_prolifération_incontrôlée_de_cellules_anormales",0,1,0,0,0,"","cancer_de_poumons_",0,0,0,0,0,0,0,0,1,0,0,0,0,"","Tabagiste__Consomation_d'alocool__Infections_(e.g.,_HPV,_hépatite_B/C)",1,1,0,0,1,0,0,0,0,0,0,0,"","Faux_","VRAI","Vrai_","VRAI","VRAI","Faux_","Faux_","VRAI","Vaccination_(e.g.,_contre_HPV)_Dépistage_régulier_(e.g.,_mammographie,_frottis_cervical)_Arrêt_du_tabac",1,1,1,0,0,0,0,0,"","Filles_avant_le_début_de_la_vie_sexuelle","VRAI","si_detecte_et_pris_en_charge_au_stade_precoce_","Chirurgie__Chimiotherapie__Radiotherapie__traitement_paliatif_",1,1,0,0,1,1,0,0,0,"","Soulager_la_douleur_et_les_autres_symptômes_(dyspnée,_nausées,_anxiété)","","Diagnostic_tardif_",1,0,0,0,0,0,0,0,0,"","Non","La_découverte_tardive_du_diagnostic,_peu_de_centre_hospitalier_pour_la_prise_en_charge_adéquat,_manque_de_laboratoire_d'anapath_dans_beaucoup_de_régions_du_pays,_peu_d'experts_en_cancérologie","Se_dépister_précocement,_arrêt_de_tabac_et_alcool,_éviter_tout_le_facteurs_de_risques",3,"VRAI","Oui_,_beaucoup","Traitable","Non_","Non","","","","Dépistage_personnel_arrêt_ou_réduire_carrément_la_prise_de_substances_cancérigène"
26,"Masculin","Maniema_","celibataire_",11,"Universite_de_kindu_","OUI","Mes_cours_a_l'_universite_\_Formation_médicale",1,0,0,0,0,0,"","Une_prolifération_incontrôlée_de_cellules_anormales",0,1,0,0,0,"","Cancer_colorectal___Leucémie____cancer_du_sein__Lymphome__cancer_de_l'uterus__cancer_des_ovaires__cancer_de_poumons__Cancer_de_la_prostate__cancer_de_la_peau_",1,1,0,1,1,0,1,1,1,1,1,0,0,"","Tabagiste__Exposition_à_des_substances_chimiques_/_Pollution_de_la_nature_Facteurs_génétiques_/_Héréditaires",1,0,0,0,0,1,1,0,0,0,0,0,"","Faux_","VRAI","Faux_","VRAI","Faux_","Faux_","VRAI","Je_ne_sais_pas_","Vaccination_(e.g.,_contre_HPV)_Dépistage_régulier_(e.g.,_mammographie,_frottis_cervical)_Arrêt_du_tabac_Alimentation_saine_et_exercice_physique__Évitement_des_expositions_environnementales_Examen_genetiques_pour_les_familles_a_risque",1,1,1,1,1,1,0,0,"","Filles_avant_le_début_de_la_vie_sexuelle","VRAI","si_detecte_et_pris_en_charge_au_stade_precoce_","Chirurgie__Chimiotherapie__Immunotherapie__Therapie_cible__Radiotherapie__traitement_paliatif_",1,1,1,1,1,1,0,0,0,"","Soulager_la_douleur_et_les_autres_symptômes_(dyspnée,_nausées,_anxiété)","","Diagnostic_tardif__Manque_d'accès_aux_traitements__Insuffisance_de_ressources_(e.g.,_équipements,_personnel_specialise_dans_sa_prise_en_charge_)_Niveau_d'education_de_la_population_bas__Facteurs_socioculturels_(e.g.,_recours_à_la_médecine_traditionnelle)____Pauvreté_/_Manque_de_moyens_financiers__",1,1,1,1,1,1,0,0,0,"","Je_ne_sais_pas","","Tout_doit_partir_à_l'éducation_de_la_population",5,"VRAI","Oui_,_beaucoup","Traitable","Non_","Non","","","","Je_reprends_tout_doit_partir_à_l'information_de_la_population"
28,"Masculin","Hors_pays_","celibataire_",12,"Universite_de_kindu_","OUI","Mes_cours_a_l'_universite_\_Formation_médicale_Médias_(TV,_radio,_internet)_Littérature_scientifique_/_Livres__Expérience_clinique__durant_mon__Stages",1,1,0,1,1,0,"","Une_prolifération_incontrôlée_de_cellules_anormales",0,1,0,0,0,"","Cancer_colorectal___Leucémie____cancer_du_sein__Lymphome__cancer_de_l'uterus__cancer_des_ovaires__cancer_de_poumons__Cancer_de_la_prostate__cancer_de_la_peau_",1,1,0,1,1,0,1,1,1,1,1,0,0,"","Tabagiste__Infections_(e.g.,_HPV,_hépatite_B/C)_Exposition_à_des_substances_chimiques_/_Pollution_de_la_nature_Facteurs_génétiques_/_Héréditaires",1,0,0,0,1,1,1,0,0,0,0,0,"","Faux_","VRAI","Faux_","VRAI","Je_ne_sais_pas_","Faux_","Faux_","VRAI","Vaccination_(e.g.,_contre_HPV)_Dépistage_régulier_(e.g.,_mammographie,_frottis_cervical)_Arrêt_du_tabac_Examen_genetiques_pour_les_familles_a_risque",1,1,1,0,0,1,0,0,"","Filles_avant_le_début_de_la_vie_sexuelle","Faux_","","Chirurgie__Chimiotherapie__Therapie_cible__Radiotherapie__traitement_paliatif_",1,1,0,1,1,1,0,0,0,"","Soulager_la_douleur_et_les_autres_symptômes_(dyspnée,_nausées,_anxiété)","","Diagnostic_tardif__Niveau_d'education_de_la_population_bas__Facteurs_socioculturels_(e.g.,_recours_à_la_médecine_traditionnelle)____Pauvreté_/_Manque_de_moyens_financiers__",1,0,0,1,1,1,0,0,0,"","Oui","","L'éducation_de_la_population_dans_les_zones_les_plus_reculés,pas_seulement_sur_le_cancer_du_sein_mais_sur_d'autres_cancers_également._Et_rendre_également_accessible_les_soins_appropriés",3,"Je_ne_sais_pas_","Oui_,_moderement_","C'est_une_affection_que_l'on_peut_prévenir_pour_certains_types_de_cancer","Non_","Non","","","","J'ai_déjà_proposé_dans_le_dernier_point_de_la_section_2_du_questionnaire"
29,"Masculin","Maniema_","celibataire_",12,"Universite_de_kindu_","OUI","Mes_cours_a_l'_universite_\_Formation_médicale",1,0,0,0,0,0,"","Une_prolifération_incontrôlée_de_cellules_anormales",0,1,0,0,0,"","Lymphome_",0,0,0,0,1,0,0,0,0,0,0,0,0,"","je_ne_sais_pas_",0,0,0,0,0,0,0,0,0,0,1,0,"","VRAI","VRAI","Je_ne_sais_pas_","Faux_","VRAI","Faux_","Faux_","Je_ne_sais_pas_","Évitement_des_expositions_environnementales",0,0,0,0,1,0,0,0,"","Femmes_de_plus_de_50_ans_","VRAI","si_detecte_et_pris_en_charge_au_stade_precoce_","Chimiotherapie_",0,1,0,0,0,0,0,0,0,"","Soulager_la_douleur_et_les_autres_symptômes_(dyspnée,_nausées,_anxiété)","","Diagnostic_tardif_",1,0,0,0,0,0,0,0,0,"","Oui","","Chimiothérapie",5,"VRAI","Non_","Traitable","Non_","Non","","","","Je_ne_sais_pas"
25,"Masculin","Maniema_","celibataire_",16,"Universite_de_kindu_","OUI","Mes_cours_a_l'_universite_\_Formation_médicale",1,0,0,0,0,0,"","Une_prolifération_incontrôlée_de_cellules_anormales",0,1,0,0,0,"","_Leucémie____cancer_du_sein__cancer_de_l'uterus__cancer_des_ovaires__Cancer_de_la_prostate__cancer_de_la_peau_",0,1,0,1,0,0,1,1,0,1,1,0,0,"","Tabagiste__Consomation_d'alocool__Mauvaise_alimentation_(e.g.,_excès_de_viande_rouge,_faible_en_fruits/légumes)_Infections_(e.g.,_HPV,_hépatite_B/C)_Exposition_à_des_substances_chimiques_/_Pollution_de_la_nature_Facteurs_génétiques_/_Héréditaires_Vieillissement_(_age_)",1,1,1,0,1,1,1,1,0,0,0,0,"","Faux_","VRAI","Faux_","VRAI","VRAI","Faux_","Faux_","VRAI","Vaccination_(e.g.,_contre_HPV)_Dépistage_régulier_(e.g.,_mammographie,_frottis_cervical)_Examen_genetiques_pour_les_familles_a_risque",1,1,0,0,0,1,0,0,"","Filles_avant_le_début_de_la_vie_sexuelle","VRAI","si_detecte_et_pris_en_charge_au_stade_precoce_","Chirurgie__Chimiotherapie__Immunotherapie__Therapie_cible__Radiotherapie__traitement_paliatif_",1,1,1,1,1,1,0,0,0,"","Soulager_la_douleur_et_les_autres_symptômes_(dyspnée,_nausées,_anxiété)","","Insuffisance_de_ressources_(e.g.,_équipements,_personnel_specialise_dans_sa_prise_en_charge_)_Niveau_d'education_de_la_population_bas_",0,0,1,1,0,0,0,0,0,"","Oui","","Réduction_des_facteurs_de_risques_,_vaccination,_sensibilisé_la_population,_instauré_un_système_de_santé_publique_contre_les_cancers",5,"VRAI","Oui_,_beaucoup","Traitable","Non_","Non","","","","Améliorer_les_compétences_locales,_miser_sur_la_prévention_et_le_dépistage_précoce,_décentraliser_les_services_de_diagnostic"
25,"Feminin_","Sud_kivu","celibataire_",7,"Universite_Evangelique_en_Afrique_","OUI","Mes_cours_a_l'_universite_\_Formation_médicale",1,0,0,0,0,0,"","Une_prolifération_incontrôlée_de_cellules_anormales",0,1,0,0,0,"","Cancer_colorectal___Leucémie___Retinoblastome___cancer_du_sein__Lymphome__Meduloblastome__cancer_de_l'uterus__cancer_des_ovaires__cancer_de_poumons__Cancer_de_la_prostate__cancer_de_la_peau_",1,1,1,1,1,1,1,1,1,1,1,0,0,"","Tabagiste__Facteurs_génétiques_/_Héréditaires",1,0,0,0,0,0,1,0,0,0,0,0,"","Faux_","VRAI","Faux_","Faux_","Faux_","Faux_","Faux_","VRAI","Dépistage_régulier_(e.g.,_mammographie,_frottis_cervical)_Arrêt_du_tabac_Examen_genetiques_pour_les_familles_a_risque",0,1,1,0,0,1,0,0,"","Filles_avant_le_début_de_la_vie_sexuelle","VRAI","si_detecte_et_pris_en_charge_au_stade_precoce_","Chirurgie__Chimiotherapie__Radiotherapie_",1,1,0,0,1,0,0,0,0,"","Améliorer_la_qualité_de_vie_du_patient_et_de_sa_famille","","Diagnostic_tardif_",1,0,0,0,0,0,0,0,0,"","Non","Manque_dinformation_sur_les_mesures_de_prévention","Dépistage_régulier",5,"VRAI","Oui_,_moderement_","Traitable","Non_","Non","","","","Mettre_à_la_porté_des_populations_les_moyens_de_dépistage"
26,"Masculin","Sud_kivu","celibataire_",7,"Universite_Evangelique_en_Afrique_","OUI","Mes_cours_a_l'_universite_\_Formation_médicale_Littérature_scientifique_/_Livres__Expérience_clinique__durant_mon__Stages",1,0,0,1,1,0,"","Une_prolifération_incontrôlée_de_cellules_anormales",0,1,0,0,0,"","Cancer_colorectal___Leucémie____cancer_du_sein_",1,1,0,1,0,0,0,0,0,0,0,0,0,"","Tabagiste__Consomation_d'alocool__Infections_(e.g.,_HPV,_hépatite_B/C)_Exposition_à_des_substances_chimiques_/_Pollution_de_la_nature_Facteurs_génétiques_/_Héréditaires",1,1,0,0,1,1,1,0,0,0,0,0,"","Faux_","VRAI","Vrai_","VRAI","Je_ne_sais_pas_","VRAI","Faux_","VRAI","Vaccination_(e.g.,_contre_HPV)_Dépistage_régulier_(e.g.,_mammographie,_frottis_cervical)_Arrêt_du_tabac_Évitement_des_expositions_environnementales_Examen_genetiques_pour_les_familles_a_risque",1,1,1,0,1,1,0,0,"","Filles_avant_le_début_de_la_vie_sexuelle","VRAI","si_detecte_et_pris_en_charge_au_stade_precoce_","Chirurgie__Chimiotherapie__Radiotherapie__traitement_paliatif_",1,1,0,0,1,1,0,0,0,"","Soulager_la_douleur_et_les_autres_symptômes_(dyspnée,_nausées,_anxiété)","","Diagnostic_tardif__Manque_d'accès_aux_traitements__Insuffisance_de_ressources_(e.g.,_équipements,_personnel_specialise_dans_sa_prise_en_charge_)_Niveau_d'education_de_la_population_bas__Facteurs_socioculturels_(e.g.,_recours_à_la_médecine_traditionnelle)____Pauvreté_/_Manque_de_moyens_financiers__",1,1,1,1,1,1,0,0,0,"","Non","Insuffisance_du_personnel_médical,_matériels_médicaux_et_population_non_informée","Éducation_communautaire",4,"Faux_","Oui_,_beaucoup","C'est_une_maladie_pouvant_être_traitable_ou_pas","Non_","Non","","","","Éducation_physique,_équiper_les_hôpitaux_par_le_personnel_et_les_matériels_nécessaires"
25,"Masculin","Maniema_","celibataire_",2,"Universite_de_kindu_","OUI","Mes_cours_a_l'_universite_\_Formation_médicale",1,0,0,0,0,0,"","Une_prolifération_incontrôlée_de_cellules_anormales",0,1,0,0,0,"","_Leucémie___Retinoblastome___cancer_du_sein__Lymphome__cancer_de_l'uterus__cancer_des_ovaires__cancer_de_poumons__Cancer_de_la_prostate__cancer_de_la_peau_",0,1,1,1,1,0,1,1,1,1,1,0,0,"","Tabagiste__Consomation_d'alocool__Mauvaise_alimentation_(e.g.,_excès_de_viande_rouge,_faible_en_fruits/légumes)_Infections_(e.g.,_HPV,_hépatite_B/C)_Vieillissement_(_age_)",1,1,1,0,1,0,0,1,0,0,0,0,"","Faux_","VRAI","Faux_","VRAI","Faux_","Faux_","Faux_","VRAI","Vaccination_(e.g.,_contre_HPV)_Dépistage_régulier_(e.g.,_mammographie,_frottis_cervical)_Arrêt_du_tabac_Examen_genetiques_pour_les_familles_a_risque",1,1,1,0,0,1,0,0,"","Filles_avant_le_début_de_la_vie_sexuelle","Faux_","","Chirurgie__Chimiotherapie__Therapie_cible_",1,1,0,1,0,0,0,0,0,"","Soulager_la_douleur_et_les_autres_symptômes_(dyspnée,_nausées,_anxiété)","","Diagnostic_tardif__Insuffisance_de_ressources_(e.g.,_équipements,_personnel_specialise_dans_sa_prise_en_charge_)_Niveau_d'education_de_la_population_bas_",1,0,1,1,0,0,0,0,0,"","Oui","","Mesure_prioritaire_est_de_se_faire_dépister_à_temps",3,"VRAI","Oui_,_moderement_","Traitable","Non_","Oui","arriere_grand_parent_","","","L'intervention_de_L'OMS"
24,"Masculin","Maniema_","celibataire_",2,"Universite_de_kindu_","OUI","Mes_cours_a_l'_universite_\_Formation_médicale_Médias_(TV,_radio,_internet)_Littérature_scientifique_/_Livres_",1,1,0,1,0,0,"","Une_prolifération_incontrôlée_de_cellules_anormales",0,1,0,0,0,"","Cancer_colorectal___Leucémie___Retinoblastome___cancer_du_sein__Lymphome__Meduloblastome__cancer_de_l'uterus__cancer_des_ovaires__cancer_de_poumons__Cancer_de_la_prostate__cancer_de_la_peau_",1,1,1,1,1,1,1,1,1,1,1,0,0,"","Tabagiste__Consomation_d'alocool__Infections_(e.g.,_HPV,_hépatite_B/C)_Exposition_à_des_substances_chimiques_/_Pollution_de_la_nature_Facteurs_génétiques_/_Héréditaires_Vieillissement_(_age_)",1,1,0,0,1,1,1,1,0,0,0,0,"","Faux_","VRAI","Vrai_","VRAI","Faux_","Faux_","VRAI","VRAI","Vaccination_(e.g.,_contre_HPV)_Dépistage_régulier_(e.g.,_mammographie,_frottis_cervical)_Arrêt_du_tabac_Alimentation_saine_et_exercice_physique__Évitement_des_expositions_environnementales_Examen_genetiques_pour_les_familles_a_risque",1,1,1,1,1,1,0,0,"","Filles_avant_le_début_de_la_vie_sexuelle","VRAI","si_detecte_et_pris_en_charge_au_stade_precoce_","Chirurgie__Chimiotherapie__Immunotherapie__Therapie_cible__Radiotherapie_",1,1,1,1,1,0,0,0,0,"","Soulager_la_douleur_et_les_autres_symptômes_(dyspnée,_nausées,_anxiété)","","Diagnostic_tardif__Manque_d'accès_aux_traitements__Insuffisance_de_ressources_(e.g.,_équipements,_personnel_specialise_dans_sa_prise_en_charge_)_Niveau_d'education_de_la_population_bas__Facteurs_socioculturels_(e.g.,_recours_à_la_médecine_traditionnelle)____Pauvreté_/_Manque_de_moyens_financiers__",1,1,1,1,1,1,0,0,0,"","Non","Parcequil_existe_encore_un_taux_de_mortalité_élévé_dû_à_certains_cancers_(ex._du_sein,_du_col)","Disponibilisé_les_outils_de_dépistage_et_sassurer_que_la_population_concernée_à_été_depisté,_donc_celà_doit_être_gratuit_et_accessible_à_tous;_informé_et_éduqué_la_communauté_sur_les_conséquences_des_cancers;",5,"VRAI","Oui_,_beaucoup","Traitable","Non_","Non","","","","Éduqué_et_informé_la_population;_renforcer_le_dépistage_pour_permettre_le_diagnostic_des_cancers_au_stade_précoce;_laccesibilité_gratuite_aux_soins"
28,"Masculin","Nord_kivu","celibataire_",15,"Universite_catholique_de_Graben_","OUI","Mes_cours_a_l'_universite_\_Formation_médicale_Médias_(TV,_radio,_internet)_Famille_/_Amis_Littérature_scientifique_/_Livres__Expérience_clinique__durant_mon__Stages",1,1,1,1,1,0,"","Une_prolifération_incontrôlée_de_cellules_anormales",0,1,0,0,0,"","Cancer_colorectal___Leucémie___Retinoblastome___cancer_du_sein__Lymphome__cancer_de_l'uterus__cancer_des_ovaires__cancer_de_poumons__Cancer_de_la_prostate__cancer_de_la_peau_",1,1,1,1,1,0,1,1,1,1,1,0,0,"","Tabagiste__Consomation_d'alocool__Infections_(e.g.,_HPV,_hépatite_B/C)",1,1,0,0,1,0,0,0,0,0,0,0,"","Faux_","VRAI","Vrai_","VRAI","Je_ne_sais_pas_","Faux_","VRAI","VRAI","Vaccination_(e.g.,_contre_HPV)_Dépistage_régulier_(e.g.,_mammographie,_frottis_cervical)_Arrêt_du_tabac_Alimentation_saine_et_exercice_physique__Évitement_des_expositions_environnementales",1,1,1,1,1,0,0,0,"","Filles_avant_le_début_de_la_vie_sexuelle","VRAI","si_detecte_et_pris_en_charge_au_stade_precoce_","Chirurgie__Chimiotherapie__Radiotherapie__traitement_paliatif_",1,1,0,0,1,1,0,0,0,"","Soulager_la_douleur_et_les_autres_symptômes_(dyspnée,_nausées,_anxiété)","","Diagnostic_tardif__Manque_d'accès_aux_traitements__Niveau_d'education_de_la_population_bas__Facteurs_socioculturels_(e.g.,_recours_à_la_médecine_traditionnelle)___",1,1,0,1,1,0,0,0,0,"","Non","Manque_d'équipements","Sensibilisation_de_la_population",4,"VRAI","Oui_,_beaucoup","Traitable","Non_","Oui","Grand_parents_","","","Sensibilisation_de_la_population,_formation_des_personnels"
25,"Feminin_","Hors_pays_","celibataire_",9,"Universite_Libre_des_grand_LACS_","OUI","Mes_cours_a_l'_universite_\_Formation_médicale_Médias_(TV,_radio,_internet)_Expérience_clinique__durant_mon__Stages",1,1,0,0,1,0,"","Une_prolifération_incontrôlée_de_cellules_anormales",0,1,0,0,0,"","Cancer_colorectal___Leucémie___Retinoblastome___cancer_du_sein__Lymphome__Meduloblastome__cancer_de_l'uterus__cancer_des_ovaires__cancer_de_poumons__Cancer_de_la_prostate__cancer_de_la_peau_",1,1,1,1,1,1,1,1,1,1,1,0,0,"","Tabagiste__Consomation_d'alocool__Infections_(e.g.,_HPV,_hépatite_B/C)_Exposition_à_des_substances_chimiques_/_Pollution_de_la_nature_Facteurs_génétiques_/_Héréditaires",1,1,0,0,1,1,1,0,0,0,0,0,"","Faux_","VRAI","Faux_","VRAI","Faux_","VRAI","VRAI","VRAI","Vaccination_(e.g.,_contre_HPV)_Dépistage_régulier_(e.g.,_mammographie,_frottis_cervical)_Arrêt_du_tabac_Évitement_des_expositions_environnementales_Examen_genetiques_pour_les_familles_a_risque",1,1,1,0,1,1,0,0,"","Filles_avant_le_début_de_la_vie_sexuelle","Faux_","","Chirurgie__Chimiotherapie__Immunotherapie__Therapie_cible__Radiotherapie__traitement_paliatif_",1,1,1,1,1,1,0,0,0,"","Soutenir_laccompagnement_psychologique_et_spirituel","","Diagnostic_tardif__Manque_d'accès_aux_traitements__Insuffisance_de_ressources_(e.g.,_équipements,_personnel_specialise_dans_sa_prise_en_charge_)_Niveau_d'education_de_la_population_bas__Facteurs_socioculturels_(e.g.,_recours_à_la_médecine_traditionnelle)____Pauvreté_/_Manque_de_moyens_financiers__",1,1,1,1,1,1,0,0,0,"","Non","La_pauvreté_,_les_ressources_limitées","Dépistage_précoce_,_éducation_de_la_population",2,"VRAI","Oui_,_beaucoup","Maladie_difficile_à_gérer","Non_","Oui","Grand_parents_","","","Dépistage_précoce,_éducation_de_la_population"
26,"Feminin_","Sud_kivu","celibataire_",9,"Universite_Libre_des_grand_LACS_","OUI","Mes_cours_a_l'_universite_\_Formation_médicale_Littérature_scientifique_/_Livres_",1,0,0,1,0,0,"","Une_prolifération_incontrôlée_de_cellules_anormales",0,1,0,0,0,"","Cancer_colorectal___Leucémie___Retinoblastome___cancer_du_sein__Lymphome__cancer_de_l'uterus__cancer_de_poumons__Cancer_de_la_prostate_",1,1,1,1,1,0,1,0,1,1,0,0,0,"","Tabagiste__Infections_(e.g.,_HPV,_hépatite_B/C)_Facteurs_génétiques_/_Héréditaires",1,0,0,0,1,0,1,0,0,0,0,0,"","Faux_","VRAI","Faux_","VRAI","Faux_","Faux_","Faux_","VRAI","Vaccination_(e.g.,_contre_HPV)_Dépistage_régulier_(e.g.,_mammographie,_frottis_cervical)_Évitement_des_expositions_environnementales_Examen_genetiques_pour_les_familles_a_risque",1,1,0,0,1,1,0,0,"","Filles_avant_le_début_de_la_vie_sexuelle","VRAI","si_detecte_et_pris_en_charge_au_stade_precoce_","Chirurgie__Chimiotherapie__Radiotherapie_",1,1,0,0,1,0,0,0,0,"","Soulager_la_douleur_et_les_autres_symptômes_(dyspnée,_nausées,_anxiété)","","Pauvreté_/_Manque_de_moyens_financiers__",0,0,0,0,0,1,0,0,0,"","Non","Manque_des_équipements","Vaccination",3,"VRAI","Oui_,_moderement_","C'est_une_maladie","Non_","Non","","","","Campagne_de_dépistage_et_de_vaccination"
29,"Masculin","Nord_kivu","celibataire_",9,"Universite_Libre_des_grand_LACS_","OUI","Mes_cours_a_l'_universite_\_Formation_médicale_Famille_/_Amis_Littérature_scientifique_/_Livres_",1,0,1,1,0,0,"","Une_prolifération_incontrôlée_de_cellules_anormales",0,1,0,0,0,"","Cancer_colorectal___Leucémie___Retinoblastome___cancer_du_sein__cancer_de_l'uterus__cancer_des_ovaires__cancer_de_poumons__Cancer_de_la_prostate__cancer_de_la_peau_",1,1,1,1,0,0,1,1,1,1,1,0,0,"","Tabagiste__Consomation_d'alocool__Infections_(e.g.,_HPV,_hépatite_B/C)_Exposition_à_des_substances_chimiques_/_Pollution_de_la_nature_Vieillissement_(_age_)",1,1,0,0,1,1,0,1,0,0,0,0,"","Faux_","VRAI","Vrai_","VRAI","Faux_","VRAI","VRAI","VRAI","Vaccination_(e.g.,_contre_HPV)_Dépistage_régulier_(e.g.,_mammographie,_frottis_cervical)_Arrêt_du_tabac_Alimentation_saine_et_exercice_physique_",1,1,1,1,0,0,0,0,"","Filles_avant_le_début_de_la_vie_sexuelle","VRAI","si_detecte_et_pris_en_charge_au_stade_precoce_","Chirurgie__Chimiotherapie__Radiotherapie_",1,1,0,0,1,0,0,0,0,"","Soulager_la_douleur_et_les_autres_symptômes_(dyspnée,_nausées,_anxiété)","","Diagnostic_tardif__Insuffisance_de_ressources_(e.g.,_équipements,_personnel_specialise_dans_sa_prise_en_charge_)_Niveau_d'education_de_la_population_bas__Facteurs_socioculturels_(e.g.,_recours_à_la_médecine_traditionnelle)___",1,0,1,1,1,0,0,0,0,"","Non","Resources_très_faible","Disponibiliser_les_resources",3,"VRAI","Oui_,_beaucoup","Traitable","Non_","Non","","","","Dépistage_précoce_à_toute_les_personnes"
28,"Masculin","Nord_kivu","celibataire_",11,"Universite_GOMA_","OUI","Mes_cours_a_l'_universite_\_Formation_médicale",1,0,0,0,0,0,"","Une_prolifération_incontrôlée_de_cellules_anormales",0,1,0,0,0,"","_Leucémie___cancer_de_l'uterus__cancer_des_ovaires__cancer_de_poumons__Cancer_de_la_prostate_",0,1,0,0,0,0,1,1,1,1,0,0,0,"","Tabagiste__Mauvaise_alimentation_(e.g.,_excès_de_viande_rouge,_faible_en_fruits/légumes)_Infections_(e.g.,_HPV,_hépatite_B/C)_Vieillissement_(_age_)",1,0,1,0,1,0,0,1,0,0,0,0,"","Je_ne_sais_pas_","VRAI","Vrai_","VRAI","Je_ne_sais_pas_","Je_ne_sais_pas_","Faux_","VRAI","Vaccination_(e.g.,_contre_HPV)_Dépistage_régulier_(e.g.,_mammographie,_frottis_cervical)_Arrêt_du_tabac",1,1,1,0,0,0,0,0,"","Femmes_de_plus_de_50_ans_","VRAI","si_detecte_et_pris_en_charge_au_stade_precoce_","Chirurgie__Chimiotherapie__Immunotherapie__Therapie_cible__traitement_paliatif_",1,1,1,1,0,1,0,0,0,"","Soutenir_laccompagnement_psychologique_et_spirituel","","Diagnostic_tardif__Manque_d'accès_aux_traitements__Niveau_d'education_de_la_population_bas__Pauvreté_/_Manque_de_moyens_financiers__",1,1,0,1,0,1,0,0,0,"","Non","Manque_de_spécialités_en_cancérologie_et_le_traitement","Dépistage_précoce",1,"VRAI","Oui_,_beaucoup","Traitable","Non_","Non","","","","Avoir_un_centre_de_cancérologie"
27,"Masculin","Nord_kivu","celibataire_",11,"Universite_GOMA_","OUI","Mes_cours_a_l'_universite_\_Formation_médicale_Expérience_clinique__durant_mon__Stages",1,0,0,0,1,0,"","Une_prolifération_incontrôlée_de_cellules_anormales",0,1,0,0,0,"","Cancer_colorectal___Leucémie___Retinoblastome___cancer_du_sein__Lymphome__Meduloblastome__cancer_de_l'uterus__cancer_des_ovaires__cancer_de_poumons__Cancer_de_la_prostate__cancer_de_la_peau_",1,1,1,1,1,1,1,1,1,1,1,0,0,"","Tabagiste__Consomation_d'alocool__Infections_(e.g.,_HPV,_hépatite_B/C)_Exposition_à_des_substances_chimiques_/_Pollution_de_la_nature_Facteurs_génétiques_/_Héréditaires",1,1,0,0,1,1,1,0,0,0,0,0,"","Faux_","VRAI","Vrai_","VRAI","Faux_","Faux_","VRAI","VRAI","Dépistage_régulier_(e.g.,_mammographie,_frottis_cervical)_Examen_genetiques_pour_les_familles_a_risque",0,1,0,0,0,1,0,0,"","Filles_avant_le_début_de_la_vie_sexuelle","VRAI","si_detecte_et_pris_en_charge_au_stade_precoce_","Chirurgie__Chimiotherapie__Radiotherapie_",1,1,0,0,1,0,0,0,0,"","Soulager_la_douleur_et_les_autres_symptômes_(dyspnée,_nausées,_anxiété)","","Diagnostic_tardif__Insuffisance_de_ressources_(e.g.,_équipements,_personnel_specialise_dans_sa_prise_en_charge_)_Niveau_d'education_de_la_population_bas__Facteurs_socioculturels_(e.g.,_recours_à_la_médecine_traditionnelle)____Pauvreté_/_Manque_de_moyens_financiers__",1,0,1,1,1,1,0,0,0,"","Non","Sensibilisation_insuffisante_et_manque_d'équipements","Manque_d'équipements",1,"VRAI","Oui_,_beaucoup","Maladie_traitable","Non_","Non","","","","Sensibilisation_et_disposition_d'équipements_nécessaire_pour_la_prise_en_charge_et_dépistage_précoce"
29,"Masculin","Maniema_","celibataire_",14,"Universite_de_kindu_","OUI","Mes_cours_a_l'_universite_\_Formation_médicale",1,0,0,0,0,0,"","Une_prolifération_incontrôlée_de_cellules_anormales",0,1,0,0,0,"","_cancer_du_sein_",0,0,0,1,0,0,0,0,0,0,0,0,0,"","Facteurs_génétiques_/_Héréditaires",0,0,0,0,0,0,1,0,0,0,0,0,"","Faux_","VRAI","Faux_","Faux_","Faux_","Faux_","Faux_","VRAI","Dépistage_régulier_(e.g.,_mammographie,_frottis_cervical)",0,1,0,0,0,0,0,0,"","Hommes_âgés_uniquement","VRAI","si_detecte_et_pris_en_charge_au_stade_precoce_","Chimiotherapie_",0,1,0,0,0,0,0,0,0,"","Améliorer_la_qualité_de_vie_du_patient_et_de_sa_famille","","Diagnostic_tardif_",1,0,0,0,0,0,0,0,0,"","Oui","","Mesures_préventives",5,"VRAI","Oui_,_moderement_","Maladie_traitable","Non_","Non","","","","La_solution_est_d'être_dépister_précoce_et_traité_précocement"
25,"Masculin","Sud_kivu","celibataire_",7,"Universite_Evangelique_en_Afrique_","OUI","Mes_cours_a_l'_universite_\_Formation_médicale",1,0,0,0,0,0,"","Une_prolifération_incontrôlée_de_cellules_anormales",0,1,0,0,0,"","Cancer_colorectal___Leucémie___Retinoblastome___cancer_du_sein__Lymphome__cancer_de_l'uterus__cancer_des_ovaires__cancer_de_poumons__Cancer_de_la_prostate__cancer_de_la_peau_",1,1,1,1,1,0,1,1,1,1,1,0,0,"","Tabagiste__Consomation_d'alocool__Infections_(e.g.,_HPV,_hépatite_B/C)_Exposition_à_des_substances_chimiques_/_Pollution_de_la_nature_Facteurs_génétiques_/_Héréditaires",1,1,0,0,1,1,1,0,0,0,0,0,"","Faux_","VRAI","Je_ne_sais_pas_","Je_ne_sais_pas_","Je_ne_sais_pas_","Faux_","VRAI","Je_ne_sais_pas_","Dépistage_régulier_(e.g.,_mammographie,_frottis_cervical)_Arrêt_du_tabac_Alimentation_saine_et_exercice_physique__Évitement_des_expositions_environnementales_Examen_genetiques_pour_les_familles_a_risque",0,1,1,1,1,1,0,0,"","Filles_avant_le_début_de_la_vie_sexuelle","VRAI","si_detecte_et_pris_en_charge_au_stade_precoce_","Chirurgie__Chimiotherapie__Radiotherapie_",1,1,0,0,1,0,0,0,0,"","Être_intégrés_précocement_dans_la_prise_en_charge_des_cancers_avancés","","Diagnostic_tardif__Insuffisance_de_ressources_(e.g.,_équipements,_personnel_specialise_dans_sa_prise_en_charge_)_Niveau_d'education_de_la_population_bas__Facteurs_socioculturels_(e.g.,_recours_à_la_médecine_traditionnelle)____Pauvreté_/_Manque_de_moyens_financiers__",1,0,1,1,1,1,0,0,0,"","Oui","","Dépistage_précoce_,instruire_la_population",3,"VRAI","Oui_,_moderement_","Traitabble","Non_","Oui","Grand_parents_","","","Créer_un_département_professionnel_dans_toutes_les_structures_sanitaires_pour_gérer_uniquement_ce_cas_précis"
25,"Masculin","Nord_kivu","celibataire_",11,"Universite_GOMA_","OUI","Mes_cours_a_l'_universite_\_Formation_médicale",1,0,0,0,0,0,"","Une_prolifération_incontrôlée_de_cellules_anormales",0,1,0,0,0,"","_Leucémie__",0,1,0,0,0,0,0,0,0,0,0,0,0,"","Tabagiste_",1,0,0,0,0,0,0,0,0,0,0,0,"","Faux_","VRAI","Vrai_","Faux_","Je_ne_sais_pas_","Faux_","Faux_","VRAI","Dépistage_régulier_(e.g.,_mammographie,_frottis_cervical)_Arrêt_du_tabac_Alimentation_saine_et_exercice_physique__Examen_genetiques_pour_les_familles_a_risque",0,1,1,1,0,1,0,0,"","Filles_avant_le_début_de_la_vie_sexuelle","VRAI","si_detecte_et_pris_en_charge_au_stade_precoce_","Chirurgie__Chimiotherapie__Therapie_cible__Radiotherapie__traitement_paliatif_",1,1,0,1,1,1,0,0,0,"","Soutenir_laccompagnement_psychologique_et_spirituel","","Insuffisance_de_ressources_(e.g.,_équipements,_personnel_specialise_dans_sa_prise_en_charge_)_Niveau_d'education_de_la_population_bas__Pauvreté_/_Manque_de_moyens_financiers__",0,0,1,1,0,1,0,0,0,"","Oui","","Diagnostic_précoce",1,"VRAI","Oui_,_moderement_","Traitable","Non_","Non","","","","Sensibilisation_et_diagnostic_précoce"
27,"Masculin","Nord_kivu","celibataire_",11,"Universite_GOMA_","OUI","Mes_cours_a_l'_universite_\_Formation_médicale_Littérature_scientifique_/_Livres__Expérience_clinique__durant_mon__Stages",1,0,0,1,1,0,"","Une_prolifération_incontrôlée_de_cellules_anormales",0,1,0,0,0,"","Cancer_colorectal___Leucémie___Retinoblastome___cancer_du_sein__Lymphome__cancer_de_l'uterus__cancer_des_ovaires__cancer_de_poumons__Cancer_de_la_prostate__cancer_de_la_peau__Autre",1,1,1,1,1,0,1,1,1,1,1,0,1,"Hapato_carcinome,_Myélome_multiple_des_os,_Rabdomyosarcome,_osteosarcome,_mesotelium_malin","Tabagiste__Consomation_d'alocool__Mauvaise_alimentation_(e.g.,_excès_de_viande_rouge,_faible_en_fruits/légumes)_Infections_(e.g.,_HPV,_hépatite_B/C)_Exposition_à_des_substances_chimiques_/_Pollution_de_la_nature_Facteurs_génétiques_/_Héréditaires",1,1,1,0,1,1,1,0,0,0,0,0,"","Faux_","VRAI","Vrai_","VRAI","Je_ne_sais_pas_","Faux_","VRAI","VRAI","Vaccination_(e.g.,_contre_HPV)_Dépistage_régulier_(e.g.,_mammographie,_frottis_cervical)_Arrêt_du_tabac_Alimentation_saine_et_exercice_physique__Examen_genetiques_pour_les_familles_a_risque",1,1,1,1,0,1,0,0,"","Filles_avant_le_début_de_la_vie_sexuelle","VRAI","si_detecte_et_pris_en_charge_au_stade_precoce_","Chirurgie__Chimiotherapie__Immunotherapie__Therapie_cible__Radiotherapie__traitement_paliatif_",1,1,1,1,1,1,0,0,0,"","Soulager_la_douleur_et_les_autres_symptômes_(dyspnée,_nausées,_anxiété)","","Diagnostic_tardif__Manque_d'accès_aux_traitements__Insuffisance_de_ressources_(e.g.,_équipements,_personnel_specialise_dans_sa_prise_en_charge_)_Niveau_d'education_de_la_population_bas__Facteurs_socioculturels_(e.g.,_recours_à_la_médecine_traditionnelle)____Pauvreté_/_Manque_de_moyens_financiers__",1,1,1,1,1,1,0,0,0,"","Non","Absence_d'un_programme_national_de_lutte_contre_les_cancer,_pour_moi_c'est_ça_la_première_raison._Le_reste_c'est_secondaires","Une_bonne_communication_(grâce_à_un_programme_national_de_lutte_contre_les_cancer,_comme_il_en_est_le_cas_pour_le_Paludisme,_la_tuberculose,_etc_)",3,"VRAI","Oui_,_beaucoup","Maladie_d'une_gravité_extrême_dans_notre_milieu,_vue_que_le_diagnostic_est_?toujours_négatif_?","Non_","Non","","","","Mettre_en_place_une_stratégie_de_communication_massive,_par_exemple_vulgariser_les_notions_élémentaire_sur_les_cancer_via_des_émissions_radio"
28,"Masculin","Autre_province_","celibataire_",9,"Universite_Libre_des_grand_LACS_","OUI","Mes_cours_a_l'_universite_\_Formation_médicale_Médias_(TV,_radio,_internet)_Famille_/_Amis_Littérature_scientifique_/_Livres__Expérience_clinique__durant_mon__Stages",1,1,1,1,1,0,"","Une_prolifération_incontrôlée_de_cellules_anormales",0,1,0,0,0,"","Cancer_colorectal___Leucémie___Retinoblastome___cancer_du_sein__Lymphome__Meduloblastome__cancer_de_l'uterus__cancer_des_ovaires__cancer_de_poumons__Cancer_de_la_prostate__cancer_de_la_peau__Autre",1,1,1,1,1,1,1,1,1,1,1,0,1,"Cancer_du_foie,_Cancer_de_lestomac,_cancer_de_lsophage","Tabagiste__Consomation_d'alocool__Infections_(e.g.,_HPV,_hépatite_B/C)_Exposition_à_des_substances_chimiques_/_Pollution_de_la_nature_Facteurs_génétiques_/_Héréditaires_Vieillissement_(_age_)_Mythes_culturels_(_sorcellerie)",1,1,0,0,1,1,1,1,1,0,0,0,"","Faux_","VRAI","Vrai_","VRAI","VRAI","Faux_","VRAI","VRAI","Vaccination_(e.g.,_contre_HPV)_Dépistage_régulier_(e.g.,_mammographie,_frottis_cervical)_Arrêt_du_tabac_Alimentation_saine_et_exercice_physique__Évitement_des_expositions_environnementales_Examen_genetiques_pour_les_familles_a_risque",1,1,1,1,1,1,0,0,"","Filles_avant_le_début_de_la_vie_sexuelle","VRAI","si_detecte_et_pris_en_charge_au_stade_precoce_","Chirurgie__Chimiotherapie__Immunotherapie__Therapie_cible__Radiotherapie__traitement_paliatif_",1,1,1,1,1,1,0,0,0,"","Soulager_la_douleur_et_les_autres_symptômes_(dyspnée,_nausées,_anxiété)","","Diagnostic_tardif__Manque_d'accès_aux_traitements__Insuffisance_de_ressources_(e.g.,_équipements,_personnel_specialise_dans_sa_prise_en_charge_)_Niveau_d'education_de_la_population_bas__Facteurs_socioculturels_(e.g.,_recours_à_la_médecine_traditionnelle)____Pauvreté_/_Manque_de_moyens_financiers__",1,1,1,1,1,1,0,0,0,"","Je_ne_sais_pas","","Sensibilisation_et_dépistage",5,"Je_ne_sais_pas_","Oui_,_beaucoup","Maladie_traitable","Non_","Non","","","","Sensibilisation,_dépistage,_créer_un_centre_de_cancérologie_et_´implication_de_lEtat_dans_ce_domaine"
26,"Feminin_","Sud_kivu","celibataire_",10,"Universite_Libre_des_grand_LACS_","OUI","Mes_cours_a_l'_universite_\_Formation_médicale",1,0,0,0,0,0,"","Une_prolifération_incontrôlée_de_cellules_anormales",0,1,0,0,0,"","Cancer_colorectal___Leucémie___Retinoblastome___cancer_du_sein__Lymphome__Meduloblastome__cancer_de_l'uterus__cancer_des_ovaires__cancer_de_poumons__Cancer_de_la_prostate__cancer_de_la_peau_",1,1,1,1,1,1,1,1,1,1,1,0,0,"","Tabagiste__Consomation_d'alocool__Mauvaise_alimentation_(e.g.,_excès_de_viande_rouge,_faible_en_fruits/légumes)_Infections_(e.g.,_HPV,_hépatite_B/C)_Exposition_à_des_substances_chimiques_/_Pollution_de_la_nature_Facteurs_génétiques_/_Héréditaires",1,1,1,0,1,1,1,0,0,0,0,0,"","Faux_","VRAI","Vrai_","VRAI","Je_ne_sais_pas_","Faux_","VRAI","VRAI","Vaccination_(e.g.,_contre_HPV)_Dépistage_régulier_(e.g.,_mammographie,_frottis_cervical)_Arrêt_du_tabac_Alimentation_saine_et_exercice_physique__Évitement_des_expositions_environnementales",1,1,1,1,1,0,0,0,"","Filles_avant_le_début_de_la_vie_sexuelle","VRAI","si_detecte_et_pris_en_charge_au_stade_precoce_","Chirurgie__Chimiotherapie__Immunotherapie__Therapie_cible__Radiotherapie__traitement_paliatif_",1,1,1,1,1,1,0,0,0,"","Améliorer_la_qualité_de_vie_du_patient_et_de_sa_famille","","Diagnostic_tardif__Manque_d'accès_aux_traitements__Insuffisance_de_ressources_(e.g.,_équipements,_personnel_specialise_dans_sa_prise_en_charge_)_Pauvreté_/_Manque_de_moyens_financiers__",1,1,1,0,0,1,0,0,0,"","Oui","","Dépistage",5,"VRAI","Oui_,_beaucoup","Maladie_traitable","Non_","Non","","","","Sensibilisation_et_depistage_précoce"
25,"Feminin_","Autre_province_","celibataire_",9,"Universite_Libre_des_grand_LACS_","OUI","Littérature_scientifique_/_Livres_",0,0,0,1,0,0,"","Une_prolifération_incontrôlée_de_cellules_anormales",0,1,0,0,0,"","Cancer_colorectal___Leucémie___Retinoblastome___cancer_du_sein__Lymphome__cancer_de_l'uterus__cancer_des_ovaires__cancer_de_poumons__Cancer_de_la_prostate__cancer_de_la_peau_",1,1,1,1,1,0,1,1,1,1,1,0,0,"","Tabagiste__Consomation_d'alocool__Mauvaise_alimentation_(e.g.,_excès_de_viande_rouge,_faible_en_fruits/légumes)_Exposition_à_des_substances_chimiques_/_Pollution_de_la_nature_Facteurs_génétiques_/_Héréditaires",1,1,1,0,0,1,1,0,0,0,0,0,"","Faux_","VRAI","Faux_","VRAI","Je_ne_sais_pas_","Faux_","Je_ne_sais_pas_","VRAI","Vaccination_(e.g.,_contre_HPV)_Dépistage_régulier_(e.g.,_mammographie,_frottis_cervical)_Arrêt_du_tabac_Alimentation_saine_et_exercice_physique__Évitement_des_expositions_environnementales_Examen_genetiques_pour_les_familles_a_risque",1,1,1,1,1,1,0,0,"","Filles_avant_le_début_de_la_vie_sexuelle","VRAI","si_pris_en_charge_dans_un_centre_specialise_de_cancerologie_","Chirurgie__Chimiotherapie__Immunotherapie__Therapie_cible__Radiotherapie_",1,1,1,1,1,0,0,0,0,"","Améliorer_la_qualité_de_vie_du_patient_et_de_sa_famille","","Diagnostic_tardif__Manque_d'accès_aux_traitements__Insuffisance_de_ressources_(e.g.,_équipements,_personnel_specialise_dans_sa_prise_en_charge_)_Facteurs_socioculturels_(e.g.,_recours_à_la_médecine_traditionnelle)____Pauvreté_/_Manque_de_moyens_financiers__",1,1,1,0,1,1,0,0,0,"","Non","Ce_nest_pas_le_cas","Le_dépistage",2,"Je_ne_sais_pas_","Oui_,_beaucoup","Maudite","Non_","Non","","","","Le_dépistage"
26,"Masculin","Sud_kivu","celibataire_",9,"Universite_Libre_des_grand_LACS_","OUI","Mes_cours_a_l'_universite_\_Formation_médicale_Médias_(TV,_radio,_internet)_Expérience_clinique__durant_mon__Stages",1,1,0,0,1,0,"","Une_prolifération_incontrôlée_de_cellules_anormales",0,1,0,0,0,"","Cancer_colorectal___Leucémie____cancer_du_sein__Cancer_de_la_prostate_",1,1,0,1,0,0,0,0,0,1,0,0,0,"","Tabagiste__Infections_(e.g.,_HPV,_hépatite_B/C)_Exposition_à_des_substances_chimiques_/_Pollution_de_la_nature_Facteurs_génétiques_/_Héréditaires",1,0,0,0,1,1,1,0,0,0,0,0,"","Faux_","VRAI","Faux_","VRAI","Je_ne_sais_pas_","Faux_","Je_ne_sais_pas_","VRAI","Dépistage_régulier_(e.g.,_mammographie,_frottis_cervical)_Arrêt_du_tabac",0,1,1,0,0,0,0,0,"","Filles_avant_le_début_de_la_vie_sexuelle","VRAI","si_pris_en_charge_dans_un_centre_specialise_de_cancerologie_","Chirurgie__Chimiotherapie__Radiotherapie_",1,1,0,0,1,0,0,0,0,"","Améliorer_la_qualité_de_vie_du_patient_et_de_sa_famille","","Diagnostic_tardif__Manque_d'accès_aux_traitements__Insuffisance_de_ressources_(e.g.,_équipements,_personnel_specialise_dans_sa_prise_en_charge_)_Pauvreté_/_Manque_de_moyens_financiers__",1,1,1,0,0,1,0,0,0,"","Non","#NOM?","Encourager_les_campagnes_dinformation,_de_dépistage_et_de_vaccination,_lutter_contre_les_facteurs_prédisposants,_",4,"VRAI","Oui_,_moderement_","Traitable","Non_","Non","","","","Initier_des_dépistages,_lutter_contre_les_facteurs_prédisposants,_informer_la_population_de_la_gravité_de_ce_dernier,_former_les_personnels_soignants,_construire_des_structures_spécialisées_dans_la_prise_en_charge_des_cancers"
25,"Feminin_","Nord_kivu","celibataire_",20,"Universite_catholique_de_Graben_","OUI","Mes_cours_a_l'_universite_\_Formation_médicale",1,0,0,0,0,0,"","Une_prolifération_incontrôlée_de_cellules_anormales",0,1,0,0,0,"","_cancer_du_sein__cancer_de_poumons_",0,0,0,1,0,0,0,0,1,0,0,0,0,"","Tabagiste__Exposition_à_des_substances_chimiques_/_Pollution_de_la_nature",1,0,0,0,0,1,0,0,0,0,0,0,"","Faux_","Faux_","Vrai_","Faux_","Je_ne_sais_pas_","Faux_","Faux_","VRAI","Dépistage_régulier_(e.g.,_mammographie,_frottis_cervical)_Arrêt_du_tabac_Examen_genetiques_pour_les_familles_a_risque",0,1,1,0,0,1,0,0,"","Patients_avec_un_cancer_cervical_ou_autre_type_","Faux_","","Chimiotherapie__Immunotherapie__traitement_paliatif_",0,1,1,0,0,1,0,0,0,"","Soulager_la_douleur_et_les_autres_symptômes_(dyspnée,_nausées,_anxiété)","","Diagnostic_tardif__Niveau_d'education_de_la_population_bas__Facteurs_socioculturels_(e.g.,_recours_à_la_médecine_traditionnelle)___",1,0,0,1,1,0,0,0,0,"","Non","Sous_information_concernant_la_maladie","encourager_les_scan_ces_de_formation_concernant_la_dite_maladie",1,"VRAI","Oui_,_beaucoup","Maudite????","Non_","Non","","","","Cfr_supra._Encourager_les_formations_de_prévention"
25,"Feminin_","Sud_kivu","celibataire_",8,"Universite_Evangelique_en_Afrique_","OUI","Mes_cours_a_l'_universite_\_Formation_médicale_Médias_(TV,_radio,_internet)_Famille_/_Amis_Littérature_scientifique_/_Livres__Expérience_clinique__durant_mon__Stages",1,1,1,1,1,0,"","Une_prolifération_incontrôlée_de_cellules_anormales",0,1,0,0,0,"","Cancer_colorectal___Leucémie___Retinoblastome___cancer_du_sein__Lymphome__cancer_de_l'uterus__cancer_des_ovaires__cancer_de_poumons__Cancer_de_la_prostate__cancer_de_la_peau_",1,1,1,1,1,0,1,1,1,1,1,0,0,"","Tabagiste__Infections_(e.g.,_HPV,_hépatite_B/C)_Exposition_à_des_substances_chimiques_/_Pollution_de_la_nature_Facteurs_génétiques_/_Héréditaires",1,0,0,0,1,1,1,0,0,0,0,0,"","Faux_","VRAI","Faux_","VRAI","VRAI","Faux_","VRAI","VRAI","Vaccination_(e.g.,_contre_HPV)_Dépistage_régulier_(e.g.,_mammographie,_frottis_cervical)_Examen_genetiques_pour_les_familles_a_risque",1,1,0,0,0,1,0,0,"","Femmes_de_plus_de_50_ans_","VRAI","si_detecte_et_pris_en_charge_au_stade_precoce_","Chirurgie__Chimiotherapie_",1,1,0,0,0,0,0,0,0,"","Soulager_la_douleur_et_les_autres_symptômes_(dyspnée,_nausées,_anxiété)","","Diagnostic_tardif__Manque_d'accès_aux_traitements__Insuffisance_de_ressources_(e.g.,_équipements,_personnel_specialise_dans_sa_prise_en_charge_)_Niveau_d'education_de_la_population_bas__Facteurs_socioculturels_(e.g.,_recours_à_la_médecine_traditionnelle)____Pauvreté_/_Manque_de_moyens_financiers__",1,1,1,1,1,1,0,0,0,"","Non","Manque_déquipement","Investir_dans_la_santé",3,"VRAI","Oui_,_beaucoup","Maladie_traitable","Non_","Non","","","","Organiser_des_sciences_de_dépistage"
24,"Feminin_","Sud_kivu","celibataire_",3,"Universite_catholique_de_Bukavu_(_UCB)_","OUI","Mes_cours_a_l'_universite_\_Formation_médicale",1,0,0,0,0,0,"","Une_prolifération_incontrôlée_de_cellules_anormales",0,1,0,0,0,"","Cancer_colorectal___Leucémie___Retinoblastome___cancer_du_sein__Lymphome__Meduloblastome__cancer_de_l'uterus__cancer_des_ovaires__cancer_de_poumons__Cancer_de_la_prostate__cancer_de_la_peau_",1,1,1,1,1,1,1,1,1,1,1,0,0,"","Tabagiste__Consomation_d'alocool__Mauvaise_alimentation_(e.g.,_excès_de_viande_rouge,_faible_en_fruits/légumes)_Infections_(e.g.,_HPV,_hépatite_B/C)_Exposition_à_des_substances_chimiques_/_Pollution_de_la_nature_Facteurs_génétiques_/_Héréditaires_Vieillissement_(_age_)",1,1,1,0,1,1,1,1,0,0,0,0,"","Faux_","VRAI","Faux_","VRAI","Je_ne_sais_pas_","Faux_","VRAI","VRAI","Vaccination_(e.g.,_contre_HPV)_Dépistage_régulier_(e.g.,_mammographie,_frottis_cervical)_Arrêt_du_tabac_Alimentation_saine_et_exercice_physique__Évitement_des_expositions_environnementales_Examen_genetiques_pour_les_familles_a_risque",1,1,1,1,1,1,0,0,"","Filles_avant_le_début_de_la_vie_sexuelle","VRAI","si_detecte_et_pris_en_charge_au_stade_precoce_","Chirurgie__Chimiotherapie__Immunotherapie__Therapie_cible__Radiotherapie__traitement_paliatif_",1,1,1,1,1,1,0,0,0,"","Soulager_la_douleur_et_les_autres_symptômes_(dyspnée,_nausées,_anxiété)","","Diagnostic_tardif_",1,0,0,0,0,0,0,0,0,"","Non","Manque_de_connaissance_et_déquipement","Sensibilisation_et_éducation_sanitaire_(la_prévention_primaire)",5,"VRAI","Oui_,_beaucoup","Cest_une_maladie_,est_très_fréquente_dans_le_contexte_de_la_sédentarité_observée_chez_nous_actuellement","Non_","Non","","","","Juste_la_prévention_primaire_,car_jusque_le_plateau_technique_dans_cette_lutte_est_trop_faible_au_kivu_."
25,"Masculin","Sud_kivu","celibataire_",2,"Universite_catholique_de_Bukavu_(_UCB)_","OUI","Mes_cours_a_l'_universite_\_Formation_médicale",1,0,0,0,0,0,"","Une_prolifération_incontrôlée_de_cellules_anormales",0,1,0,0,0,"","Cancer_colorectal___Leucémie___Retinoblastome___cancer_du_sein__Lymphome__Meduloblastome__cancer_de_l'uterus__cancer_des_ovaires__cancer_de_poumons__Cancer_de_la_prostate__cancer_de_la_peau_",1,1,1,1,1,1,1,1,1,1,1,0,0,"","Tabagiste__Consomation_d'alocool__Exposition_à_des_substances_chimiques_/_Pollution_de_la_nature_Facteurs_génétiques_/_Héréditaires",1,1,0,0,0,1,1,0,0,0,0,0,"","Faux_","VRAI","Vrai_","Je_ne_sais_pas_","Je_ne_sais_pas_","Faux_","Je_ne_sais_pas_","Je_ne_sais_pas_","Arrêt_du_tabac_Alimentation_saine_et_exercice_physique__Évitement_des_expositions_environnementales",0,0,1,1,1,0,0,0,"","Filles_avant_le_début_de_la_vie_sexuelle","VRAI","si_pris_en_charge_dans_un_centre_specialise_de_cancerologie_","Chirurgie__Chimiotherapie__Radiotherapie_",1,1,0,0,1,0,0,0,0,"","Améliorer_la_qualité_de_vie_du_patient_et_de_sa_famille","","Diagnostic_tardif__Manque_d'accès_aux_traitements__Insuffisance_de_ressources_(e.g.,_équipements,_personnel_specialise_dans_sa_prise_en_charge_)_Pauvreté_/_Manque_de_moyens_financiers__",1,1,1,0,0,1,0,0,0,"","Non","Manque_des_centres_de_cancérologie_spécialisés,_pauvreté","Éviter_alcool_et_tabac",2,"VRAI","Je_ne_sais_pas_","Peut_être_traité","Non_","Non","","","","Approvisionnement_aux_centres,équipements_et_personnels_de_qualité,_arrêt_l'alcool_et_tsbacde_qualité"
26,"Feminin_","Sud_kivu","celibataire_",2,"Universite_catholique_de_Bukavu_(_UCB)_","OUI","Mes_cours_a_l'_universite_\_Formation_médicale",1,0,0,0,0,0,"","Une_prolifération_incontrôlée_de_cellules_anormales",0,1,0,0,0,"","Cancer_colorectal___Leucémie___Retinoblastome___cancer_du_sein__Lymphome__Meduloblastome__cancer_de_l'uterus__cancer_des_ovaires__cancer_de_poumons__Cancer_de_la_prostate__cancer_de_la_peau_",1,1,1,1,1,1,1,1,1,1,1,0,0,"","Facteurs_génétiques_/_Héréditaires",0,0,0,0,0,0,1,0,0,0,0,0,"","Faux_","VRAI","Faux_","VRAI","Je_ne_sais_pas_","Faux_","VRAI","VRAI","Vaccination_(e.g.,_contre_HPV)_Dépistage_régulier_(e.g.,_mammographie,_frottis_cervical)_Arrêt_du_tabac_Alimentation_saine_et_exercice_physique__Évitement_des_expositions_environnementales_Examen_genetiques_pour_les_familles_a_risque",1,1,1,1,1,1,0,0,"","Filles_avant_le_début_de_la_vie_sexuelle","VRAI","si_detecte_et_pris_en_charge_au_stade_precoce_","Chirurgie__Chimiotherapie__Immunotherapie__Therapie_cible__Radiotherapie_",1,1,1,1,1,0,0,0,0,"","Améliorer_la_qualité_de_vie_du_patient_et_de_sa_famille","","Diagnostic_tardif__Manque_d'accès_aux_traitements__Insuffisance_de_ressources_(e.g.,_équipements,_personnel_specialise_dans_sa_prise_en_charge_)_Niveau_d'education_de_la_population_bas__Facteurs_socioculturels_(e.g.,_recours_à_la_médecine_traditionnelle)____Pauvreté_/_Manque_de_moyens_financiers__",1,1,1,1,1,1,0,0,0,"","Non","Ressources_limitées","Depistage",1,"VRAI","Oui_,_beaucoup","Traitable_si_c'est_diagnostiquée_précocement","Non_","Non","","","","Dépistage,_vaccination,_sensibiliser_la_population_pour_qu'ils_sachent:_c'est_quoi_le_cancer,_factures_de_risques,_moyen_préventif,_complications."
25,"Masculin","Sud_kivu","celibataire_",24,"Universite_catholique_de_Bukavu_(_UCB)_","OUI","Mes_cours_a_l'_universite_\_Formation_médicale_Autre",1,0,0,0,0,1,"Podcast_,_.....","Une_prolifération_incontrôlée_de_cellules_anormales",0,1,0,0,0,"","Cancer_colorectal___Leucémie___Retinoblastome___cancer_du_sein__Lymphome__Meduloblastome__cancer_de_l'uterus__cancer_des_ovaires__cancer_de_poumons__Cancer_de_la_prostate__cancer_de_la_peau_",1,1,1,1,1,1,1,1,1,1,1,0,0,"","Tabagiste__Mauvaise_alimentation_(e.g.,_excès_de_viande_rouge,_faible_en_fruits/légumes)_Exposition_à_des_substances_chimiques_/_Pollution_de_la_nature_Facteurs_génétiques_/_Héréditaires",1,0,1,0,0,1,1,0,0,0,0,0,"","Faux_","VRAI","Faux_","Je_ne_sais_pas_","Je_ne_sais_pas_","Faux_","Faux_","VRAI","Vaccination_(e.g.,_contre_HPV)_Dépistage_régulier_(e.g.,_mammographie,_frottis_cervical)_Arrêt_du_tabac_Évitement_des_expositions_environnementales_Examen_genetiques_pour_les_familles_a_risque",1,1,1,0,1,1,0,0,"","Filles_avant_le_début_de_la_vie_sexuelle","VRAI","si_detecte_et_pris_en_charge_au_stade_precoce_","Chirurgie__Chimiotherapie__Therapie_cible__Radiotherapie_",1,1,0,1,1,0,0,0,0,"","Soulager_la_douleur_et_les_autres_symptômes_(dyspnée,_nausées,_anxiété)","","Diagnostic_tardif__Manque_d'accès_aux_traitements__Insuffisance_de_ressources_(e.g.,_équipements,_personnel_specialise_dans_sa_prise_en_charge_)_Niveau_d'education_de_la_population_bas__Facteurs_socioculturels_(e.g.,_recours_à_la_médecine_traditionnelle)____Pauvreté_/_Manque_de_moyens_financiers__",1,1,1,1,1,1,0,0,0,"","Oui","","Plus_c'est_tôt_mieux_ça_évolue",1,"Faux_","Oui_,_beaucoup","Traitable","Non_","Non","","","","Construction_d'un_centre_de_cancérologie"
26,"Masculin","Sud_kivu","celibataire_",3,"Universite_catholique_de_Bukavu_(_UCB)_","OUI","Mes_cours_a_l'_universite_\_Formation_médicale_Littérature_scientifique_/_Livres_",1,0,0,1,0,0,"","Une_prolifération_incontrôlée_de_cellules_anormales",0,1,0,0,0,"","Cancer_colorectal___Leucémie___Retinoblastome___cancer_du_sein__Lymphome__Meduloblastome__cancer_de_l'uterus__cancer_des_ovaires__cancer_de_poumons__Cancer_de_la_prostate__cancer_de_la_peau_",1,1,1,1,1,1,1,1,1,1,1,0,0,"","Tabagiste__Consomation_d'alocool__Infections_(e.g.,_HPV,_hépatite_B/C)_Exposition_à_des_substances_chimiques_/_Pollution_de_la_nature_Facteurs_génétiques_/_Héréditaires",1,1,0,0,1,1,1,0,0,0,0,0,"","Faux_","VRAI","Faux_","VRAI","VRAI","Faux_","VRAI","VRAI","Vaccination_(e.g.,_contre_HPV)_Dépistage_régulier_(e.g.,_mammographie,_frottis_cervical)_Arrêt_du_tabac_Examen_genetiques_pour_les_familles_a_risque",1,1,1,0,0,1,0,0,"","Femmes_de_plus_de_50_ans_","VRAI","si_detecte_et_pris_en_charge_au_stade_precoce_","Chirurgie__Chimiotherapie__Immunotherapie__Therapie_cible__Radiotherapie__traitement_paliatif_",1,1,1,1,1,1,0,0,0,"","Soulager_la_douleur_et_les_autres_symptômes_(dyspnée,_nausées,_anxiété)","","Diagnostic_tardif__Manque_d'accès_aux_traitements__Insuffisance_de_ressources_(e.g.,_équipements,_personnel_specialise_dans_sa_prise_en_charge_)_Niveau_d'education_de_la_population_bas__Pauvreté_/_Manque_de_moyens_financiers__",1,1,1,1,0,1,0,0,0,"","Non","Les_raisons_évoquées_à_la_question_20","1._Plateau_technique_adéquat",4,"VRAI","Oui_,_beaucoup","Maladie_parmi_tant_d'autres_pouvant_être__traitée_selon_les_cas","Oui","Oui","Cousin/cousine","Traitement_médical_conventionnel_(e.g.,_hôpital)_","Décès__","Plateau_technique"
26,"Masculin","Sud_kivu","celibataire_",9,"Universite_catholique_de_Bukavu_(_UCB)_","OUI","Mes_cours_a_l'_universite_\_Formation_médicale_Médias_(TV,_radio,_internet)",1,1,0,0,0,0,"","Une_prolifération_incontrôlée_de_cellules_anormales",0,1,0,0,0,"","Cancer_colorectal___Leucémie___Retinoblastome___cancer_du_sein__Lymphome__Meduloblastome__cancer_de_l'uterus__cancer_des_ovaires__cancer_de_poumons__Cancer_de_la_prostate__cancer_de_la_peau_",1,1,1,1,1,1,1,1,1,1,1,0,0,"","Tabagiste__Consomation_d'alocool__Infections_(e.g.,_HPV,_hépatite_B/C)_Facteurs_génétiques_/_Héréditaires",1,1,0,0,1,0,1,0,0,0,0,0,"","Faux_","VRAI","Vrai_","VRAI","VRAI","Faux_","VRAI","VRAI","Vaccination_(e.g.,_contre_HPV)_Dépistage_régulier_(e.g.,_mammographie,_frottis_cervical)_Arrêt_du_tabac_Alimentation_saine_et_exercice_physique__Évitement_des_expositions_environnementales_Examen_genetiques_pour_les_familles_a_risque",1,1,1,1,1,1,0,0,"","Filles_avant_le_début_de_la_vie_sexuelle","Faux_","","Chirurgie__Chimiotherapie__Immunotherapie__Therapie_cible__Radiotherapie__traitement_paliatif__Traitement_traditionnel_/_Herbes_",1,1,1,1,1,1,1,0,0,"","Soulager_la_douleur_et_les_autres_symptômes_(dyspnée,_nausées,_anxiété)","","Diagnostic_tardif__Manque_d'accès_aux_traitements__Insuffisance_de_ressources_(e.g.,_équipements,_personnel_specialise_dans_sa_prise_en_charge_)_Niveau_d'education_de_la_population_bas__Facteurs_socioculturels_(e.g.,_recours_à_la_médecine_traditionnelle)____Pauvreté_/_Manque_de_moyens_financiers__",1,1,1,1,1,1,0,0,0,"","Non","Le_retard_diagnostic,_l'équipement_de_diagnostics_et_l'absence_de_personnels_qualifié","Une_sensibilisation_de_la_population,_le_gouvernement_pour_encourager_les_formations_oncologique",5,"VRAI","Oui_,_beaucoup","Traitable","Non_","Non","","","","Faires_les_sensibilisation_pour_informé_la_société_de_l'existence_du_cancer,_disponibilisé_les_vaccins_nécessaires_et_à_temps_,_faire_des_formations_des_personnels_soignants_pour_une_mise_à_niveau_d'oncologie_et_disponibilisé_les_matériel_diagnostic"
29,"Masculin","Sud_kivu","Marié",4,"Universite_catholique_de_Bukavu_(_UCB)_","OUI","Mes_cours_a_l'_universite_\_Formation_médicale_Littérature_scientifique_/_Livres__Expérience_clinique__durant_mon__Stages",1,0,0,1,1,0,"","Une_prolifération_incontrôlée_de_cellules_anormales",0,1,0,0,0,"","Cancer_colorectal___Leucémie___Retinoblastome___cancer_du_sein__Lymphome__cancer_de_l'uterus__cancer_des_ovaires__cancer_de_poumons__Cancer_de_la_prostate__cancer_de_la_peau__Autre",1,1,1,1,1,0,1,1,1,1,1,0,1,"Cancer_des_testicules...","Tabagiste__Consomation_d'alocool__Infections_(e.g.,_HPV,_hépatite_B/C)_Exposition_à_des_substances_chimiques_/_Pollution_de_la_nature_Facteurs_génétiques_/_Héréditaires",1,1,0,0,1,1,1,0,0,0,0,0,"","Faux_","VRAI","Je_ne_sais_pas_","VRAI","Je_ne_sais_pas_","Faux_","VRAI","VRAI","Vaccination_(e.g.,_contre_HPV)_Dépistage_régulier_(e.g.,_mammographie,_frottis_cervical)_Arrêt_du_tabac_Évitement_des_expositions_environnementales_Examen_genetiques_pour_les_familles_a_risque",1,1,1,0,1,1,0,0,"","Filles_avant_le_début_de_la_vie_sexuelle","VRAI","si_detecte_et_pris_en_charge_au_stade_precoce_","Chirurgie__Chimiotherapie__Radiotherapie__traitement_paliatif__Autre",1,1,0,0,1,1,0,0,1,"Prise_en_charge_psycho_sociale","Soulager_la_douleur_et_les_autres_symptômes_(dyspnée,_nausées,_anxiété)","","Diagnostic_tardif__Manque_d'accès_aux_traitements__Insuffisance_de_ressources_(e.g.,_équipements,_personnel_specialise_dans_sa_prise_en_charge_)_Niveau_d'education_de_la_population_bas__Facteurs_socioculturels_(e.g.,_recours_à_la_médecine_traditionnelle)____Pauvreté_/_Manque_de_moyens_financiers__",1,1,1,1,1,1,0,0,0,"","Non","Pas_de_centre_spécialisé,_peu_de_personnel_spécialisé,_niveau_très_bas_d'éducation_de_la_communauté","Sensibiliser_la_communauté_pour_le_dépistage,_tendre_accessibles_les_soins_à_tout_le_monde,_former_des_personnels_spécialisé_:__médecins_spécialistes,_infirmiers,_psychologues_et_assistants_sociaux._Mais_aussi_crée_des_centres_spécialisés_pour_le_dépistage_et_prise_en_charge.",1,"VRAI","Oui_,_moderement_","Les_malades_sont_traitable_si_diagnostic_précoce,_et_conditions_nécessaires_pour_le_traitement_sont_disponibles","Non_","Non","","","","Mettre_le_vaccin_contre_le_HPV_dans_le_calendrier_vaccinal_(_vers_les_premiers_mois_de_naissance),_amplifier_le_niveau_de_sensibilisation_dans_la_communauté,_rendre_disponible_un_centre_de_dépistage_et_prises_en_charge_des_cancer,_former_les_personnels_soignants_spécialisé_s."
26,"Feminin_","Nord_kivu","Marié",9,"Universite_Libre_des_grand_LACS_","OUI","Mes_cours_a_l'_universite_\_Formation_médicale_Littérature_scientifique_/_Livres__Expérience_clinique__durant_mon__Stages",1,0,0,1,1,0,"","Une_prolifération_incontrôlée_de_cellules_anormales_Autre",0,1,0,0,1,"Des_mutations_génétiques","Cancer_colorectal___Leucémie___Retinoblastome___cancer_du_sein__Lymphome__Meduloblastome__cancer_de_l'uterus__cancer_des_ovaires__cancer_de_poumons__Cancer_de_la_prostate__cancer_de_la_peau__Autre",1,1,1,1,1,1,1,1,1,1,1,0,1,"Néphroblastome_Carcinome_hépatocellulaire_glioblastome_etc","Tabagiste__Mauvaise_alimentation_(e.g.,_excès_de_viande_rouge,_faible_en_fruits/légumes)_Infections_(e.g.,_HPV,_hépatite_B/C)_Exposition_à_des_substances_chimiques_/_Pollution_de_la_nature_Facteurs_génétiques_/_Héréditaires",1,0,1,0,1,1,1,0,0,0,0,0,"","Faux_","VRAI","Faux_","VRAI","VRAI","Faux_","VRAI","VRAI","Vaccination_(e.g.,_contre_HPV)_Dépistage_régulier_(e.g.,_mammographie,_frottis_cervical)_Arrêt_du_tabac_Alimentation_saine_et_exercice_physique__Évitement_des_expositions_environnementales_Examen_genetiques_pour_les_familles_a_risque",1,1,1,1,1,1,0,0,"","Filles_avant_le_début_de_la_vie_sexuelle","VRAI","si_detecte_et_pris_en_charge_au_stade_precoce_","Chirurgie__Chimiotherapie__Radiotherapie__traitement_paliatif_",1,1,0,0,1,1,0,0,0,"","Améliorer_la_qualité_de_vie_du_patient_et_de_sa_famille","","Diagnostic_tardif__Manque_d'accès_aux_traitements__Insuffisance_de_ressources_(e.g.,_équipements,_personnel_specialise_dans_sa_prise_en_charge_)_Niveau_d'education_de_la_population_bas__Facteurs_socioculturels_(e.g.,_recours_à_la_médecine_traditionnelle)____Pauvreté_/_Manque_de_moyens_financiers__",1,1,1,1,1,1,0,0,0,"","Non","Pas_de_centre_spécialisé","Élargir_les_programmes_de_dépistage_et_prise_en_charge",1,"VRAI","Oui_,_beaucoup","Une_maladie_traitable","Non_","Non","","","","Créer_des_centres_de_traitement_adaptés"
34,"Masculin","Sud_kivu","Marié",10,"Universite_Evangelique_en_Afrique_","OUI","Mes_cours_a_l'_universite_\_Formation_médicale",1,0,0,0,0,0,"","Une_prolifération_incontrôlée_de_cellules_anormales",0,1,0,0,0,"","_cancer_du_sein_",0,0,0,1,0,0,0,0,0,0,0,0,0,"","Exposition_à_des_substances_chimiques_/_Pollution_de_la_nature",0,0,0,0,0,1,0,0,0,0,0,0,"","Faux_","VRAI","Faux_","VRAI","Faux_","Faux_","Faux_","VRAI","Arrêt_du_tabac",0,0,1,0,0,0,0,0,"","Filles_avant_le_début_de_la_vie_sexuelle","Faux_","","Chirurgie__Chimiotherapie__traitement_paliatif_",1,1,0,0,0,1,0,0,0,"","Soulager_la_douleur_et_les_autres_symptômes_(dyspnée,_nausées,_anxiété)","","Diagnostic_tardif_",1,0,0,0,0,0,0,0,0,"","Non","Dc_tardif,accès_au_traitement,.","Vaccination_2",1,"VRAI","Oui_,_moderement_","Maudite","Non_","Non","","","","Sensibilisation_et_disponibiliser_les_vaccins"
25,"Feminin_","Hors_pays_","celibataire_",2,"Universite_catholique_de_Bukavu_(_UCB)_","OUI","Mes_cours_a_l'_universite_\_Formation_médicale_Médias_(TV,_radio,_internet)_Famille_/_Amis",1,1,1,0,0,0,"","Une_prolifération_incontrôlée_de_cellules_anormales",0,1,0,0,0,"","Cancer_colorectal___Leucémie___Retinoblastome___cancer_du_sein__Lymphome__cancer_de_l'uterus__cancer_des_ovaires__Cancer_de_la_prostate__cancer_de_la_peau__Autre",1,1,1,1,1,0,1,1,0,1,1,0,1,"Cancer_de_l'_estomac_,_cancer_du_foie,_cancer_du_pancreas","Tabagiste__Consomation_d'alocool__Mauvaise_alimentation_(e.g.,_excès_de_viande_rouge,_faible_en_fruits/légumes)_Manque_d'exercice_physique_Infections_(e.g.,_HPV,_hépatite_B/C)_Exposition_à_des_substances_chimiques_/_Pollution_de_la_nature_Facteurs_génétiques_/_Héréditaires_Autre",1,1,1,1,1,1,1,0,0,0,0,1,"Les_parfums","Faux_","VRAI","Faux_","VRAI","VRAI","Faux_","VRAI","VRAI","Vaccination_(e.g.,_contre_HPV)_Dépistage_régulier_(e.g.,_mammographie,_frottis_cervical)_Arrêt_du_tabac_Alimentation_saine_et_exercice_physique__Évitement_des_expositions_environnementales_Examen_genetiques_pour_les_familles_a_risque",1,1,1,1,1,1,0,0,"","Filles_avant_le_début_de_la_vie_sexuelle","VRAI","si_detecte_et_pris_en_charge_au_stade_precoce_","Chirurgie__Chimiotherapie__Radiotherapie_",1,1,0,0,1,0,0,0,0,"","Soulager_la_douleur_et_les_autres_symptômes_(dyspnée,_nausées,_anxiété)","","Diagnostic_tardif__Manque_d'accès_aux_traitements__Niveau_d'education_de_la_population_bas__Facteurs_socioculturels_(e.g.,_recours_à_la_médecine_traditionnelle)____Pauvreté_/_Manque_de_moyens_financiers__",1,1,0,1,1,1,0,0,0,"","Oui","","Le_dépistage_précoce_qui_ne_débutera_qu'après_avoir_sensibilisé_la_population",4,"VRAI","Oui_,_beaucoup","Traitable","Non_","Oui","Un_parent_","","","Sensibilisation_de_la_population_afin_qu'ils_Solent_d'abord_informé"
27,"Feminin_","Sud_kivu","celibataire_",10,"Universite_Officielle_de_Bukavu_(_UOB)","OUI","Mes_cours_a_l'_universite_\_Formation_médicale",1,0,0,0,0,0,"","Une_prolifération_incontrôlée_de_cellules_anormales",0,1,0,0,0,"","_cancer_du_sein_",0,0,0,1,0,0,0,0,0,0,0,0,0,"","Facteurs_génétiques_/_Héréditaires",0,0,0,0,0,0,1,0,0,0,0,0,"","Faux_","VRAI","Vrai_","VRAI","VRAI","Faux_","Faux_","Faux_","Vaccination_(e.g.,_contre_HPV)_Dépistage_régulier_(e.g.,_mammographie,_frottis_cervical)_Arrêt_du_tabac_Examen_genetiques_pour_les_familles_a_risque",1,1,1,0,0,1,0,0,"","Filles_avant_le_début_de_la_vie_sexuelle","VRAI","si_detecte_et_pris_en_charge_au_stade_precoce_","Chirurgie__Chimiotherapie_",1,1,0,0,0,0,0,0,0,"","Soulager_la_douleur_et_les_autres_symptômes_(dyspnée,_nausées,_anxiété)","","Diagnostic_tardif__Manque_d'accès_aux_traitements__Insuffisance_de_ressources_(e.g.,_équipements,_personnel_specialise_dans_sa_prise_en_charge_)",1,1,1,0,0,0,0,0,0,"","Oui","","Vaccination_et_dépistage",1,"VRAI","Non_","Une_maladie_traitable_si_le__diagnostic_est__précoce","Non_","Non","","","","Donner_l'accès_à_tout_le_monde_au_vaccination_et_au_traitement"
27,"Masculin","Sud_kivu","celibataire_",10,"Universite_Officielle_de_Bukavu_(_UOB)","OUI","Mes_cours_a_l'_universite_\_Formation_médicale_Littérature_scientifique_/_Livres__Expérience_clinique__durant_mon__Stages",1,0,0,1,1,0,"","Une_prolifération_incontrôlée_de_cellules_anormales",0,1,0,0,0,"","Cancer_colorectal___Leucémie___Retinoblastome___cancer_du_sein__Lymphome__Meduloblastome__cancer_de_l'uterus__cancer_des_ovaires__cancer_de_poumons__Cancer_de_la_prostate__cancer_de_la_peau_",1,1,1,1,1,1,1,1,1,1,1,0,0,"","Tabagiste__Consomation_d'alocool__Infections_(e.g.,_HPV,_hépatite_B/C)_Exposition_à_des_substances_chimiques_/_Pollution_de_la_nature_Facteurs_génétiques_/_Héréditaires",1,1,0,0,1,1,1,0,0,0,0,0,"","Faux_","VRAI","Vrai_","VRAI","Faux_","Faux_","Faux_","VRAI","Vaccination_(e.g.,_contre_HPV)_Dépistage_régulier_(e.g.,_mammographie,_frottis_cervical)_Arrêt_du_tabac_Alimentation_saine_et_exercice_physique__Évitement_des_expositions_environnementales_Examen_genetiques_pour_les_familles_a_risque",1,1,1,1,1,1,0,0,"","Filles_avant_le_début_de_la_vie_sexuelle","VRAI","si_detecte_et_pris_en_charge_au_stade_precoce_","Chirurgie__Chimiotherapie__Immunotherapie__Therapie_cible__Radiotherapie__traitement_paliatif_",1,1,1,1,1,1,0,0,0,"","Être_intégrés_précocement_dans_la_prise_en_charge_des_cancers_avancés","","Diagnostic_tardif__Manque_d'accès_aux_traitements__Insuffisance_de_ressources_(e.g.,_équipements,_personnel_specialise_dans_sa_prise_en_charge_)_Niveau_d'education_de_la_population_bas__Facteurs_socioculturels_(e.g.,_recours_à_la_médecine_traditionnelle)____Pauvreté_/_Manque_de_moyens_financiers__",1,1,1,1,1,1,0,0,0,"","Non","Pauvreté_et_manque_de_moyens_financiers","Accessibilité_de_soins_pour_toutes_la_population",3,"VRAI","Oui_,_beaucoup","Traitable","Non_","Non","","","","Disponibilité_des_matériels_et_personnels_soignants._Et_donner_laccès_équitable_aux_soins_médicaux_pour_la_population"
25,"Masculin","Sud_kivu","celibataire_",2,"Universite_catholique_de_Bukavu_(_UCB)_","OUI","Mes_cours_a_l'_universite_\_Formation_médicale",1,0,0,0,0,0,"","Une_prolifération_incontrôlée_de_cellules_anormales",0,1,0,0,0,"","cancer_de_l'uterus_",0,0,0,0,0,0,1,0,0,0,0,0,0,"","Tabagiste__Infections_(e.g.,_HPV,_hépatite_B/C)_Facteurs_génétiques_/_Héréditaires",1,0,0,0,1,0,1,0,0,0,0,0,"","Faux_","VRAI","Vrai_","VRAI","Je_ne_sais_pas_","Faux_","VRAI","VRAI","Vaccination_(e.g.,_contre_HPV)_Dépistage_régulier_(e.g.,_mammographie,_frottis_cervical)_Arrêt_du_tabac_Évitement_des_expositions_environnementales",1,1,1,0,1,0,0,0,"","Filles_avant_le_début_de_la_vie_sexuelle","VRAI","si_detecte_et_pris_en_charge_au_stade_precoce_","Chirurgie__Chimiotherapie__Therapie_cible__Radiotherapie__traitement_paliatif_",1,1,0,1,1,1,0,0,0,"","Soulager_la_douleur_et_les_autres_symptômes_(dyspnée,_nausées,_anxiété)","","Diagnostic_tardif__Manque_d'accès_aux_traitements__Insuffisance_de_ressources_(e.g.,_équipements,_personnel_specialise_dans_sa_prise_en_charge_)_Niveau_d'education_de_la_population_bas_",1,1,1,1,0,0,0,0,0,"","Non","L'insuffisance_des_ressources,_le_diagnostic_très_tardif,_le_niveau_d'éducation_bas","Sensibilisation",3,"Faux_","Oui_,_beaucoup","Est_une_maladie_traitable","Non_","Non","","","","Sensibilisation,_promouvoir_l'éducation,_lutte_contre_les_fausses_informations,_aménagement_des_centres_de_dépistage_précoce"
26,"Masculin","Sud_kivu","celibataire_",9,"Universite_Libre_des_grand_LACS_","OUI","Mes_cours_a_l'_universite_\_Formation_médicale",1,0,0,0,0,0,"","Une_prolifération_incontrôlée_de_cellules_anormales",0,1,0,0,0,"","Cancer_colorectal___Leucémie___Retinoblastome___cancer_du_sein__Lymphome__Meduloblastome__cancer_de_l'uterus__cancer_des_ovaires__cancer_de_poumons__Cancer_de_la_prostate__cancer_de_la_peau_",1,1,1,1,1,1,1,1,1,1,1,0,0,"","Tabagiste__Infections_(e.g.,_HPV,_hépatite_B/C)_Exposition_à_des_substances_chimiques_/_Pollution_de_la_nature_Facteurs_génétiques_/_Héréditaires_Vieillissement_(_age_)",1,0,0,0,1,1,1,1,0,0,0,0,"","Faux_","VRAI","Vrai_","VRAI","Faux_","Faux_","Faux_","VRAI","Vaccination_(e.g.,_contre_HPV)_Dépistage_régulier_(e.g.,_mammographie,_frottis_cervical)_Arrêt_du_tabac",1,1,1,0,0,0,0,0,"","Filles_avant_le_début_de_la_vie_sexuelle","VRAI","si_detecte_et_pris_en_charge_au_stade_precoce_","Chirurgie__Chimiotherapie__Immunotherapie__Therapie_cible__Radiotherapie_",1,1,1,1,1,0,0,0,0,"","Faciliter_la_prise_en_charge_à_domicile_lorsque_possible","","Diagnostic_tardif__Manque_d'accès_aux_traitements_",1,1,0,0,0,0,0,0,0,"","Non","Pas_de_Centre_de_cancérologie","Dépistage_précoce",5,"VRAI","Oui_,_beaucoup","Traitable","Non_","Non","","","","Vaux_mieux_prévenir_que_guérir_en_faisant_les_dépistage_précoce_et_régulier"
26,"Feminin_","Sud_kivu","celibataire_",10,"Universite_Officielle_de_Bukavu_(_UOB)","OUI","Mes_cours_a_l'_universite_\_Formation_médicale",1,0,0,0,0,0,"","Une_prolifération_incontrôlée_de_cellules_anormales",0,1,0,0,0,"","_cancer_du_sein_",0,0,0,1,0,0,0,0,0,0,0,0,0,"","Facteurs_génétiques_/_Héréditaires",0,0,0,0,0,0,1,0,0,0,0,0,"","Faux_","VRAI","Vrai_","VRAI","VRAI","Faux_","Faux_","VRAI","Dépistage_régulier_(e.g.,_mammographie,_frottis_cervical)",0,1,0,0,0,0,0,0,"","Filles_avant_le_début_de_la_vie_sexuelle","Faux_","","Chirurgie__Chimiotherapie__Immunotherapie__Radiotherapie_",1,1,1,0,1,0,0,0,0,"","Améliorer_la_qualité_de_vie_du_patient_et_de_sa_famille","","Niveau_d'education_de_la_population_bas_",0,0,0,1,0,0,0,0,0,"","Oui","","Information_et_Éducation_de_la_population_pour_le_dépistage_précoce",1,"VRAI","Oui_,_beaucoup","Traitable","Non_","Non","","","","Dépistage_précoce"
23,"Feminin_","Nord_kivu","celibataire_",2,"Universite_catholique_de_Bukavu_(_UCB)_","OUI","Mes_cours_a_l'_universite_\_Formation_médicale",1,0,0,0,0,0,"","Une_prolifération_incontrôlée_de_cellules_anormales",0,1,0,0,0,"","Cancer_colorectal___Leucémie___Retinoblastome___cancer_du_sein__Lymphome__cancer_de_l'uterus__cancer_des_ovaires__cancer_de_poumons__Cancer_de_la_prostate__cancer_de_la_peau_",1,1,1,1,1,0,1,1,1,1,1,0,0,"","Tabagiste__Mauvaise_alimentation_(e.g.,_excès_de_viande_rouge,_faible_en_fruits/légumes)_Infections_(e.g.,_HPV,_hépatite_B/C)_Exposition_à_des_substances_chimiques_/_Pollution_de_la_nature_Facteurs_génétiques_/_Héréditaires",1,0,1,0,1,1,1,0,0,0,0,0,"","Faux_","VRAI","Je_ne_sais_pas_","VRAI","VRAI","Faux_","VRAI","VRAI","Vaccination_(e.g.,_contre_HPV)_Dépistage_régulier_(e.g.,_mammographie,_frottis_cervical)",1,1,0,0,0,0,0,0,"","Filles_avant_le_début_de_la_vie_sexuelle","Faux_","","Chirurgie__Chimiotherapie__Immunotherapie__Radiotherapie__traitement_paliatif_",1,1,1,0,1,1,0,0,0,"","Améliorer_la_qualité_de_vie_du_patient_et_de_sa_famille","","Insuffisance_de_ressources_(e.g.,_équipements,_personnel_specialise_dans_sa_prise_en_charge_)",0,0,1,0,0,0,0,0,0,"","Oui","","Disponibilité_des_personnes_soignants_expérimentés",1,"VRAI","Je_ne_sais_pas_","Punition","Non_","Oui","Grand_parents_","","","Parler_de_cancer_dans_la_cité"
25,"Feminin_","Sud_kivu","Marié",2,"Universite_catholique_de_Bukavu_(_UCB)_","OUI","Expérience_clinique__durant_mon__Stages",0,0,0,0,1,0,"","Une_prolifération_incontrôlée_de_cellules_anormales",0,1,0,0,0,"","_cancer_du_sein_",0,0,0,1,0,0,0,0,0,0,0,0,0,"","Exposition_à_des_substances_chimiques_/_Pollution_de_la_nature",0,0,0,0,0,1,0,0,0,0,0,0,"","Faux_","VRAI","Vrai_","VRAI","Faux_","Faux_","VRAI","VRAI","Dépistage_régulier_(e.g.,_mammographie,_frottis_cervical)",0,1,0,0,0,0,0,0,"","Filles_avant_le_début_de_la_vie_sexuelle","VRAI","si_detecte_et_pris_en_charge_au_stade_precoce_","Chirurgie__Chimiotherapie__Radiotherapie_",1,1,0,0,1,0,0,0,0,"","Soulager_la_douleur_et_les_autres_symptômes_(dyspnée,_nausées,_anxiété)","","Diagnostic_tardif__Manque_d'accès_aux_traitements__Insuffisance_de_ressources_(e.g.,_équipements,_personnel_specialise_dans_sa_prise_en_charge_)_Pauvreté_/_Manque_de_moyens_financiers__",1,1,1,0,0,1,0,0,0,"","Oui","","Dépistage_précoce",1,"VRAI","Oui_,_moderement_","Traitable","Non_","Non","","","","Dépistage_précoce"
24,"Masculin","Sud_kivu","celibataire_",11,"Universite_Evangelique_en_Afrique_","OUI","Mes_cours_a_l'_universite_\_Formation_médicale",1,0,0,0,0,0,"","Une_prolifération_incontrôlée_de_cellules_anormales",0,1,0,0,0,"","_cancer_du_sein_",0,0,0,1,0,0,0,0,0,0,0,0,0,"","Tabagiste_",1,0,0,0,0,0,0,0,0,0,0,0,"","Faux_","VRAI","Vrai_","Faux_","VRAI","Faux_","Faux_","VRAI","Vaccination_(e.g.,_contre_HPV)",1,0,0,0,0,0,0,0,"","Femmes_de_plus_de_50_ans_","Faux_","","Chirurgie__Chimiotherapie_",1,1,0,0,0,0,0,0,0,"","Améliorer_la_qualité_de_vie_du_patient_et_de_sa_famille","","Diagnostic_tardif_",1,0,0,0,0,0,0,0,0,"","Oui","","Dépistage_précoce",1,"VRAI","Oui_,_beaucoup","Maudite","Oui","Oui","Un_frere_/soeur_","Traitement_médical_conventionnel_(e.g.,_hôpital)_","Guérison__","Dépistage_précoce"
25,"Feminin_","Nord_kivu","Marié",9,"Universite_Libre_des_grand_LACS_","OUI","Mes_cours_a_l'_universite_\_Formation_médicale",1,0,0,0,0,0,"","Une_prolifération_incontrôlée_de_cellules_anormales",0,1,0,0,0,"","Cancer_colorectal___Leucémie___Retinoblastome___cancer_du_sein__Lymphome__Meduloblastome__cancer_de_l'uterus__cancer_des_ovaires__cancer_de_poumons__Cancer_de_la_prostate__cancer_de_la_peau_",1,1,1,1,1,1,1,1,1,1,1,0,0,"","Tabagiste__Consomation_d'alocool__Mauvaise_alimentation_(e.g.,_excès_de_viande_rouge,_faible_en_fruits/légumes)_Infections_(e.g.,_HPV,_hépatite_B/C)_Exposition_à_des_substances_chimiques_/_Pollution_de_la_nature_Facteurs_génétiques_/_Héréditaires_Vieillissement_(_age_)",1,1,1,0,1,1,1,1,0,0,0,0,"","Faux_","VRAI","Vrai_","VRAI","Faux_","Faux_","Je_ne_sais_pas_","VRAI","Vaccination_(e.g.,_contre_HPV)_Dépistage_régulier_(e.g.,_mammographie,_frottis_cervical)_Arrêt_du_tabac_Alimentation_saine_et_exercice_physique__Évitement_des_expositions_environnementales_Examen_genetiques_pour_les_familles_a_risque",1,1,1,1,1,1,0,0,"","Filles_avant_le_début_de_la_vie_sexuelle","VRAI","si_detecte_et_pris_en_charge_au_stade_precoce_","Chirurgie__Chimiotherapie__Immunotherapie__Therapie_cible__Radiotherapie__traitement_paliatif_",1,1,1,1,1,1,0,0,0,"","Soutenir_laccompagnement_psychologique_et_spirituel","","Diagnostic_tardif__Manque_d'accès_aux_traitements__Insuffisance_de_ressources_(e.g.,_équipements,_personnel_specialise_dans_sa_prise_en_charge_)_Niveau_d'education_de_la_population_bas__Facteurs_socioculturels_(e.g.,_recours_à_la_médecine_traditionnelle)____Pauvreté_/_Manque_de_moyens_financiers__",1,1,1,1,1,1,0,0,0,"","Je_ne_sais_pas","","Dépistage_précoce",5,"VRAI","Oui_,_beaucoup","Traitable","Non_","Non","","","","Bien_éduquer_la_population"
27,"Feminin_","Nord_kivu","celibataire_",11,"Universite_GOMA_","OUI","Mes_cours_a_l'_universite_\_Formation_médicale_Médias_(TV,_radio,_internet)_Famille_/_Amis_Littérature_scientifique_/_Livres__Expérience_clinique__durant_mon__Stages",1,1,1,1,1,0,"","Une_prolifération_incontrôlée_de_cellules_anormales",0,1,0,0,0,"","Cancer_colorectal___Leucémie___Retinoblastome___cancer_du_sein__Lymphome__Meduloblastome__cancer_de_l'uterus__cancer_des_ovaires__cancer_de_poumons__Cancer_de_la_prostate__cancer_de_la_peau_",1,1,1,1,1,1,1,1,1,1,1,0,0,"","Tabagiste__Mauvaise_alimentation_(e.g.,_excès_de_viande_rouge,_faible_en_fruits/légumes)_Infections_(e.g.,_HPV,_hépatite_B/C)_Facteurs_génétiques_/_Héréditaires_Vieillissement_(_age_)",1,0,1,0,1,0,1,1,0,0,0,0,"","Faux_","VRAI","Vrai_","VRAI","Je_ne_sais_pas_","Faux_","Je_ne_sais_pas_","VRAI","Vaccination_(e.g.,_contre_HPV)_Dépistage_régulier_(e.g.,_mammographie,_frottis_cervical)_Arrêt_du_tabac_Évitement_des_expositions_environnementales",1,1,1,0,1,0,0,0,"","Filles_avant_le_début_de_la_vie_sexuelle","VRAI","si_detecte_et_pris_en_charge_au_stade_precoce_","Chirurgie__Chimiotherapie__Immunotherapie__Radiotherapie_",1,1,1,0,1,0,0,0,0,"","Soulager_la_douleur_et_les_autres_symptômes_(dyspnée,_nausées,_anxiété)","","Diagnostic_tardif_",1,0,0,0,0,0,0,0,0,"","Non","Le_diagnostic_tardif","Le_diagnostic_précoce_et_le_vaccination",1,"VRAI","Oui_,_beaucoup","Traitable","Non_","Non","","","","Faciliter_l'accès_au_dépistage"
27,"Feminin_","Nord_kivu","celibataire_",11,"Universite_GOMA_","OUI","Mes_cours_a_l'_universite_\_Formation_médicale_Médias_(TV,_radio,_internet)_Littérature_scientifique_/_Livres__Expérience_clinique__durant_mon__Stages",1,1,0,1,1,0,"","Une_prolifération_incontrôlée_de_cellules_anormales",0,1,0,0,0,"","_Leucémie___Retinoblastome___cancer_du_sein__Lymphome__cancer_de_l'uterus__cancer_des_ovaires__cancer_de_poumons__Cancer_de_la_prostate_",0,1,1,1,1,0,1,1,1,1,0,0,0,"","Tabagiste__Consomation_d'alocool__Exposition_à_des_substances_chimiques_/_Pollution_de_la_nature_Facteurs_génétiques_/_Héréditaires_Vieillissement_(_age_)",1,1,0,0,0,1,1,1,0,0,0,0,"","Faux_","VRAI","Vrai_","VRAI","Je_ne_sais_pas_","Faux_","VRAI","VRAI","Vaccination_(e.g.,_contre_HPV)_Dépistage_régulier_(e.g.,_mammographie,_frottis_cervical)_Arrêt_du_tabac_Alimentation_saine_et_exercice_physique__Évitement_des_expositions_environnementales_Examen_genetiques_pour_les_familles_a_risque",1,1,1,1,1,1,0,0,"","Filles_avant_le_début_de_la_vie_sexuelle","Je_ne_sais_pas_","","Chirurgie__Chimiotherapie__Immunotherapie__Therapie_cible__Radiotherapie_",1,1,1,1,1,0,0,0,0,"","Soulager_la_douleur_et_les_autres_symptômes_(dyspnée,_nausées,_anxiété)","","Diagnostic_tardif__Manque_d'accès_aux_traitements__Insuffisance_de_ressources_(e.g.,_équipements,_personnel_specialise_dans_sa_prise_en_charge_)_Niveau_d'education_de_la_population_bas_",1,1,1,1,0,0,0,0,0,"","Non","Moyens_limités,_personnels_soignants_rare_et_manque_d'éducation_populaire","Education_de_la_population,_disponibilité_des_matériels_et_des_personnels_soignants_formés",5,"VRAI","Oui_,_beaucoup","Non_maladie_comme_tant_d'autres","Non_","Non","","","","Education_de_la_population,_disponibilité_des_matériels_et_un_centre_d'oncologie"
25,"Feminin_","Autre_province_","celibataire_",11,"Universite_GOMA_","OUI","Mes_cours_a_l'_universite_\_Formation_médicale",1,0,0,0,0,0,"","Une_prolifération_incontrôlée_de_cellules_anormales",0,1,0,0,0,"","Cancer_colorectal___Leucémie___Retinoblastome___cancer_du_sein__Lymphome__Meduloblastome__cancer_de_l'uterus__cancer_des_ovaires__cancer_de_poumons__Cancer_de_la_prostate__cancer_de_la_peau_",1,1,1,1,1,1,1,1,1,1,1,0,0,"","Tabagiste__Facteurs_génétiques_/_Héréditaires",1,0,0,0,0,0,1,0,0,0,0,0,"","Faux_","VRAI","Faux_","VRAI","Je_ne_sais_pas_","Faux_","VRAI","VRAI","Vaccination_(e.g.,_contre_HPV)_Dépistage_régulier_(e.g.,_mammographie,_frottis_cervical)_Arrêt_du_tabac_Évitement_des_expositions_environnementales",1,1,1,0,1,0,0,0,"","Filles_avant_le_début_de_la_vie_sexuelle","VRAI","si_detecte_et_pris_en_charge_au_stade_precoce_","Chirurgie__Chimiotherapie_",1,1,0,0,0,0,0,0,0,"","Soutenir_laccompagnement_psychologique_et_spirituel","","Diagnostic_tardif__Manque_d'accès_aux_traitements__Insuffisance_de_ressources_(e.g.,_équipements,_personnel_specialise_dans_sa_prise_en_charge_)_Niveau_d'education_de_la_population_bas__Facteurs_socioculturels_(e.g.,_recours_à_la_médecine_traditionnelle)___",1,1,1,1,1,0,0,0,0,"","Je_ne_sais_pas","","Linformation_de_la_population_pour_le_dépistage_précoce",2,"VRAI","Oui_,_beaucoup","Cest_un_maladie_traitable","Non_","Non","","","","La_conscientisation_de_la_population_que_le_cancer_existe_et_ce_nest_pas_un_sorcellerie_qu_on_doit_traiter_traditionnellement"
25,"Feminin_","Autre_province_","celibataire_",11,"Universite_GOMA_","OUI","Mes_cours_a_l'_universite_\_Formation_médicale",1,0,0,0,0,0,"","Une_prolifération_incontrôlée_de_cellules_anormales",0,1,0,0,0,"","Cancer_colorectal___Leucémie___Retinoblastome___cancer_du_sein__Lymphome__cancer_des_ovaires__cancer_de_poumons__Cancer_de_la_prostate__cancer_de_la_peau_",1,1,1,1,1,0,0,1,1,1,1,0,0,"","Tabagiste__Infections_(e.g.,_HPV,_hépatite_B/C)_Facteurs_génétiques_/_Héréditaires",1,0,0,0,1,0,1,0,0,0,0,0,"","Faux_","VRAI","Faux_","VRAI","Je_ne_sais_pas_","Faux_","VRAI","Faux_","Vaccination_(e.g.,_contre_HPV)_Dépistage_régulier_(e.g.,_mammographie,_frottis_cervical)_Arrêt_du_tabac",1,1,1,0,0,0,0,0,"","Filles_avant_le_début_de_la_vie_sexuelle","VRAI","si_detecte_et_pris_en_charge_au_stade_precoce_","Chirurgie__Chimiotherapie_",1,1,0,0,0,0,0,0,0,"","Soulager_la_douleur_et_les_autres_symptômes_(dyspnée,_nausées,_anxiété)","","Diagnostic_tardif__Manque_d'accès_aux_traitements__Insuffisance_de_ressources_(e.g.,_équipements,_personnel_specialise_dans_sa_prise_en_charge_)_Pauvreté_/_Manque_de_moyens_financiers__",1,1,1,0,0,1,0,0,0,"","Non","Pauvreté,_manque_des_centres_spécialisés_et_des_oncologues","Informations,_éducation_sur_les_facteurs_de_risques,",5,"Faux_","Oui_,_moderement_","Une_maladie_traitable","Non_","Non","","","","Vaccination,_dépistage"
