Age;Sexe ;Province;statut_matrimonial ;Duree_stage;University;Avoir_deja_entendu_cancer;source_information_cancer ;source_information_cancer_Formation_medicale;source_information_cancer_Medias;source_information_cancer_Famille_Amis;source_information_cancer_Litterature_scientifique_Livres ;source_information_cancer_Experience_clinique _durant_mon _Stages;source_information_cancer_Autre;Si-Autre_precision;Caracteristic_cancer;Caracteristic_cancer_Une_infection_aigue;Caracteristic_cancer_Une proliferation_incontrolee_de cellules_anormales;Caracteristic_cancer_Une_inflammation passagere;Caracteristic_cancer_Une reaction_allergique;Caracteristic_cancer_Autre;Si_autre_precision;Type_de_cancer_connu ;Type_de_cancer_connu_Cancer_colorectal ;Type_de_cancer_connu_Leucémie ;Type_de_cancer_connu_Retinoblastome ;Type_de_cancer_connu_cancer_du_sein ;Type_de_cancer_connu_Lymphome ;Type_de_cancer_connuMeduloblastome ;Type_de_cancer_connu_cancer_uterus ;Type_de_cancer_connu_cancer_des_ovaires ;Type_de_cancer_connu_cancer_de_poumons ;Type_de_cancer_conn_Cancer_prostate ;Type_de_cancer_connu_cancer_peau ;Type_de_cancer_connu_Aucun;Type_de_cancer_connu_Autre;Type_de_cancer_connu_Si_autre_precision;principaux_facteurs_de_risque ;principaux_facteurs_de_risque_Tabagiste ;principaux_facteurs_de_risque_Consomation_d_alocool ;principaux_facteurs_de_risque_Mauvaise_alimentation;principaux_facteurs_de_risque_Manque_d_exercice_physique;principaux_facteurs_de_risque_Infections;principaux_facteurs_de_risque_Exposition_substances chimiques;principaux_facteurs_de_risque_genetique_hereditaire;principaux_facteurs_de_risque_Vieillissement;principaux_facteurs_de_risque_Mythes culturels_sorcellerie;principaux_facteurs_de_risque_Aucun;principaux_facteurs_de_risque_je_ne_sais_pas ;principaux_facteurs_de_risque_Autre;principaux_facteurs_de_risque_Si_autre_precision;Le_cancer_touche_uniquement_les_personnes_agees;La _detection_precoce ameliore_les_resultats_du_traitement;Le_tabagisme_est_la_cause_la_plus_frequente du_cancer;Certaines_vaccination_peuvent_prevenir_certains_cancers;utilisation_d_Ecrans_solaires_reduit le_cancer_de_la_peau;Le_cancer_est_toujours_hereditaire;Le_cancer_du_sein_peut toucher_les hommes;Hpylori_peut_conduire_au_cancer_gastrique;les_moyens_de_prevention_ou_de_depistage_du_cancer;les_moyens_de_prevention_ou_de_depistage_du_cancer_Vaccination;les_moyens_de_prevention_ou_de_depistage_du_cancer_Depistage_regulier;les_moyens_de_prevention_ou_de_depistage_du_cancer_Arret_du_tabac;les_moyens_de_prevention_ou_de_depistage_du_cancer_Alimentation_saine_et_exercice_physique ;les_moyens_de_prevention_ou_de_depistage_du_cancer_Evitement_des expositions_environnementales;les_moyens_de_prevention_ou_de_depistage_du_cancer_Examen_genetiques_pour_les_familles_a_risque;les_moyens_de_prevention_ou_de_depistage_du_cancer_Aucun ;les_moyens_de_prevention_ou_de_depistage_du_cancer_Autre;les_moyens_de_prevention_ou_de_depistage_du_cancer_Si autre_precision;La_vaccination_contre_le_HPV_est_prioritairement_recommandee_chez; Pense_que le_cancer_peut_etre gueri ;si_vrai_Quand;modalites_therapeutiques ;modalites_therapeutiques_Chirurgie ;modalites_therapeutiques_Chimiotherapie ;modalites_therapeutiques_Immunotherapie ;modalites_therapeutiques_Therapie_cible ;modalites_therapeutiques_Radiotherapie ;modalites_therapeutiques_traitement_paliatif ;modalites_therapeutiques_Traitement_traditionnel;modalites_therapeutiques_je_ne_sais_pas ;modalites_therapeutiques_Autre;modalites_therapeutique_Si_autre_precision;role_principal_des_soins_palliatifs;Si_autre_precision;principales_causes_de_la_mortalite_elevee_due_au_cancer_en_RDC  ;principales_causes_Diagnostic_tardif ;principales_causes_Manque_d_acces_aux_traitements ;principales_causes_Insuffisance_de_ressources;principales_causes_Niveau_d_education_de_la_population_bas ;principales_causes_Facteurs_socioculturels;principales_causes_Pauvrete_Manque de_moyens_financiers  ;principales_causes_Je_ne sais_pas;principales_causes_Aucun;principales_causes_Autre;principales_causes_Si_autre_precision;Pensez_vous_que_la_prevention_le_diagnostic_et_la_prise_en_charge_du_cancer_sont_adequates_en_RDC;Si_Non_Quels_sont_les_raison;Mesure_de_prevation_prioritaire_proposee_pour_lutter_cont_le_cancer_en_RDC;Niveau_de_priorite_accordee_a_la_lutte_contre_le_cancer_en_RDC;Pensez_vous_que_le_cancer_est_un_probleme_majeur_de_sante_publique_dans_la_sous_region_du_Kivu;Influence_des_mythes_et_traditions_sur_sur_la_gestion_du_cancer;votre_perception_generale_du_cancer;antecedent_personnel_de_cancer;antecedent_familial_de_cancer;Relation_avec_la_personne_atteinte;mode_de_traitement_observe_ou_vecu ;Evolution_observee;Poposition_pour_ameliorer_la_lutte_contre_le_cancer_dans_la_sous_region_du_Kivu
27;Feminin ;Maniema ;celibataire ;1;Universite de kindu ;OUI;Mes cours a l' universite \ Formation médicale Littérature scientifique / Livres ;1;0;0;1;0;0;Famille;Une infection aiguë Une prolifération incontrôlée de cellules anormales;1;1;0;0;0;Pollution environnementale;Cancer colorectal   Leucémie   Retinoblastome   cancer du sein  Lymphome  Meduloblastome  cancer de l'uterus  cancer des ovaires  cancer de poumons  Cancer de la prostate  cancer de la peau ;1;1;1;1;1;1;1;1;1;1;1;0;0;Cancer du col utérin;Tabagiste  Consomation d'alocool  Mauvaise alimentation (e.g., excès de viande rouge, faible en fruits/légumes) Infections (e.g., HPV, hépatite B/C) Exposition à des substances chimiques / Pollution de la nature Mythes culturels ( sorcellerie);1;1;1;0;1;1;0;0;1;0;0;0;Héréditaire;Faux ;VRAI;Vrai ;VRAI;VRAI;Faux ;VRAI;VRAI;Vaccination (e.g., contre HPV) Dépistage régulier (e.g., mammographie, frottis cervical) Arrêt du tabac Alimentation saine et exercice physique  Évitement des expositions environnementales;1;1;1;1;1;0;0;0;Soins appropriés;Filles avant le début de la vie sexuelle;VRAI;;Chirurgie  Chimiotherapie  Immunotherapie  Therapie cible  Radiotherapie  traitement paliatif ;1;1;1;1;1;1;0;0;0;Traitement précoce;Soulager la douleur et les autres symptômes (dyspnée, nausées, anxiété);Améliorez la qualité de vie du patient;Diagnostic tardif  Manque d'accès aux traitements  Insuffisance de ressources (e.g., équipements, personnel specialise dans sa prise en charge ) Niveau d'education de la population bas  Facteurs socioculturels (e.g., recours à la médecine traditionnelle)   ;1;1;1;1;1;0;0;0;0;Diagnostic tardif;Non;;Détecter la prise en charge du cancer précocement;5;VRAI;Oui , beaucoup;Traitable;Non ;Non;;;;Détecter le cancer précocement, avoir les agents personnel du soin de Cancer
27;Masculin;Maniema ;celibataire ;9;Universite de kindu ;OUI;Mes cours a l' universite \ Formation médicale;1;0;0;0;0;0;;Une prolifération incontrôlée de cellules anormales;0;1;0;0;0;; cancer du sein ;0;0;0;1;0;0;0;0;0;0;0;0;0;;Facteurs génétiques / Héréditaires;0;0;0;0;0;0;1;0;0;0;0;0;;Faux ;VRAI;Faux ;VRAI;VRAI;Faux ;Faux ;VRAI;Dépistage régulier (e.g., mammographie, frottis cervical);0;1;0;0;0;0;0;0;;Filles avant le début de la vie sexuelle;VRAI;si detecte et pris en charge au stade precoce ;Chirurgie  Chimiotherapie  Radiotherapie  traitement paliatif ;1;1;0;0;1;1;0;0;0;;Soulager la douleur et les autres symptômes (dyspnée, nausées, anxiété);;Diagnostic tardif  Manque d'accès aux traitements  Insuffisance de ressources (e.g., équipements, personnel specialise dans sa prise en charge ) Niveau d'education de la population bas  Facteurs socioculturels (e.g., recours à la médecine traditionnelle)    Pauvreté / Manque de moyens financiers  ;1;1;1;1;1;1;0;0;0;;Oui;;Dépistage précoce et une prise en charge au Stade précoce de la maladie;5;VRAI;Oui , beaucoup;Le cancer est une maladie traitable qui nécessite une prise en charge précoce et adéquate;Oui;Non;;;;Sensibiliser la femme pour la faire savoir le cancer du sein,sa clinique, l'apprendre comment on peut diagnostiquer le cancer du sein et promouvoir une prise en charge précoce
28;Masculin;Maniema ;celibataire ;11;Universite de kindu ;OUI;Mes cours a l' universite \ Formation médicale;1;0;0;0;0;0;;Une prolifération incontrôlée de cellules anormales;0;1;0;0;0;;Cancer colorectal   cancer du sein  cancer de l'uterus  cancer des ovaires  cancer de poumons  Cancer de la prostate  cancer de la peau ;1;0;0;1;0;0;1;1;1;1;1;0;0;;Tabagiste  Infections (e.g., HPV, hépatite B/C) Facteurs génétiques / Héréditaires;1;0;0;0;1;0;1;0;0;0;0;0;;VRAI;VRAI;Vrai ;VRAI;VRAI;Faux ;Faux ;Faux ;Vaccination (e.g., contre HPV) Dépistage régulier (e.g., mammographie, frottis cervical) Arrêt du tabac Alimentation saine et exercice physique  Examen genetiques pour les familles a risque;1;1;1;1;0;1;0;0;;Femmes de plus de 50 ans ;Faux ;;Chirurgie  Chimiotherapie ;1;1;0;0;0;0;0;0;0;;Soulager la douleur et les autres symptômes (dyspnée, nausées, anxiété);;Diagnostic tardif  Manque d'accès aux traitements  Insuffisance de ressources (e.g., équipements, personnel specialise dans sa prise en charge ) Niveau d'education de la population bas ;1;1;1;1;0;0;0;0;0;;Oui;;Le dépistage précoce;5;VRAI;Oui , beaucoup;Est une maladie traitable;Non ;Non;;;;Le dépistage précoce
25;Masculin;Maniema ;celibataire ;11;Universite de kindu ;OUI;Mes cours a l' universite \ Formation médicale;1;0;0;0;0;0;;Une prolifération incontrôlée de cellules anormales;0;1;0;0;0;; cancer du sein ;0;0;0;1;0;0;0;0;0;0;0;0;0;;Facteurs génétiques / Héréditaires;0;0;0;0;0;0;1;0;0;0;0;0;;Faux ;VRAI;Vrai ;VRAI;Faux ;Faux ;Faux ;VRAI;Dépistage régulier (e.g., mammographie, frottis cervical);0;1;0;0;0;0;0;0;;Filles avant le début de la vie sexuelle;VRAI;si detecte et pris en charge au stade precoce ;Chirurgie  Chimiotherapie  Radiotherapie ;1;1;0;0;1;0;0;0;0;;Soutenir l’accompagnement psychologique et spirituel;;Diagnostic tardif ;1;0;0;0;0;0;0;0;0;;Oui;;Le dépistage régulier et l’éviction de facteurs predisposants;1;VRAI;Oui , moderement ;Il est mortel;Oui;Oui;un oncle /Tente ;Traitement médical conventionnel (e.g., hôpital) ;Guérison  ;Dépistage régulier
26;Masculin;Nord kivu;celibataire ;11;Universite catholique de Graben ;OUI;Mes cours a l' universite \ Formation médicale Médias (TV, radio, internet);1;1;0;0;0;0;;Une prolifération incontrôlée de cellules anormales;0;1;0;0;0;;Cancer colorectal   Leucémie   Retinoblastome   cancer du sein  Lymphome  cancer de l'uterus  cancer des ovaires  cancer de poumons  Cancer de la prostate  cancer de la peau ;1;1;1;1;1;0;1;1;1;1;1;0;0;;Tabagiste  Consomation d'alocool  Infections (e.g., HPV, hépatite B/C) Exposition à des substances chimiques / Pollution de la nature Facteurs génétiques / Héréditaires;1;1;0;0;1;1;1;0;0;0;0;0;;Faux ;VRAI;Vrai ;VRAI;Je ne sais pas ;Faux ;Je ne sais pas ;VRAI;Vaccination (e.g., contre HPV) Dépistage régulier (e.g., mammographie, frottis cervical) Arrêt du tabac Évitement des expositions environnementales Examen genetiques pour les familles a risque;1;1;1;0;1;1;0;0;;Filles avant le début de la vie sexuelle;VRAI;si detecte et pris en charge au stade precoce ;Chirurgie  Chimiotherapie ;1;1;0;0;0;0;0;0;0;;Soulager la douleur et les autres symptômes (dyspnée, nausées, anxiété);;Diagnostic tardif  Manque d'accès aux traitements  Insuffisance de ressources (e.g., équipements, personnel specialise dans sa prise en charge ) Niveau d'education de la population bas  Facteurs socioculturels (e.g., recours à la médecine traditionnelle)    Pauvreté / Manque de moyens financiers  ;1;1;1;1;1;1;0;0;0;;Oui;;Dépistage régulier;5;VRAI;Oui , beaucoup;Traitable;Non ;Non;;;;Dépistage régulier
30;Masculin;Nord kivu;celibataire ;18;Universite catholique de Graben ;OUI;Mes cours a l' universite \ Formation médicale;1;0;0;0;0;0;;Une prolifération incontrôlée de cellules anormales;0;1;0;0;0;; Leucémie    cancer du sein  Cancer de la prostate ;0;1;0;1;0;0;0;0;0;1;0;0;0;;Tabagiste ;1;0;0;0;0;0;0;0;0;0;0;0;;Faux ;VRAI;Vrai ;VRAI;Je ne sais pas ;Faux ;Je ne sais pas ;Je ne sais pas ;Vaccination (e.g., contre HPV) Dépistage régulier (e.g., mammographie, frottis cervical) Arrêt du tabac;1;1;1;0;0;0;0;0;;Filles avant le début de la vie sexuelle;VRAI;si detecte et pris en charge au stade precoce ;Chirurgie  Chimiotherapie  Immunotherapie ;1;1;1;0;0;0;0;0;0;;Soulager la douleur et les autres symptômes (dyspnée, nausées, anxiété);;Diagnostic tardif  Manque d'accès aux traitements  Insuffisance de ressources (e.g., équipements, personnel specialise dans sa prise en charge ) Pauvreté / Manque de moyens financiers  ;1;1;1;0;0;1;0;0;0;;Non;Difficulté d'accès au soins, la non disponibilité des soins à certains endroits;Dévelloper la culture de Chek up annuel mais surtout faire une couverture santé universelle qui rapprochera les services de santé de la population;4;VRAI;Oui , beaucoup;C'est une maladie traitable;Non ;Non;;;;Multiplier la sensibilisation pour le dépistage de cancer
28;Masculin;Nord kivu;celibataire ;17;Universite catholique de Graben ;OUI;Expérience clinique  durant mon  Stages;0;0;0;0;1;0;;Une prolifération incontrôlée de cellules anormales;0;1;0;0;0;;Cancer colorectal   Leucémie   Retinoblastome   cancer du sein  Lymphome  cancer de l'uterus  cancer des ovaires  cancer de poumons  Cancer de la prostate  cancer de la peau ;1;1;1;1;1;0;1;1;1;1;1;0;0;;Tabagiste  Consomation d'alocool  Exposition à des substances chimiques / Pollution de la nature Facteurs génétiques / Héréditaires;1;1;0;0;0;1;1;0;0;0;0;0;;Faux ;VRAI;Vrai ;VRAI;Je ne sais pas ;Faux ;VRAI;VRAI;Vaccination (e.g., contre HPV) Dépistage régulier (e.g., mammographie, frottis cervical) Évitement des expositions environnementales Examen genetiques pour les familles a risque;1;1;0;0;1;1;0;0;;Filles avant le début de la vie sexuelle;VRAI;si detecte et pris en charge au stade precoce ;Chirurgie  Chimiotherapie  Therapie cible  Radiotherapie ;1;1;0;1;1;0;0;0;0;;Soulager la douleur et les autres symptômes (dyspnée, nausées, anxiété);;Diagnostic tardif  Manque d'accès aux traitements  Niveau d'education de la population bas  Facteurs socioculturels (e.g., recours à la médecine traditionnelle)    Pauvreté / Manque de moyens financiers  ;1;1;0;1;1;1;0;0;0;;Oui;;Éducation de la population sur l'existence du cancer, arrêt de tabac, pour les filles de se faire dépister pour maximiser la chance d'être vacciné.;5;VRAI;Oui , beaucoup;Maladie traitable au stade précoce, mais au stade de métastase cela est parfois difficile.;Non ;Non;;;;1. Sensibilisation et la formation de personnel soignant sur la prise en charge. 2. Intensifier le dépistage pour détecter le stade précoce de la maladie. 3. Rendre disponible des personnes ayant la maîtrise du domaine.
26;Masculin;Nord kivu;celibataire ;14;Universite catholique de Graben ;OUI;Mes cours a l' universite \ Formation médicale;1;0;0;0;0;0;;Une prolifération incontrôlée de cellules anormales;0;1;0;0;0;;Cancer colorectal   Leucémie   Retinoblastome   cancer du sein  Lymphome  cancer de l'uterus  cancer des ovaires  cancer de poumons  Cancer de la prostate  cancer de la peau ;1;1;1;1;1;0;1;1;1;1;1;0;0;;Tabagiste  Consomation d'alocool  Mauvaise alimentation (e.g., excès de viande rouge, faible en fruits/légumes) Infections (e.g., HPV, hépatite B/C) Exposition à des substances chimiques / Pollution de la nature Facteurs génétiques / Héréditaires;1;1;1;0;1;1;1;0;0;0;0;0;;Faux ;VRAI;Vrai ;VRAI;Je ne sais pas ;Faux ;VRAI;Je ne sais pas ;Vaccination (e.g., contre HPV) Dépistage régulier (e.g., mammographie, frottis cervical) Arrêt du tabac Alimentation saine et exercice physique  Évitement des expositions environnementales Examen genetiques pour les familles a risque;1;1;1;1;1;1;0;0;;Filles avant le début de la vie sexuelle;VRAI;si detecte et pris en charge au stade precoce ;Chimiotherapie ;0;1;0;0;0;0;0;0;0;;Soulager la douleur et les autres symptômes (dyspnée, nausées, anxiété);;Diagnostic tardif  Facteurs socioculturels (e.g., recours à la médecine traditionnelle)   ;1;0;0;0;1;0;0;0;0;;Non;diagnostic tardif, ressource financière faible pour l'accès à la chimiothérapie,thérapies;Arrêt du tabac, alimentation aux produits naturels,;4;VRAI;Oui , moderement ;Traitable, si découvert tôt;Non ;Non;;;;Sensibilisation communautaire dans l'arrêt du tabac et alcool,  consommation des aliments naturels, consultations régulières même si on n'est pas malade, ...
28;Masculin;Nord kivu;celibataire ;10;Universite catholique de Graben ;OUI;Mes cours a l' universite \ Formation médicale Littérature scientifique / Livres  Expérience clinique  durant mon  Stages;1;0;0;1;1;0;;Une prolifération incontrôlée de cellules anormales;0;1;0;0;0;;Cancer colorectal   Leucémie    cancer du sein  cancer de l'uterus  cancer de poumons  Cancer de la prostate ;1;1;0;1;0;0;1;0;1;1;0;0;0;;Tabagiste  Exposition à des substances chimiques / Pollution de la nature Facteurs génétiques / Héréditaires Vieillissement ( age );1;0;0;0;0;1;1;1;0;0;0;0;;Faux ;VRAI;Vrai ;VRAI;VRAI;Faux ;Faux ;VRAI;Vaccination (e.g., contre HPV) Dépistage régulier (e.g., mammographie, frottis cervical) Arrêt du tabac Alimentation saine et exercice physique  Évitement des expositions environnementales Examen genetiques pour les familles a risque;1;1;1;1;1;1;0;0;;Filles avant le début de la vie sexuelle;VRAI;si detecte et pris en charge au stade precoce ;Chirurgie  Chimiotherapie  Immunotherapie  Therapie cible  Radiotherapie  traitement paliatif ;1;1;1;1;1;1;0;0;0;;Améliorer la qualité de vie du patient et de sa famille;;Diagnostic tardif  Insuffisance de ressources (e.g., équipements, personnel specialise dans sa prise en charge ) Facteurs socioculturels (e.g., recours à la médecine traditionnelle)    Pauvreté / Manque de moyens financiers  ;1;0;1;0;1;1;0;0;0;;Non;Le manque des moyens adéquats notamment les infrastructures, les consommables et le personnel qualifié;Dépistage régulier;4;VRAI;Oui , beaucoup;Maladie traitable;Non ;Non;;;;Sensibilisation, dépistage et vaccination pour tous
27;Masculin;Nord kivu;celibataire ;10;Universite catholique de Bukavu ( UCB) ;OUI;Mes cours a l' universite \ Formation médicale;1;0;0;0;0;0;;Une prolifération incontrôlée de cellules anormales;0;1;0;0;0;; Leucémie   Retinoblastome   cancer du sein  cancer de l'uterus  Cancer de la prostate ;0;1;1;1;0;0;1;0;0;1;0;0;0;;Tabagiste  Consomation d'alocool  Exposition à des substances chimiques / Pollution de la nature Vieillissement ( age );1;1;0;0;0;1;0;1;0;0;0;0;;Faux ;VRAI;Vrai ;VRAI;Je ne sais pas ;Je ne sais pas ;VRAI;Je ne sais pas ;Vaccination (e.g., contre HPV) Dépistage régulier (e.g., mammographie, frottis cervical) Arrêt du tabac;1;1;1;0;0;0;0;0;;Filles avant le début de la vie sexuelle;Je ne sais pas ;;Chimiotherapie  Immunotherapie  traitement paliatif ;0;1;1;0;0;1;0;0;0;;Soutenir l’accompagnement psychologique et spirituel;;Diagnostic tardif  Manque d'accès aux traitements  Insuffisance de ressources (e.g., équipements, personnel specialise dans sa prise en charge ) Pauvreté / Manque de moyens financiers  ;1;1;1;0;0;1;0;0;0;;Je ne sais pas;;Vaccins, dépistage, et chimiothérapie efficace;1;VRAI;Non ;Maladie chronique;Non ;Non;;;;Vaccins, dépistage précoce et chimiothérapie
26;Masculin;Nord kivu;celibataire ;11;Universite catholique de Graben ;OUI;Mes cours a l' universite \ Formation médicale;1;0;0;0;0;0;;Une prolifération incontrôlée de cellules anormales;0;1;0;0;0;;Cancer colorectal   Leucémie   Retinoblastome   cancer du sein  Lymphome  Meduloblastome  cancer de l'uterus  cancer des ovaires  cancer de poumons  Cancer de la prostate  cancer de la peau ;1;1;1;1;1;1;1;1;1;1;1;0;0;;Tabagiste  Consomation d'alocool  Infections (e.g., HPV, hépatite B/C) Exposition à des substances chimiques / Pollution de la nature Facteurs génétiques / Héréditaires;1;1;0;0;1;1;1;0;0;0;0;0;;Faux ;VRAI;Vrai ;VRAI;Je ne sais pas ;Faux ;VRAI;VRAI;Vaccination (e.g., contre HPV) Dépistage régulier (e.g., mammographie, frottis cervical) Arrêt du tabac Évitement des expositions environnementales Examen genetiques pour les familles a risque;1;1;1;0;1;1;0;0;;Filles avant le début de la vie sexuelle;VRAI;si pris en charge dans un centre specialise de cancerologie ;Chirurgie  Chimiotherapie  Immunotherapie  Therapie cible  Radiotherapie  traitement paliatif ;1;1;1;1;1;1;0;0;0;;Soulager la douleur et les autres symptômes (dyspnée, nausées, anxiété);;Diagnostic tardif  Manque d'accès aux traitements  Insuffisance de ressources (e.g., équipements, personnel specialise dans sa prise en charge ) Niveau d'education de la population bas  Facteurs socioculturels (e.g., recours à la médecine traditionnelle)    Pauvreté / Manque de moyens financiers  ;1;1;1;1;1;1;0;0;0;;Non;Le manque des moyens financiers, le manque d'équipements pour le diagnostic précoce et le manque des personnels spécialistes;Le dispistage stematique et la vaccination;5;VRAI;Oui , moderement ;Traitable;Non ;Non;;;;La sensibilisation sur les facteurs de risques du Cancer, envue de prendre des mesures de prévention.
28;Feminin ;Nord kivu;celibataire ;22;Universite catholique de Graben ;OUI;Mes cours a l' universite \ Formation médicale Médias (TV, radio, internet);1;1;0;0;0;0;;Une prolifération incontrôlée de cellules anormales;0;1;0;0;0;;Cancer colorectal   Leucémie   Retinoblastome   cancer du sein  Lymphome  cancer de poumons  Cancer de la prostate ;1;1;1;1;1;0;0;0;1;1;0;0;0;;Tabagiste  Mauvaise alimentation (e.g., excès de viande rouge, faible en fruits/légumes) Exposition à des substances chimiques / Pollution de la nature Facteurs génétiques / Héréditaires;1;0;1;0;0;1;1;0;0;0;0;0;;Faux ;VRAI;Vrai ;Faux ;Faux ;Faux ;Faux ;Faux ;Dépistage régulier (e.g., mammographie, frottis cervical) Arrêt du tabac Alimentation saine et exercice physique ;0;1;1;1;0;0;0;0;;Filles avant le début de la vie sexuelle;Faux ;;Chimiotherapie  Radiotherapie ;0;1;0;0;1;0;0;0;0;;Soulager la douleur et les autres symptômes (dyspnée, nausées, anxiété);;Diagnostic tardif  Manque d'accès aux traitements  Niveau d'education de la population bas  Facteurs socioculturels (e.g., recours à la médecine traditionnelle)    Pauvreté / Manque de moyens financiers  ;1;1;0;1;1;1;0;0;0;;Non;Dépistage tardif;Soutien du gouvernement pour le coup de soin de santé primaire;4;VRAI;Oui , beaucoup;C'est une maladie traitable si dépisté tôt;Non ;Non;;;;Par des séminaires,  enseigné à la population des notions de base sur le cancer et les signes precoces du cancer pour un dépistage précoce
26;Feminin ;Sud kivu;Marié;6;Universite Evangelique en Afrique ;OUI;Mes cours a l' universite \ Formation médicale Médias (TV, radio, internet) Littérature scientifique / Livres  Expérience clinique  durant mon  Stages;1;1;0;1;1;0;;Une prolifération incontrôlée de cellules anormales;0;1;0;0;0;; Leucémie    cancer du sein  cancer de l'uterus  cancer des ovaires  cancer de poumons ;0;1;0;1;0;0;1;1;1;0;0;0;0;;Tabagiste  Consomation d'alocool  Mauvaise alimentation (e.g., excès de viande rouge, faible en fruits/légumes) Manque d'exercice physique Infections (e.g., HPV, hépatite B/C) Facteurs génétiques / Héréditaires;1;1;1;1;1;0;1;0;0;0;0;0;;Je ne sais pas ;VRAI;Vrai ;Je ne sais pas ;VRAI;Je ne sais pas ;VRAI;VRAI;Vaccination (e.g., contre HPV) Dépistage régulier (e.g., mammographie, frottis cervical) Arrêt du tabac Alimentation saine et exercice physique  Autre;1;1;1;1;0;0;0;1;Autre;Femmes de plus de 50 ans ;VRAI;si detecte et pris en charge au stade precoce ;Chimiotherapie  Therapie cible  Radiotherapie  Traitement traditionnel / Herbes ;0;1;0;1;1;0;1;0;0;;Soulager la douleur et les autres symptômes (dyspnée, nausées, anxiété);;Diagnostic tardif  Manque d'accès aux traitements  Insuffisance de ressources (e.g., équipements, personnel specialise dans sa prise en charge );1;1;1;0;0;0;0;0;0;;Je ne sais pas;;Amener les équipes mettre les médicaments à la disposition;5;VRAI;Oui , moderement ;C’est une maladie maudite;Non ;Non;;;;Le dépistage precoce
25;Feminin ;Sud kivu;celibataire ;6;Universite Evangelique en Afrique ;OUI;Expérience clinique  durant mon  Stages;0;0;0;0;1;0;;Une prolifération incontrôlée de cellules anormales;0;1;0;0;0;;Autre;0;0;0;0;0;0;0;0;0;0;0;0;1;Cancer de l'estomac , cancer du foie;Consomation d'alocool  Infections (e.g., HPV, hépatite B/C) Facteurs génétiques / Héréditaires;0;1;0;0;1;0;1;0;0;0;0;0;;Faux ;VRAI;Vrai ;Je ne sais pas ;Je ne sais pas ;Faux ;Faux ;VRAI;Dépistage régulier (e.g., mammographie, frottis cervical) Arrêt du tabac Alimentation saine et exercice physique  Évitement des expositions environnementales Examen genetiques pour les familles a risque;0;1;1;1;1;1;0;0;;Filles avant le début de la vie sexuelle;Faux ;;Chirurgie  Chimiotherapie ;1;1;0;0;0;0;0;0;0;;Soulager la douleur et les autres symptômes (dyspnée, nausées, anxiété);;Diagnostic tardif ;1;0;0;0;0;0;0;0;0;;Non;Insuffisance du plateau technique;Dépistage, vaccination, sensibilisation pour la connaissance du cancer;2;VRAI;Non ;C'est une maladie traitable selon le stade où on l'as diagnostiqué;Non ;Non;;;;Sensibilisation sur la connaissance du cancer
25;Masculin;Sud kivu;celibataire ;6;Universite Evangelique en Afrique ;OUI;Mes cours a l' universite \ Formation médicale;1;0;0;0;0;0;;Une prolifération incontrôlée de cellules anormales;0;1;0;0;0;;Cancer colorectal   Leucémie   Retinoblastome  Lymphome  Meduloblastome  cancer de l'uterus  cancer des ovaires  cancer de poumons  Cancer de la prostate  cancer de la peau ;1;1;1;0;1;1;1;1;1;1;1;0;0;;Tabagiste  Infections (e.g., HPV, hépatite B/C) Facteurs génétiques / Héréditaires;1;0;0;0;1;0;1;0;0;0;0;0;;Faux ;VRAI;Vrai ;VRAI;VRAI;Je ne sais pas ;Faux ;VRAI;Vaccination (e.g., contre HPV) Dépistage régulier (e.g., mammographie, frottis cervical) Arrêt du tabac;1;1;1;0;0;0;0;0;;Femmes de plus de 50 ans ;VRAI;si detecte et pris en charge au stade precoce ;Chirurgie  Chimiotherapie  Radiotherapie ;1;1;0;0;1;0;0;0;0;;Soulager la douleur et les autres symptômes (dyspnée, nausées, anxiété);;Diagnostic tardif  Manque d'accès aux traitements  Facteurs socioculturels (e.g., recours à la médecine traditionnelle)   ;1;1;0;0;1;0;0;0;0;;Oui;;Dépistage;3;VRAI;Oui , beaucoup;Maladie traitable;Non ;Non;;;;Promouvoir dans le système de santé publique les mécanismes de prévention
28;Masculin;Sud kivu;celibataire ;6;Universite Evangelique en Afrique ;OUI;Mes cours a l' universite \ Formation médicale Littérature scientifique / Livres ;1;0;0;1;0;0;;Une prolifération incontrôlée de cellules anormales;0;1;0;0;0;; Leucémie    cancer du sein  Lymphome  cancer de l'uterus  Cancer de la prostate ;0;1;0;1;1;0;1;0;0;1;0;0;0;;Tabagiste  Exposition à des substances chimiques / Pollution de la nature Facteurs génétiques / Héréditaires;1;0;0;0;0;1;1;0;0;0;0;0;;Faux ;Faux ;Vrai ;VRAI;VRAI;VRAI;Faux ;VRAI;Vaccination (e.g., contre HPV) Dépistage régulier (e.g., mammographie, frottis cervical) Arrêt du tabac;1;1;1;0;0;0;0;0;;Femmes de plus de 50 ans ;VRAI;si detecte et pris en charge au stade precoce ;Chirurgie  Chimiotherapie ;1;1;0;0;0;0;0;0;0;;Soulager la douleur et les autres symptômes (dyspnée, nausées, anxiété);;Diagnostic tardif ;1;0;0;0;0;0;0;0;0;;Non;Plateau technique limité;Que le dépistage de cancer en RDC soit gratuit;1;VRAI;Non ;Traitable;Non ;Non;;;;Sensibiliser la population sur cette pathologie
28;Feminin ;Nord kivu;Marié;8;Universite catholique de Graben ;OUI;Mes cours a l' universite \ Formation médicale Médias (TV, radio, internet) Littérature scientifique / Livres  Expérience clinique  durant mon  Stages;1;1;0;1;1;0;;Une prolifération incontrôlée de cellules anormales;0;1;0;0;0;;cancer de l'uterus  Autre;0;0;0;0;0;0;1;0;0;0;0;0;1;Col;Infections (e.g., HPV, hépatite B/C) Vieillissement ( age );0;0;0;0;1;0;0;1;0;0;0;0;;VRAI;VRAI;Vrai ;VRAI;Je ne sais pas ;Faux ;Je ne sais pas ;Je ne sais pas ;Vaccination (e.g., contre HPV) Dépistage régulier (e.g., mammographie, frottis cervical);1;1;0;0;0;0;0;0;;Filles avant le début de la vie sexuelle;VRAI;si detecte et pris en charge au stade precoce ;Chirurgie  Chimiotherapie  Radiotherapie ;1;1;0;0;1;0;0;0;0;;Améliorer la qualité de vie du patient et de sa famille;;Diagnostic tardif  Manque d'accès aux traitements  Niveau d'education de la population bas  Pauvreté / Manque de moyens financiers  ;1;1;0;1;0;1;0;0;0;;Non;Acces limite au moyens de prévention par example le vaccin nest pas disponible dans notre region;Disponibiliser les vaccins et renseigner la pop sur les moyen de prévention et les signe d'alerte;3;Faux ;Non ;Traitable;Non ;Non;;;;Multiplier les séminaire sur le sujet ala radio les eglises et les hôpitaux et quartier
27;Feminin ;Nord kivu;celibataire ;12;Universite catholique de Graben ;OUI;Mes cours a l' universite \ Formation médicale Médias (TV, radio, internet) Littérature scientifique / Livres  Expérience clinique  durant mon  Stages;1;1;0;1;1;0;;Une prolifération incontrôlée de cellules anormales;0;1;0;0;0;;Cancer colorectal   Leucémie   Retinoblastome   cancer du sein  Lymphome  Meduloblastome  cancer de l'uterus  cancer des ovaires  cancer de poumons  Cancer de la prostate  cancer de la peau ;1;1;1;1;1;1;1;1;1;1;1;0;0;;Tabagiste  Infections (e.g., HPV, hépatite B/C) Exposition à des substances chimiques / Pollution de la nature Facteurs génétiques / Héréditaires;1;0;0;0;1;1;1;0;0;0;0;0;;Faux ;VRAI;Vrai ;VRAI;Faux ;Faux ;Je ne sais pas ;Faux ;Vaccination (e.g., contre HPV) Dépistage régulier (e.g., mammographie, frottis cervical) Arrêt du tabac Évitement des expositions environnementales;1;1;1;0;1;0;0;0;;Patients avec un cancer cervical ou autre type ;VRAI;si detecte et pris en charge au stade precoce ;Chirurgie  Chimiotherapie  Radiotherapie ;1;1;0;0;1;0;0;0;0;;Améliorer la qualité de vie du patient et de sa famille;;Diagnostic tardif ;1;0;0;0;0;0;0;0;0;;Oui;;Dépistage de certains cancer;1;VRAI;Oui , beaucoup;Traitable;Non ;Non;;;;Dépistage de certains cancers, réduction de l’exposition aux rayons X, diagnostic et prise en charge précoce
25;Feminin ;Nord kivu;Marié;14;Universite catholique de Graben ;OUI;Mes cours a l' universite \ Formation médicale;1;0;0;0;0;0;;Une prolifération incontrôlée de cellules anormales;0;1;0;0;0;; cancer du sein ;0;0;0;1;0;0;0;0;0;0;0;0;0;;Exposition à des substances chimiques / Pollution de la nature Facteurs génétiques / Héréditaires;0;0;0;0;0;1;1;0;0;0;0;0;;Faux ;VRAI;Vrai ;VRAI;VRAI;Faux ;Faux ;VRAI;Examen genetiques pour les familles a risque;0;0;0;0;0;1;0;0;;Filles avant le début de la vie sexuelle;Faux ;;Chimiotherapie ;0;1;0;0;0;0;0;0;0;;Améliorer la qualité de vie du patient et de sa famille;;Diagnostic tardif ;1;0;0;0;0;0;0;0;0;;Oui;;Dépistage précoce;1;VRAI;Oui , beaucoup;Une vraie maladie;Non ;Oui;Un parent ;;;Mettre des dépistages gratuits dans le programme sanitaire
25;Feminin ;Nord kivu;Marié;11;Universite catholique de Graben ;OUI;Mes cours a l' universite \ Formation médicale;1;0;0;0;0;0;;Une prolifération incontrôlée de cellules anormales;0;1;0;0;0;;Cancer colorectal   Leucémie   Retinoblastome   cancer du sein  Lymphome  Meduloblastome  cancer de l'uterus  cancer des ovaires  cancer de poumons  Cancer de la prostate  cancer de la peau  Autre;1;1;1;1;1;1;1;1;1;1;1;0;1;Hepatocarcinome,cancer du cerveau, de la rate,du pancréas et beaucoup d'autres;Tabagiste  Consomation d'alocool  Exposition à des substances chimiques / Pollution de la nature Facteurs génétiques / Héréditaires;1;1;0;0;0;1;1;0;0;0;0;0;;Faux ;VRAI;Vrai ;Je ne sais pas ;Je ne sais pas ;Je ne sais pas ;Je ne sais pas ;VRAI;Vaccination (e.g., contre HPV) Dépistage régulier (e.g., mammographie, frottis cervical) Arrêt du tabac Alimentation saine et exercice physique  Évitement des expositions environnementales Examen genetiques pour les familles a risque;1;1;1;1;1;1;0;0;;Filles avant le début de la vie sexuelle;Je ne sais pas ;;Chirurgie  Chimiotherapie  Immunotherapie  Radiotherapie  traitement paliatif ;1;1;1;0;1;1;0;0;0;;Soulager la douleur et les autres symptômes (dyspnée, nausées, anxiété);;Diagnostic tardif  Manque d'accès aux traitements  Insuffisance de ressources (e.g., équipements, personnel specialise dans sa prise en charge ) Pauvreté / Manque de moyens financiers  ;1;1;1;0;0;1;0;0;0;;Oui;;Dépistage rapide,;1;Faux ;Non ;Maladie traitable;Non ;Non;;;;Dépistage rapide, eviter le tabac, la consommation d'alcool et exposition aux Rx
25;Masculin;Sud kivu;celibataire ;5;Universite Evangelique en Afrique ;OUI;Mes cours a l' universite \ Formation médicale;1;0;0;0;0;0;;Une prolifération incontrôlée de cellules anormales;0;1;0;0;0;;Lymphome ;0;0;0;0;1;0;0;0;0;0;0;0;0;;Vieillissement ( age );0;0;0;0;0;0;0;1;0;0;0;0;;Faux ;VRAI;Vrai ;VRAI;VRAI;Faux ;Faux ;VRAI;Vaccination (e.g., contre HPV) Évitement des expositions environnementales Examen genetiques pour les familles a risque;1;0;0;0;1;1;0;0;;Filles avant le début de la vie sexuelle;Je ne sais pas ;;Chimiotherapie  Radiotherapie ;0;1;0;0;1;0;0;0;0;;Améliorer la qualité de vie du patient et de sa famille;;Manque d'accès aux traitements  Facteurs socioculturels (e.g., recours à la médecine traditionnelle)   ;0;1;0;0;1;0;0;0;0;;Je ne sais pas;;Éviter tous les facteurs de risques;3;VRAI;Oui , moderement ;Traitable;Non ;Non;;;;Sensibiliser la population
26;Masculin;Hors pays ;celibataire ;6;Universite Evangelique en Afrique ;OUI;Mes cours a l' universite \ Formation médicale Littérature scientifique / Livres ;1;0;0;1;0;0;;Une prolifération incontrôlée de cellules anormales;0;1;0;0;0;;Cancer colorectal   Leucémie   Retinoblastome   cancer du sein  Lymphome  Meduloblastome  cancer de l'uterus  cancer des ovaires  cancer de poumons  Cancer de la prostate  cancer de la peau ;1;1;1;1;1;1;1;1;1;1;1;0;0;;Tabagiste  Consomation d'alocool  Infections (e.g., HPV, hépatite B/C) Exposition à des substances chimiques / Pollution de la nature Facteurs génétiques / Héréditaires;1;1;0;0;1;1;1;0;0;0;0;0;;Faux ;VRAI;Faux ;VRAI;Je ne sais pas ;Faux ;VRAI;VRAI;Vaccination (e.g., contre HPV) Dépistage régulier (e.g., mammographie, frottis cervical) Arrêt du tabac Alimentation saine et exercice physique  Examen genetiques pour les familles a risque;1;1;1;1;0;1;0;0;;Filles avant le début de la vie sexuelle;VRAI;si detecte et pris en charge au stade precoce ;Chirurgie  Chimiotherapie  Immunotherapie  Radiotherapie ;1;1;1;0;1;0;0;0;0;;Soulager la douleur et les autres symptômes (dyspnée, nausées, anxiété);;Diagnostic tardif  Manque d'accès aux traitements  Insuffisance de ressources (e.g., équipements, personnel specialise dans sa prise en charge ) Niveau d'education de la population bas ;1;1;1;1;0;0;0;0;0;;Non;Pas de dépistages systématique;Campagne de dépistages et de sensibilisation sur le cancer, la prévention, la prise en charge;3;Je ne sais pas ;Oui , beaucoup;Traitable;Non ;Non;;;;Dépistage de masse, Sensibilisation sur les facteurs de risque, dé mystification du cancer, prise en charge précoce, campagnes de vaccination contre hpv et certains virus à l’origine de cancer, sensibilisation sur le mode de vie
26;Masculin;Nord kivu;celibataire ;13;Universite catholique de Graben ;OUI;Mes cours a l' universite \ Formation médicale;1;0;0;0;0;0;;Une prolifération incontrôlée de cellules anormales;0;1;0;0;0;;Cancer colorectal   Leucémie    cancer du sein  Lymphome  cancer de l'uterus  cancer des ovaires  cancer de poumons  Cancer de la prostate ;1;1;0;1;1;0;1;1;1;1;0;0;0;;Tabagiste  Infections (e.g., HPV, hépatite B/C) Exposition à des substances chimiques / Pollution de la nature Facteurs génétiques / Héréditaires;1;0;0;0;1;1;1;0;0;0;0;0;;Faux ;VRAI;Vrai ;VRAI;Faux ;Faux ;Faux ;VRAI;Vaccination (e.g., contre HPV) Dépistage régulier (e.g., mammographie, frottis cervical) Arrêt du tabac Évitement des expositions environnementales;1;1;1;0;1;0;0;0;;Filles avant le début de la vie sexuelle;VRAI;si detecte et pris en charge au stade precoce ;Chirurgie  Chimiotherapie  Radiotherapie ;1;1;0;0;1;0;0;0;0;;Soutenir l’accompagnement psychologique et spirituel;;Diagnostic tardif  Manque d'accès aux traitements  Insuffisance de ressources (e.g., équipements, personnel specialise dans sa prise en charge ) Pauvreté / Manque de moyens financiers  ;1;1;1;0;0;1;0;0;0;;Oui;;Vaccin contre HPV, Non exposition au rayon ionisant, dépistage régulier;3;VRAI;Oui , beaucoup;Traitable;Oui;Non;;;;Dépistage précoce et régulier
26;Masculin;Nord kivu;celibataire ;13;Universite catholique de Graben ;OUI;Mes cours a l' universite \ Formation médicale;1;0;0;0;0;0;;Une prolifération incontrôlée de cellules anormales;0;1;0;0;0;;Cancer colorectal   Leucémie   Retinoblastome   cancer du sein  Lymphome  Meduloblastome  cancer de l'uterus  cancer des ovaires  cancer de poumons  Cancer de la prostate  cancer de la peau  Autre;1;1;1;1;1;1;1;1;1;1;1;0;1;Cancer du col;Tabagiste  Infections (e.g., HPV, hépatite B/C) Exposition à des substances chimiques / Pollution de la nature Facteurs génétiques / Héréditaires;1;0;0;0;1;1;1;0;0;0;0;0;;Faux ;VRAI;Vrai ;VRAI;Je ne sais pas ;Faux ;VRAI;VRAI;Vaccination (e.g., contre HPV) Dépistage régulier (e.g., mammographie, frottis cervical) Arrêt du tabac Évitement des expositions environnementales Examen genetiques pour les familles a risque;1;1;1;0;1;1;0;0;;Filles avant le début de la vie sexuelle;VRAI;si detecte et pris en charge au stade precoce ;Chirurgie  Chimiotherapie  Radiotherapie ;1;1;0;0;1;0;0;0;0;;Soulager la douleur et les autres symptômes (dyspnée, nausées, anxiété);;Diagnostic tardif  Manque d'accès aux traitements  Insuffisance de ressources (e.g., équipements, personnel specialise dans sa prise en charge ) Niveau d'education de la population bas  Facteurs socioculturels (e.g., recours à la médecine traditionnelle)    Pauvreté / Manque de moyens financiers  ;1;1;1;1;1;1;0;0;0;;Oui;;Campagnes de dépistage, promotion des médecins pour spécialisation en oncologie;4;VRAI;Oui , beaucoup;Traitable si tôt diagnostiqué;Non ;Oui;un oncle /Tente ;;;Campagnes de dépistage, sensibilisation sur le cheek up régulier de
25;Feminin ;Nord kivu;celibataire ;13;Universite catholique de Graben ;OUI;Mes cours a l' universite \ Formation médicale Famille / Amis Expérience clinique  durant mon  Stages;1;0;1;0;1;0;;Une prolifération incontrôlée de cellules anormales;0;1;0;0;0;;Cancer colorectal   Leucémie   Retinoblastome   cancer du sein  Lymphome  Meduloblastome  cancer de l'uterus  cancer des ovaires  cancer de poumons  Cancer de la prostate  cancer de la peau ;1;1;1;1;1;1;1;1;1;1;1;0;0;;Tabagiste  Infections (e.g., HPV, hépatite B/C) Exposition à des substances chimiques / Pollution de la nature Facteurs génétiques / Héréditaires;1;0;0;0;1;1;1;0;0;0;0;0;;Faux ;VRAI;Vrai ;VRAI;Je ne sais pas ;Faux ;Faux ;VRAI;Vaccination (e.g., contre HPV) Dépistage régulier (e.g., mammographie, frottis cervical) Arrêt du tabac Alimentation saine et exercice physique  Évitement des expositions environnementales Examen genetiques pour les familles a risque;1;1;1;1;1;1;0;0;;Filles avant le début de la vie sexuelle;VRAI;si detecte et pris en charge au stade precoce ;Chirurgie  Chimiotherapie  Immunotherapie  Radiotherapie ;1;1;1;0;1;0;0;0;0;;Améliorer la qualité de vie du patient et de sa famille;;Diagnostic tardif  Manque d'accès aux traitements  Insuffisance de ressources (e.g., équipements, personnel specialise dans sa prise en charge ) Niveau d'education de la population bas  Facteurs socioculturels (e.g., recours à la médecine traditionnelle)    Pauvreté / Manque de moyens financiers  ;1;1;1;1;1;1;0;0;0;;Oui;;"Éducation de la population, et équipement des hôpitaux en spécialistes et en ressources dont les moyens diagnostic et traitement ; prise en charge nationale de certaines formes pour alléger le coût";4;VRAI;Oui , beaucoup;Traitable si pas de guérison au moins un soin palliatif;Oui;Oui;Un parent ;Traitement médical conventionnel (e.g., hôpital) ;Décès  ;De mettre à la disposition des hôpitaux des moyens diagnostic (don’t l’anatomie pathologie en priorité) pour permettre aux médecins de poser le diagnostic en temps et de doter les hôpitaux aussi en médicaments
26;Masculin;Nord kivu;celibataire ;14;Universite catholique de Graben ;OUI;Mes cours a l' universite \ Formation médicale Médias (TV, radio, internet) Famille / Amis Littérature scientifique / Livres  Expérience clinique  durant mon  Stages;1;1;1;1;1;0;;Une prolifération incontrôlée de cellules anormales;0;1;0;0;0;;Cancer colorectal   Leucémie   Retinoblastome   cancer du sein  Lymphome  cancer de l'uterus  cancer des ovaires  cancer de poumons  Cancer de la prostate  cancer de la peau ;1;1;1;1;1;0;1;1;1;1;1;0;0;;Tabagiste  Consomation d'alocool  Mauvaise alimentation (e.g., excès de viande rouge, faible en fruits/légumes) Manque d'exercice physique Infections (e.g., HPV, hépatite B/C) Exposition à des substances chimiques / Pollution de la nature Facteurs génétiques / Héréditaires;1;1;1;1;1;1;1;0;0;0;0;0;;Faux ;VRAI;Faux ;VRAI;VRAI;Faux ;VRAI;Je ne sais pas ;Vaccination (e.g., contre HPV) Dépistage régulier (e.g., mammographie, frottis cervical) Arrêt du tabac Alimentation saine et exercice physique  Évitement des expositions environnementales Examen genetiques pour les familles a risque;1;1;1;1;1;1;0;0;;Filles avant le début de la vie sexuelle;VRAI;si detecte et pris en charge au stade precoce ;Chirurgie  Chimiotherapie  Therapie cible  Radiotherapie  traitement paliatif ;1;1;0;1;1;1;0;0;0;;Soulager la douleur et les autres symptômes (dyspnée, nausées, anxiété);;Diagnostic tardif  Manque d'accès aux traitements  Facteurs socioculturels (e.g., recours à la médecine traditionnelle)   ;1;1;0;0;1;0;0;0;0;;Oui;;Demythification;3;VRAI;Oui , moderement ;Traitable, sii difficilement;Oui;Oui;Cousin/cousine;Aucun traitement;Guérison  ;Demythification+dépistage précoce
28;Masculin;Nord kivu;celibataire ;10;Universite catholique de Graben ;OUI;Mes cours a l' universite \ Formation médicale Littérature scientifique / Livres  Expérience clinique  durant mon  Stages;1;0;0;1;1;0;;Une prolifération incontrôlée de cellules anormales;0;1;0;0;0;;Cancer colorectal   Leucémie    cancer du sein  Lymphome  cancer des ovaires  Cancer de la prostate ;1;1;0;1;1;0;0;1;0;1;0;0;0;;Tabagiste  Consomation d'alocool  Manque d'exercice physique Infections (e.g., HPV, hépatite B/C) Exposition à des substances chimiques / Pollution de la nature Facteurs génétiques / Héréditaires;1;1;0;1;1;1;1;0;0;0;0;0;;Faux ;VRAI;Vrai ;VRAI;Je ne sais pas ;Faux ;VRAI;VRAI;Vaccination (e.g., contre HPV) Dépistage régulier (e.g., mammographie, frottis cervical) Arrêt du tabac Alimentation saine et exercice physique  Évitement des expositions environnementales Examen genetiques pour les familles a risque;1;1;1;1;1;1;0;0;;Filles avant le début de la vie sexuelle;VRAI;si detecte et pris en charge au stade precoce ;Chirurgie  Chimiotherapie  Therapie cible  Radiotherapie  traitement paliatif ;1;1;0;1;1;1;0;0;0;;Soulager la douleur et les autres symptômes (dyspnée, nausées, anxiété);;Diagnostic tardif  Manque d'accès aux traitements  Insuffisance de ressources (e.g., équipements, personnel specialise dans sa prise en charge ) Niveau d'education de la population bas  Facteurs socioculturels (e.g., recours à la médecine traditionnelle)    Pauvreté / Manque de moyens financiers  ;1;1;1;1;1;1;0;0;0;;Non;Voir les cases cochees à 20;Éducation au dépistage précoce et éducation sur les facteurs de risques;5;VRAI;Oui , moderement ;Maladie traitable;Non ;Non;;;;Éducation sur les facteurs de risques, dépistage volontaire, avoir un personnel spécialisé dans la prise en charge ( oncologue)
26;Masculin;Nord kivu;celibataire ;9;Universite catholique de Graben ;OUI;Mes cours a l' universite \ Formation médicale Littérature scientifique / Livres  Expérience clinique  durant mon  Stages;1;0;0;1;1;0;;Une prolifération incontrôlée de cellules anormales;0;1;0;0;0;;Cancer colorectal   Leucémie   Retinoblastome   cancer du sein  Lymphome  Meduloblastome  cancer de l'uterus  cancer des ovaires  cancer de poumons  Cancer de la prostate  cancer de la peau  Autre;1;1;1;1;1;1;1;1;1;1;1;0;1;Adénocarcinome gastrique;Tabagiste  Infections (e.g., HPV, hépatite B/C) Exposition à des substances chimiques / Pollution de la nature Facteurs génétiques / Héréditaires Vieillissement ( age );1;0;0;0;1;1;1;1;0;0;0;0;;Faux ;VRAI;Faux ;VRAI;VRAI;Faux ;VRAI;VRAI;Vaccination (e.g., contre HPV) Dépistage régulier (e.g., mammographie, frottis cervical) Arrêt du tabac Alimentation saine et exercice physique  Évitement des expositions environnementales Examen genetiques pour les familles a risque;1;1;1;1;1;1;0;0;;Filles avant le début de la vie sexuelle;VRAI;si detecte et pris en charge au stade precoce ;Chirurgie  Chimiotherapie  Immunotherapie  Therapie cible  Radiotherapie  traitement paliatif ;1;1;1;1;1;1;0;0;0;;Soulager la douleur et les autres symptômes (dyspnée, nausées, anxiété);;Diagnostic tardif  Manque d'accès aux traitements  Insuffisance de ressources (e.g., équipements, personnel specialise dans sa prise en charge ) Niveau d'education de la population bas  Facteurs socioculturels (e.g., recours à la médecine traditionnelle)    Pauvreté / Manque de moyens financiers  ;1;1;1;1;1;1;0;0;0;;Non;Cfr raisons que je viens de cocher à la question précédente;Dépistage précoce;4;VRAI;Oui , beaucoup;Maladie traitable mais pas toujours curable, récidivante souvent;Non ;Non;;;;Il faut financer les passionnés de ce domaine pour aller se spécialiser puis ouvrir beaucoup de centres d’oncologie par l’état et les financer continuellement
25;Masculin;Nord kivu;celibataire ;13;Universite catholique de Graben ;OUI;Mes cours a l' universite \ Formation médicale Médias (TV, radio, internet) Famille / Amis;1;1;1;0;0;0;;Une prolifération incontrôlée de cellules anormales;0;1;0;0;0;; cancer du sein  Lymphome  cancer de l'uterus  Cancer de la prostate ;0;0;0;1;1;0;1;0;0;1;0;0;0;;Tabagiste  Infections (e.g., HPV, hépatite B/C) Facteurs génétiques / Héréditaires;1;0;0;0;1;0;1;0;0;0;0;0;;Faux ;VRAI;Je ne sais pas ;VRAI;Je ne sais pas ;Faux ;VRAI;Je ne sais pas ;Vaccination (e.g., contre HPV) Dépistage régulier (e.g., mammographie, frottis cervical) Arrêt du tabac Examen genetiques pour les familles a risque;1;1;1;0;0;1;0;0;;Filles avant le début de la vie sexuelle;VRAI;si detecte et pris en charge au stade precoce ;Chirurgie  Chimiotherapie  traitement paliatif ;1;1;0;0;0;1;0;0;0;;Améliorer la qualité de vie du patient et de sa famille;;Diagnostic tardif  Manque d'accès aux traitements  Insuffisance de ressources (e.g., équipements, personnel specialise dans sa prise en charge ) Facteurs socioculturels (e.g., recours à la médecine traditionnelle)    Pauvreté / Manque de moyens financiers  ;1;1;1;0;1;1;0;0;0;;Non;L’ignorance de la population entraîne un désintéressement au cancer;Le dépistage précoce régulier;4;VRAI;Oui , beaucoup;C’est une maladie curable;Non ;Non;;;;La prolifération des centres oncilogiques et la formation des spécialistes en oncologie
26;Masculin;Nord kivu;celibataire ;11;Universite catholique de Graben ;OUI;Mes cours a l' universite \ Formation médicale Médias (TV, radio, internet) Littérature scientifique / Livres  Expérience clinique  durant mon  Stages;1;1;0;1;1;0;;Une prolifération incontrôlée de cellules anormales;0;1;0;0;0;;Cancer colorectal   Leucémie   Retinoblastome   cancer du sein  Lymphome  cancer de l'uterus  cancer des ovaires  cancer de poumons  Cancer de la prostate  cancer de la peau ;1;1;1;1;1;0;1;1;1;1;1;0;0;;Tabagiste  Consomation d'alocool  Mauvaise alimentation (e.g., excès de viande rouge, faible en fruits/légumes) Infections (e.g., HPV, hépatite B/C) Exposition à des substances chimiques / Pollution de la nature Facteurs génétiques / Héréditaires;1;1;1;0;1;1;1;0;0;0;0;0;;Faux ;VRAI;Vrai ;VRAI;Je ne sais pas ;Faux ;VRAI;VRAI;Vaccination (e.g., contre HPV) Dépistage régulier (e.g., mammographie, frottis cervical) Arrêt du tabac Alimentation saine et exercice physique  Évitement des expositions environnementales Examen genetiques pour les familles a risque;1;1;1;1;1;1;0;0;;Filles avant le début de la vie sexuelle;VRAI;si detecte et pris en charge au stade precoce ;Chirurgie  Chimiotherapie  Immunotherapie  Therapie cible  Radiotherapie  traitement paliatif ;1;1;1;1;1;1;0;0;0;;Améliorer la qualité de vie du patient et de sa famille;;Diagnostic tardif  Manque d'accès aux traitements  Insuffisance de ressources (e.g., équipements, personnel specialise dans sa prise en charge ) Niveau d'education de la population bas  Facteurs socioculturels (e.g., recours à la médecine traditionnelle)    Pauvreté / Manque de moyens financiers  ;1;1;1;1;1;1;0;0;0;;Oui;;Éducation de la population;5;VRAI;Oui , beaucoup;Traitable;Non ;Oui;un oncle /Tente ;;;Éducation de la population
26;Masculin;Nord kivu;celibataire ;13;Universite catholique de Graben ;OUI;Mes cours a l' universite \ Formation médicale Littérature scientifique / Livres  Expérience clinique  durant mon  Stages;1;0;0;1;1;0;;Une prolifération incontrôlée de cellules anormales;0;1;0;0;0;;Cancer colorectal   Leucémie    cancer du sein  Lymphome  cancer de l'uterus  cancer des ovaires  cancer de poumons  Cancer de la prostate  cancer de la peau ;1;1;0;1;1;0;1;1;1;1;1;0;0;;Tabagiste  Consomation d'alocool  Infections (e.g., HPV, hépatite B/C) Exposition à des substances chimiques / Pollution de la nature Facteurs génétiques / Héréditaires;1;1;0;0;1;1;1;0;0;0;0;0;;Faux ;VRAI;Vrai ;VRAI;VRAI;Faux ;VRAI;VRAI;Vaccination (e.g., contre HPV) Dépistage régulier (e.g., mammographie, frottis cervical) Arrêt du tabac Alimentation saine et exercice physique  Évitement des expositions environnementales Examen genetiques pour les familles a risque;1;1;1;1;1;1;0;0;;Filles avant le début de la vie sexuelle;VRAI;si detecte et pris en charge au stade precoce ;Chirurgie  Chimiotherapie  Radiotherapie  traitement paliatif ;1;1;0;0;1;1;0;0;0;;Soulager la douleur et les autres symptômes (dyspnée, nausées, anxiété);;Diagnostic tardif  Manque d'accès aux traitements  Insuffisance de ressources (e.g., équipements, personnel specialise dans sa prise en charge ) Niveau d'education de la population bas  Facteurs socioculturels (e.g., recours à la médecine traditionnelle)    Pauvreté / Manque de moyens financiers  ;1;1;1;1;1;1;0;0;0;;Non;Manques des moyens de prise en charge;Éviter les facteurs de risques;5;VRAI;Oui , beaucoup;Traitable;Non ;Non;;;;Dépistage précoce
25;Feminin ;Nord kivu;celibataire ;12;Universite catholique de Graben ;OUI;Mes cours a l' universite \ Formation médicale;1;0;0;0;0;0;;Une prolifération incontrôlée de cellules anormales;0;1;0;0;0;;Cancer colorectal   Leucémie   Retinoblastome   cancer du sein  Lymphome  Meduloblastome  cancer de l'uterus  cancer des ovaires  cancer de poumons  Cancer de la prostate  cancer de la peau ;1;1;1;1;1;1;1;1;1;1;1;0;0;;Tabagiste  Mauvaise alimentation (e.g., excès de viande rouge, faible en fruits/légumes) Infections (e.g., HPV, hépatite B/C) Exposition à des substances chimiques / Pollution de la nature Facteurs génétiques / Héréditaires;1;0;1;0;1;1;1;0;0;0;0;0;;Faux ;VRAI;Faux ;VRAI;Je ne sais pas ;Faux ;Je ne sais pas ;VRAI;Vaccination (e.g., contre HPV) Dépistage régulier (e.g., mammographie, frottis cervical) Arrêt du tabac Alimentation saine et exercice physique  Évitement des expositions environnementales;1;1;1;1;1;0;0;0;;Filles avant le début de la vie sexuelle;VRAI;si detecte et pris en charge au stade precoce ;Chirurgie  Chimiotherapie  Radiotherapie  traitement paliatif ;1;1;0;0;1;1;0;0;0;;Soulager la douleur et les autres symptômes (dyspnée, nausées, anxiété);;Diagnostic tardif  Manque d'accès aux traitements  Insuffisance de ressources (e.g., équipements, personnel specialise dans sa prise en charge );1;1;1;0;0;0;0;0;0;;Non;Fréquence élevée, diagnostic aux stades avancés du cancer, mortalité élevée;Sensibilisation des groupes à risques du cancer pour un dépistage précoce et régulier, pour la vaccination dans la mesure du possible;3;VRAI;Oui , moderement ;Maladie traitable;Non ;Non;;;;Communiquer à la communauté les facteurs de risques des différents cancers pour favoriser un dépistage si exposition à ces facteurs de risques
27;Masculin;Nord kivu;celibataire ;13;Universite catholique de Graben ;OUI;Mes cours a l' universite \ Formation médicale Famille / Amis Littérature scientifique / Livres  Expérience clinique  durant mon  Stages;1;0;1;1;1;0;;Une prolifération incontrôlée de cellules anormales;0;1;0;0;0;;Cancer colorectal   Leucémie   Retinoblastome   cancer du sein  Lymphome  Meduloblastome  cancer de l'uterus  cancer des ovaires  cancer de poumons  Cancer de la prostate  cancer de la peau ;1;1;1;1;1;1;1;1;1;1;1;0;0;;Tabagiste  Mauvaise alimentation (e.g., excès de viande rouge, faible en fruits/légumes) Infections (e.g., HPV, hépatite B/C) Exposition à des substances chimiques / Pollution de la nature;1;0;1;0;1;1;0;0;0;0;0;0;;Faux ;VRAI;Je ne sais pas ;VRAI;Faux ;Faux ;Je ne sais pas ;VRAI;Vaccination (e.g., contre HPV) Dépistage régulier (e.g., mammographie, frottis cervical) Arrêt du tabac Alimentation saine et exercice physique  Évitement des expositions environnementales Examen genetiques pour les familles a risque;1;1;1;1;1;1;0;0;;Filles avant le début de la vie sexuelle;VRAI;si detecte et pris en charge au stade precoce ;Chirurgie  Chimiotherapie  Immunotherapie  Therapie cible  Radiotherapie  traitement paliatif ;1;1;1;1;1;1;0;0;0;;Soulager la douleur et les autres symptômes (dyspnée, nausées, anxiété);;Diagnostic tardif  Manque d'accès aux traitements  Insuffisance de ressources (e.g., équipements, personnel specialise dans sa prise en charge ) Niveau d'education de la population bas  Facteurs socioculturels (e.g., recours à la médecine traditionnelle)    Pauvreté / Manque de moyens financiers  ;1;1;1;1;1;1;0;0;0;;Non;Éducation sanitaire faible, absence  de matériel de dépistage, programme national de prévention et prise en charge presque inexistant;Programme national de dépistage gratuit;5;VRAI;Oui , beaucoup;traitable;Non ;Oui;Un parent ;;;Education sanitaire sur les facteurs de risque par l'entreprise des leaders communautaires, programme gratuit de dépistage,
23;Feminin ;Maniema ;celibataire ;6;Universite Evangelique en Afrique ;OUI;Mes cours a l' universite \ Formation médicale Médias (TV, radio, internet) Littérature scientifique / Livres  Expérience clinique  durant mon  Stages;1;1;0;1;1;0;;Une prolifération incontrôlée de cellules anormales;0;1;0;0;0;;Cancer colorectal   Leucémie   Retinoblastome   cancer du sein  Lymphome  Meduloblastome  cancer de l'uterus  cancer des ovaires  cancer de poumons  Cancer de la prostate  cancer de la peau ;1;1;1;1;1;1;1;1;1;1;1;0;0;;Tabagiste  Consomation d'alocool  Infections (e.g., HPV, hépatite B/C) Exposition à des substances chimiques / Pollution de la nature Facteurs génétiques / Héréditaires;1;1;0;0;1;1;1;0;0;0;0;0;;Faux ;VRAI;Vrai ;VRAI;Je ne sais pas ;Faux ;VRAI;VRAI;Vaccination (e.g., contre HPV) Dépistage régulier (e.g., mammographie, frottis cervical) Arrêt du tabac Alimentation saine et exercice physique  Examen genetiques pour les familles a risque;1;1;1;1;0;1;0;0;;Filles avant le début de la vie sexuelle;VRAI;si detecte et pris en charge au stade precoce ;Chirurgie  Chimiotherapie  Immunotherapie ;1;1;1;0;0;0;0;0;0;;Améliorer la qualité de vie du patient et de sa famille;;Diagnostic tardif  Insuffisance de ressources (e.g., équipements, personnel specialise dans sa prise en charge );1;0;1;0;0;0;0;0;0;;Oui;;Formation des peuples;3;VRAI;Oui , beaucoup;Traitable;Non ;Non;;;;Formations du public sur les risques
27;Masculin;Nord kivu;celibataire ;27;Universite catholique de Graben ;OUI;Mes cours a l' universite \ Formation médicale Médias (TV, radio, internet) Famille / Amis Littérature scientifique / Livres  Expérience clinique  durant mon  Stages;1;1;1;1;1;0;;Une prolifération incontrôlée de cellules anormales;0;1;0;0;0;;Cancer colorectal   Leucémie   Retinoblastome   cancer du sein  Lymphome  Meduloblastome  cancer de l'uterus  cancer de poumons  Cancer de la prostate  Autre;1;1;1;1;1;1;1;0;1;1;0;0;1;Hépatocarcinome;Tabagiste  Consomation d'alocool  Mauvaise alimentation (e.g., excès de viande rouge, faible en fruits/légumes) Infections (e.g., HPV, hépatite B/C) Exposition à des substances chimiques / Pollution de la nature Facteurs génétiques / Héréditaires Vieillissement ( age );1;1;1;0;1;1;1;1;0;0;0;0;;Faux ;VRAI;Vrai ;VRAI;Je ne sais pas ;Faux ;Je ne sais pas ;VRAI;Vaccination (e.g., contre HPV) Dépistage régulier (e.g., mammographie, frottis cervical) Arrêt du tabac Alimentation saine et exercice physique  Évitement des expositions environnementales Examen genetiques pour les familles a risque;1;1;1;1;1;1;0;0;;Filles avant le début de la vie sexuelle;Faux ;;Chirurgie  Chimiotherapie  Immunotherapie  Therapie cible  Radiotherapie  traitement paliatif ;1;1;1;1;1;1;0;0;0;;Soutenir l’accompagnement psychologique et spirituel;;Diagnostic tardif  Manque d'accès aux traitements  Insuffisance de ressources (e.g., équipements, personnel specialise dans sa prise en charge ) Niveau d'education de la population bas  Facteurs socioculturels (e.g., recours à la médecine traditionnelle)    Pauvreté / Manque de moyens financiers  ;1;1;1;1;1;1;0;0;0;;Je ne sais pas;;Dépistage volontaire pour savoir son état de sérologie, contrôler l'hygiène de vie, doser le PSA et faire le TR chez tous sujets masculins en âge avancé, faire frottis chez les sujets féminins dès la puberté;5;VRAI;Oui , beaucoup;Traitable mais la guérison n'est pas au rendez-vous;Non ;Non;;;;Dépistage volontaire, former le personnel soignant et donner lui des équipements nécessaires
25;Feminin ;Nord kivu;Marié;10;Universite catholique de Graben ;OUI;Mes cours a l' universite \ Formation médicale;1;0;0;0;0;0;;Une infection aiguë;1;0;0;0;0;;Cancer colorectal ;1;0;0;0;0;0;0;0;0;0;0;0;0;;Tabagiste  Infections (e.g., HPV, hépatite B/C) Facteurs génétiques / Héréditaires;1;0;0;0;1;0;1;0;0;0;0;0;;Je ne sais pas ;VRAI;Vrai ;VRAI;Je ne sais pas ;Faux ;Je ne sais pas ;VRAI;Vaccination (e.g., contre HPV) Dépistage régulier (e.g., mammographie, frottis cervical) Arrêt du tabac;1;1;1;0;0;0;0;0;;Femmes de plus de 50 ans ;Je ne sais pas ;;Chimiotherapie  traitement paliatif ;0;1;0;0;0;1;0;0;0;;Soulager la douleur et les autres symptômes (dyspnée, nausées, anxiété);;Diagnostic tardif  Manque d'accès aux traitements  Niveau d'education de la population bas  Facteurs socioculturels (e.g., recours à la médecine traditionnelle)   ;1;1;0;1;1;0;0;0;0;;Non;Elle fraise le traitement précoce;Dépistage précoce;3;VRAI;Oui , beaucoup;Traitable;Non ;Non;;;;Dépistage précoce
25;Feminin ;Nord kivu;celibataire ;13;Universite catholique de Graben ;OUI;Mes cours a l' universite \ Formation médicale;1;0;0;0;0;0;;Une prolifération incontrôlée de cellules anormales;0;1;0;0;0;; Leucémie   Retinoblastome   cancer du sein  cancer des ovaires  cancer de poumons  Cancer de la prostate  cancer de la peau ;0;1;1;1;0;0;0;1;1;1;1;0;0;;Tabagiste  Consomation d'alocool  Exposition à des substances chimiques / Pollution de la nature;1;1;0;0;0;1;0;0;0;0;0;0;;VRAI;VRAI;Faux ;Je ne sais pas ;Je ne sais pas ;Faux ;Je ne sais pas ;VRAI;Arrêt du tabac Alimentation saine et exercice physique  Évitement des expositions environnementales;0;0;1;1;1;0;0;0;;Filles avant le début de la vie sexuelle;VRAI;si detecte et pris en charge au stade precoce ;Chimiotherapie  Immunotherapie  Radiotherapie ;0;1;1;0;1;0;0;0;0;;Soulager la douleur et les autres symptômes (dyspnée, nausées, anxiété);;Diagnostic tardif  Niveau d'education de la population bas  Pauvreté / Manque de moyens financiers  ;1;0;0;1;0;1;0;0;0;;Oui;;Éviter les aliments de conservation;3;VRAI;Oui , beaucoup;Traitable;Non ;Non;;;;Éducation de la population concernant les symptômes et dépistage en temps
25;Masculin;Nord kivu;celibataire ;14;Universite catholique de Graben ;OUI;Mes cours a l' universite \ Formation médicale Médias (TV, radio, internet) Littérature scientifique / Livres  Expérience clinique  durant mon  Stages;1;1;0;1;1;0;;Une infection aiguë Une prolifération incontrôlée de cellules anormales;1;1;0;0;0;;Cancer colorectal   Leucémie   Retinoblastome   cancer du sein  Lymphome  cancer de l'uterus  cancer des ovaires  Cancer de la prostate ;1;1;1;1;1;0;1;1;0;1;0;0;0;;Tabagiste  Consomation d'alocool  Mauvaise alimentation (e.g., excès de viande rouge, faible en fruits/légumes) Infections (e.g., HPV, hépatite B/C) Exposition à des substances chimiques / Pollution de la nature Facteurs génétiques / Héréditaires;1;1;1;0;1;1;1;0;0;0;0;0;;Faux ;VRAI;Vrai ;Je ne sais pas ;Je ne sais pas ;Faux ;Faux ;VRAI;Arrêt du tabac Alimentation saine et exercice physique  Évitement des expositions environnementales;0;0;1;1;1;0;0;0;;Filles avant le début de la vie sexuelle;Faux ;;Chirurgie  Chimiotherapie  Immunotherapie ;1;1;1;0;0;0;0;0;0;;Améliorer la qualité de vie du patient et de sa famille;;Manque d'accès aux traitements ;0;1;0;0;0;0;0;0;0;;Je ne sais pas;;Lutter contre le tabagisme;3;VRAI;Oui , beaucoup;Traitable;Non ;Non;;;;Sensibilisation de la population sur les cancers
27;Masculin;Autre province ;celibataire ;13;Universite catholique de Graben ;OUI;Mes cours a l' universite \ Formation médicale Médias (TV, radio, internet) Littérature scientifique / Livres ;1;1;0;1;0;0;;Une prolifération incontrôlée de cellules anormales;0;1;0;0;0;;Cancer colorectal   Leucémie   Retinoblastome   cancer du sein  Lymphome  Meduloblastome  cancer de l'uterus  cancer des ovaires  cancer de poumons  cancer de la peau ;1;1;1;1;1;1;1;1;1;0;1;0;0;;Tabagiste  Infections (e.g., HPV, hépatite B/C) Exposition à des substances chimiques / Pollution de la nature Facteurs génétiques / Héréditaires;1;0;0;0;1;1;1;0;0;0;0;0;;Faux ;VRAI;Vrai ;Je ne sais pas ;Faux ;Faux ;Faux ;VRAI;Vaccination (e.g., contre HPV) Dépistage régulier (e.g., mammographie, frottis cervical) Arrêt du tabac Évitement des expositions environnementales Examen genetiques pour les familles a risque;1;1;1;0;1;1;0;0;;Filles avant le début de la vie sexuelle;VRAI;si detecte et pris en charge au stade precoce ;Chirurgie  Chimiotherapie  Radiotherapie  traitement paliatif ;1;1;0;0;1;1;0;0;0;;Améliorer la qualité de vie du patient et de sa famille;;Diagnostic tardif  Facteurs socioculturels (e.g., recours à la médecine traditionnelle)   ;1;0;0;0;1;0;0;0;0;;Oui;;Vaccination , dépistage en fin de diagnostiquer tôt le cancer;4;VRAI;Non ;Est une maladie traitable si diagnostiquer tôt;Non ;Non;;;;"Vaccination, dépistage chaque année ou chaque 6 mois pour les personnes "" à risque"", éducation de la population sur le cancer"
25;Masculin;Nord kivu;celibataire ;10;Universite catholique de Graben ;OUI;Mes cours a l' universite \ Formation médicale;1;0;0;0;0;0;;Une infection aiguë Une prolifération incontrôlée de cellules anormales;1;1;0;0;0;; Leucémie  ;0;1;0;0;0;0;0;0;0;0;0;0;0;;Exposition à des substances chimiques / Pollution de la nature Facteurs génétiques / Héréditaires;0;0;0;0;0;1;1;0;0;0;0;0;;Faux ;VRAI;Faux ;VRAI;Je ne sais pas ;Faux ;Faux ;Faux ;Vaccination (e.g., contre HPV) Dépistage régulier (e.g., mammographie, frottis cervical) Arrêt du tabac Alimentation saine et exercice physique  Évitement des expositions environnementales Examen genetiques pour les familles a risque;1;1;1;1;1;1;0;0;;Filles avant le début de la vie sexuelle;VRAI;si detecte et pris en charge au stade precoce ;Chirurgie  Chimiotherapie  Immunotherapie  Therapie cible  Radiotherapie  traitement paliatif ;1;1;1;1;1;1;0;0;0;;Améliorer la qualité de vie du patient et de sa famille;;Diagnostic tardif  Insuffisance de ressources (e.g., équipements, personnel specialise dans sa prise en charge ) Niveau d'education de la population bas  Facteurs socioculturels (e.g., recours à la médecine traditionnelle)    Pauvreté / Manque de moyens financiers  ;1;0;1;1;1;1;0;0;0;;Oui;;1. Dépistage regulier     2. Améliorer la qualité de vie de la population     3. Équiper les structures sanitaires;3;VRAI;Oui , beaucoup;Traitable;Non ;Non;;;;1. Améliorer la qualité de vie de la population      2. Éducation de la population
25;Masculin;Nord kivu;Marié;9;Universite catholique de Graben ;OUI;Mes cours a l' universite \ Formation médicale;1;0;0;0;0;0;;Une prolifération incontrôlée de cellules anormales;0;1;0;0;0;;Cancer colorectal   Leucémie   Retinoblastome   cancer du sein  Lymphome  Meduloblastome  cancer de l'uterus  cancer des ovaires  cancer de poumons  Cancer de la prostate  cancer de la peau ;1;1;1;1;1;1;1;1;1;1;1;0;0;;Tabagiste  Consomation d'alocool  Exposition à des substances chimiques / Pollution de la nature;1;1;0;0;0;1;0;0;0;0;0;0;;Faux ;VRAI;Faux ;VRAI;Faux ;Faux ;Faux ;Faux ;Dépistage régulier (e.g., mammographie, frottis cervical);0;1;0;0;0;0;0;0;;Filles avant le début de la vie sexuelle;Faux ;;Chirurgie  Chimiotherapie  Immunotherapie  Radiotherapie  traitement paliatif ;1;1;1;0;1;1;0;0;0;;Soulager la douleur et les autres symptômes (dyspnée, nausées, anxiété);;Diagnostic tardif  Manque d'accès aux traitements  Insuffisance de ressources (e.g., équipements, personnel specialise dans sa prise en charge ) Niveau d'education de la population bas  Pauvreté / Manque de moyens financiers  ;1;1;1;1;0;1;0;0;0;;Oui;;Informer la population de la clinique et prise en charge;1;VRAI;Oui , moderement ;Compliqué vu sa prolifération anarchique;Non ;Non;;;;Oui
27;Masculin;Nord kivu;celibataire ;12;Universite catholique de Graben ;OUI;Mes cours a l' universite \ Formation médicale Littérature scientifique / Livres  Expérience clinique  durant mon  Stages;1;0;0;1;1;0;;Une prolifération incontrôlée de cellules anormales;0;1;0;0;0;;Cancer colorectal   Leucémie   Retinoblastome   cancer du sein  Lymphome  Meduloblastome  cancer de l'uterus  cancer des ovaires  cancer de poumons  Cancer de la prostate  cancer de la peau ;1;1;1;1;1;1;1;1;1;1;1;0;0;;Tabagiste  Consomation d'alocool  Infections (e.g., HPV, hépatite B/C) Exposition à des substances chimiques / Pollution de la nature Facteurs génétiques / Héréditaires Vieillissement ( age );1;1;0;0;1;1;1;1;0;0;0;0;;Faux ;VRAI;Faux ;VRAI;Faux ;Faux ;VRAI;Faux ;Vaccination (e.g., contre HPV) Dépistage régulier (e.g., mammographie, frottis cervical) Arrêt du tabac Examen genetiques pour les familles a risque;1;1;1;0;0;1;0;0;;Filles avant le début de la vie sexuelle;VRAI;si detecte et pris en charge au stade precoce ;Chirurgie  Chimiotherapie  Therapie cible  Radiotherapie  traitement paliatif ;1;1;0;1;1;1;0;0;0;;Soulager la douleur et les autres symptômes (dyspnée, nausées, anxiété);;Diagnostic tardif  Manque d'accès aux traitements  Insuffisance de ressources (e.g., équipements, personnel specialise dans sa prise en charge ) Facteurs socioculturels (e.g., recours à la médecine traditionnelle)    Pauvreté / Manque de moyens financiers  ;1;1;1;0;1;1;0;0;0;;Je ne sais pas;;Multiplier les séances d'éducation de la population concernant les cancers, conseiller les dépistages réguliers, disponibilisatiin des moyens de diagnostic, de traitement et de prise en charge des cancers;3;Faux ;Oui , beaucoup;C'est une maladie grave qui nécessite une attention particulière;Non ;Non;;;;Multiplier les séances d'éducation de la population concernant les cancers, conseiller les dépistages réguliers, disponibilisatiin des moyens de diagnostic, de traitement et de prise en charge des cancers
27;Masculin;Nord kivu;celibataire ;14;Universite catholique de Graben ;OUI;Mes cours a l' universite \ Formation médicale Médias (TV, radio, internet) Famille / Amis Littérature scientifique / Livres  Expérience clinique  durant mon  Stages;1;1;1;1;1;0;;Une prolifération incontrôlée de cellules anormales;0;1;0;0;0;;Cancer colorectal   Leucémie   Retinoblastome   cancer du sein  Lymphome  Meduloblastome  cancer de l'uterus  cancer des ovaires  cancer de poumons  Cancer de la prostate  cancer de la peau ;1;1;1;1;1;1;1;1;1;1;1;0;0;;Tabagiste  Manque d'exercice physique Infections (e.g., HPV, hépatite B/C) Exposition à des substances chimiques / Pollution de la nature Facteurs génétiques / Héréditaires Vieillissement ( age );1;0;0;1;1;1;1;1;0;0;0;0;;Faux ;VRAI;Faux ;VRAI;Faux ;Faux ;VRAI;VRAI;Vaccination (e.g., contre HPV) Dépistage régulier (e.g., mammographie, frottis cervical) Arrêt du tabac Alimentation saine et exercice physique  Évitement des expositions environnementales;1;1;1;1;1;0;0;0;;Filles avant le début de la vie sexuelle;VRAI;si detecte et pris en charge au stade precoce ;Chirurgie  Chimiotherapie  Immunotherapie  Therapie cible  Radiotherapie  traitement paliatif ;1;1;1;1;1;1;0;0;0;;Soulager la douleur et les autres symptômes (dyspnée, nausées, anxiété);;Diagnostic tardif  Manque d'accès aux traitements  Insuffisance de ressources (e.g., équipements, personnel specialise dans sa prise en charge ) Facteurs socioculturels (e.g., recours à la médecine traditionnelle)    Pauvreté / Manque de moyens financiers  ;1;1;1;0;1;1;0;0;0;;Non;Cfr la question 20;Dépistage;3;VRAI;Oui , moderement ;Un maladie traitable;Non ;Non;;;;Dépistage et accompagnement gouvernement
26;Masculin;Nord kivu;celibataire ;10;Universite catholique de Graben ;OUI;Littérature scientifique / Livres ;0;0;0;1;0;0;;Une prolifération incontrôlée de cellules anormales;0;1;0;0;0;;Cancer colorectal   Leucémie    cancer du sein  cancer de l'uterus  Cancer de la prostate ;1;1;0;1;0;0;1;0;0;1;0;0;0;;Tabagiste  Consomation d'alocool  Infections (e.g., HPV, hépatite B/C) Exposition à des substances chimiques / Pollution de la nature Facteurs génétiques / Héréditaires;1;1;0;0;1;1;1;0;0;0;0;0;;Faux ;VRAI;Vrai ;VRAI;VRAI;Faux ;VRAI;VRAI;Vaccination (e.g., contre HPV) Dépistage régulier (e.g., mammographie, frottis cervical) Arrêt du tabac;1;1;1;0;0;0;0;0;;Filles avant le début de la vie sexuelle;VRAI;si detecte et pris en charge au stade precoce ;Chirurgie  Chimiotherapie  Radiotherapie  traitement paliatif ;1;1;0;0;1;1;0;0;0;;Soulager la douleur et les autres symptômes (dyspnée, nausées, anxiété);;Diagnostic tardif  Insuffisance de ressources (e.g., équipements, personnel specialise dans sa prise en charge ) Niveau d'education de la population bas ;1;0;1;1;0;0;0;0;0;;Oui;;Dépistage rapide;5;Je ne sais pas ;Oui , beaucoup;Difficile;Non ;Non;;;;Dépistage rapide
27;Masculin;Sud kivu;celibataire ;7;Universite Officielle de Bukavu ( UOB);OUI;Mes cours a l' universite \ Formation médicale;1;0;0;0;0;0;;Une prolifération incontrôlée de cellules anormales;0;1;0;0;0;;Cancer colorectal   Leucémie   Retinoblastome   cancer du sein  Lymphome  Meduloblastome  cancer de l'uterus  cancer des ovaires  cancer de poumons  Cancer de la prostate  cancer de la peau ;1;1;1;1;1;1;1;1;1;1;1;0;0;;Infections (e.g., HPV, hépatite B/C) Exposition à des substances chimiques / Pollution de la nature Facteurs génétiques / Héréditaires Vieillissement ( age );0;0;0;0;1;1;1;1;0;0;0;0;;Faux ;VRAI;Faux ;VRAI;Je ne sais pas ;Faux ;VRAI;VRAI;Vaccination (e.g., contre HPV) Dépistage régulier (e.g., mammographie, frottis cervical) Arrêt du tabac Évitement des expositions environnementales Examen genetiques pour les familles a risque;1;1;1;0;1;1;0;0;;Filles avant le début de la vie sexuelle;VRAI;si detecte et pris en charge au stade precoce ;Chirurgie  Chimiotherapie  Immunotherapie  Therapie cible  Radiotherapie ;1;1;1;1;1;0;0;0;0;;Améliorer la qualité de vie du patient et de sa famille;;Diagnostic tardif ;1;0;0;0;0;0;0;0;0;;Non;Ressources limitées et manque de sensibilisation des patients;Campagne de dépistage et conscientiser les familles;5;VRAI;Oui , beaucoup;Maladie traitable;Oui;Non;;;;Campagne de dépistage et conscientisation des patients
28;Masculin;Sud kivu;celibataire ;9;Universite Officielle de Bukavu ( UOB);OUI;Mes cours a l' universite \ Formation médicale Médias (TV, radio, internet) Littérature scientifique / Livres  Expérience clinique  durant mon  Stages;1;1;0;1;1;0;;Une prolifération incontrôlée de cellules anormales;0;1;0;0;0;;Cancer colorectal   Leucémie   Retinoblastome   cancer du sein  Lymphome  cancer de l'uterus  cancer des ovaires  cancer de poumons  Cancer de la prostate  cancer de la peau ;1;1;1;1;1;0;1;1;1;1;1;0;0;;Tabagiste  Consomation d'alocool  Infections (e.g., HPV, hépatite B/C) Facteurs génétiques / Héréditaires;1;1;0;0;1;0;1;0;0;0;0;0;;Faux ;VRAI;Faux ;VRAI;Faux ;Faux ;VRAI;VRAI;Vaccination (e.g., contre HPV) Dépistage régulier (e.g., mammographie, frottis cervical) Arrêt du tabac Examen genetiques pour les familles a risque;1;1;1;0;0;1;0;0;;Filles avant le début de la vie sexuelle;VRAI;si pris en charge dans un centre specialise de cancerologie ;Chirurgie  Chimiotherapie  Immunotherapie  Radiotherapie  traitement paliatif ;1;1;1;0;1;1;0;0;0;;Soulager la douleur et les autres symptômes (dyspnée, nausées, anxiété);;Diagnostic tardif  Insuffisance de ressources (e.g., équipements, personnel specialise dans sa prise en charge ) Niveau d'education de la population bas  Pauvreté / Manque de moyens financiers  ;1;0;1;1;0;1;0;0;0;;Non;Le manque de plateaux techniques appropriées et personnel qualifié;Dépistage précoce et informé la population sur le Cancer que c'est une pathologie mais pas une malédiction, sorcellerie et tant d'autres croyances erronée;1;VRAI;Oui , beaucoup;C'est une maladie;Non ;Non;;;;Que le gouvernement s'implique dans la prise en charge parce que ce sont des soins qui demande énormément des moyens financiers pour tant la population est pauvre
29;Masculin;Sud kivu;celibataire ;9;Universite Officielle de Bukavu ( UOB);OUI;Mes cours a l' universite \ Formation médicale Médias (TV, radio, internet) Littérature scientifique / Livres ;1;1;0;1;0;0;;Une prolifération incontrôlée de cellules anormales;0;1;0;0;0;;Cancer colorectal   Leucémie   Retinoblastome   cancer du sein  Lymphome  Meduloblastome  cancer de l'uterus  cancer des ovaires  cancer de poumons  Cancer de la prostate  cancer de la peau ;1;1;1;1;1;1;1;1;1;1;1;0;0;;Facteurs génétiques / Héréditaires;0;0;0;0;0;0;1;0;0;0;0;0;;Faux ;VRAI;Faux ;VRAI;Je ne sais pas ;Faux ;Je ne sais pas ;VRAI;Dépistage régulier (e.g., mammographie, frottis cervical) Arrêt du tabac Évitement des expositions environnementales Examen genetiques pour les familles a risque;0;1;1;0;1;1;0;0;;Femmes de plus de 50 ans ;Faux ;;Chirurgie  Chimiotherapie  Immunotherapie  Therapie cible  Radiotherapie  traitement paliatif ;1;1;1;1;1;1;0;0;0;;Soulager la douleur et les autres symptômes (dyspnée, nausées, anxiété);;Diagnostic tardif  Manque d'accès aux traitements  Insuffisance de ressources (e.g., équipements, personnel specialise dans sa prise en charge ) Niveau d'education de la population bas  Facteurs socioculturels (e.g., recours à la médecine traditionnelle)    Pauvreté / Manque de moyens financiers  ;1;1;1;1;1;1;0;0;0;;Je ne sais pas;;Dépistage et campagne de sensibilisation;4;VRAI;Oui , moderement ;Traitable;Non ;Non;;;;Dépistage et sensibilisation
26;Masculin;Sud kivu;celibataire ;9;Universite Officielle de Bukavu ( UOB);OUI;Mes cours a l' universite \ Formation médicale Médias (TV, radio, internet) Littérature scientifique / Livres  Expérience clinique  durant mon  Stages;1;1;0;1;1;0;;Une prolifération incontrôlée de cellules anormales;0;1;0;0;0;;Cancer colorectal   Leucémie   Retinoblastome   cancer du sein  Lymphome  Meduloblastome  cancer de l'uterus  cancer des ovaires  cancer de poumons  Cancer de la prostate  cancer de la peau ;1;1;1;1;1;1;1;1;1;1;1;0;0;;Tabagiste  Consomation d'alocool  Mauvaise alimentation (e.g., excès de viande rouge, faible en fruits/légumes) Infections (e.g., HPV, hépatite B/C) Exposition à des substances chimiques / Pollution de la nature Facteurs génétiques / Héréditaires;1;1;1;0;1;1;1;0;0;0;0;0;;Faux ;VRAI;Vrai ;VRAI;Faux ;Faux ;VRAI;VRAI;Vaccination (e.g., contre HPV) Dépistage régulier (e.g., mammographie, frottis cervical) Arrêt du tabac Alimentation saine et exercice physique  Évitement des expositions environnementales Examen genetiques pour les familles a risque;1;1;1;1;1;1;0;0;;Filles avant le début de la vie sexuelle;VRAI;si detecte et pris en charge au stade precoce ;Chirurgie  Chimiotherapie  Immunotherapie  Therapie cible  Radiotherapie  traitement paliatif ;1;1;1;1;1;1;0;0;0;;Améliorer la qualité de vie du patient et de sa famille;;Diagnostic tardif ;1;0;0;0;0;0;0;0;0;;Oui;;Lutter contre les facteurs favorisant;3;VRAI;Oui , beaucoup;Maladie traitable;Non ;Non;;;;Dépister et consulter
25;Feminin ;Sud kivu;celibataire ;15;Universite Officielle de Bukavu ( UOB);OUI;Mes cours a l' universite \ Formation médicale;1;0;0;0;0;0;;Une prolifération incontrôlée de cellules anormales;0;1;0;0;0;;Cancer colorectal   Leucémie   Retinoblastome   cancer du sein  Lymphome  Cancer de la prostate ;1;1;1;1;1;0;0;0;0;1;0;0;0;;Tabagiste  Consomation d'alocool  Facteurs génétiques / Héréditaires;1;1;0;0;0;0;1;0;0;0;0;0;;Faux ;VRAI;Vrai ;VRAI;Faux ;Faux ;VRAI;VRAI;Vaccination (e.g., contre HPV) Dépistage régulier (e.g., mammographie, frottis cervical) Arrêt du tabac Évitement des expositions environnementales;1;1;1;0;1;0;0;0;;Filles avant le début de la vie sexuelle;VRAI;si detecte et pris en charge au stade precoce ;Chirurgie  Chimiotherapie  Immunotherapie  Therapie cible  Radiotherapie  traitement paliatif  Traitement traditionnel / Herbes ;1;1;1;1;1;1;1;0;0;;Soulager la douleur et les autres symptômes (dyspnée, nausées, anxiété);;Diagnostic tardif  Manque d'accès aux traitements  Insuffisance de ressources (e.g., équipements, personnel specialise dans sa prise en charge ) Niveau d'education de la population bas ;1;1;1;1;0;0;0;0;0;;Oui;;Sensibilisation et dépistage;3;Faux ;Oui , beaucoup;Curable;Non ;Non;;;;Organiser des séances de formations
25;Masculin;Nord kivu;celibataire ;1;Universite catholique de Bukavu ( UCB) ;OUI;Mes cours a l' universite \ Formation médicale Famille / Amis Littérature scientifique / Livres ;1;0;1;1;0;0;;Une prolifération incontrôlée de cellules anormales;0;1;0;0;0;;Cancer colorectal   Leucémie   Retinoblastome   cancer du sein  Lymphome  Meduloblastome  cancer de l'uterus  cancer des ovaires  cancer de poumons  Cancer de la prostate  cancer de la peau ;1;1;1;1;1;1;1;1;1;1;1;0;0;;Tabagiste  Consomation d'alocool  Mauvaise alimentation (e.g., excès de viande rouge, faible en fruits/légumes) Infections (e.g., HPV, hépatite B/C) Exposition à des substances chimiques / Pollution de la nature;1;1;1;0;1;1;0;0;0;0;0;0;;Faux ;VRAI;Faux ;VRAI;VRAI;Faux ;VRAI;VRAI;Vaccination (e.g., contre HPV) Dépistage régulier (e.g., mammographie, frottis cervical) Arrêt du tabac Alimentation saine et exercice physique  Examen genetiques pour les familles a risque;1;1;1;1;0;1;0;0;;Patients avec un cancer cervical ou autre type ;VRAI;si detecte et pris en charge au stade precoce ;Chirurgie  Chimiotherapie  Immunotherapie  Therapie cible  Radiotherapie  traitement paliatif ;1;1;1;1;1;1;0;0;0;;Soulager la douleur et les autres symptômes (dyspnée, nausées, anxiété);;Diagnostic tardif  Manque d'accès aux traitements  Insuffisance de ressources (e.g., équipements, personnel specialise dans sa prise en charge ) Niveau d'education de la population bas  Facteurs socioculturels (e.g., recours à la médecine traditionnelle)    Pauvreté / Manque de moyens financiers  ;1;1;1;1;1;1;0;0;0;;Oui;;Vaccination, éducation de la population, dépistage gratuites dans des zones à risques et dépistage précoce;3;Faux ;Oui , moderement ;Elle est traitable;Oui;Oui;un oncle /Tente ;Traitement médical conventionnel (e.g., hôpital) ;Décès  ;Campagne et éducation de la population
25;Feminin ;Sud kivu;celibataire ;7;Universite Evangelique en Afrique ;OUI;Mes cours a l' universite \ Formation médicale Expérience clinique  durant mon  Stages;1;0;0;0;1;0;;Une prolifération incontrôlée de cellules anormales;0;1;0;0;0;;Cancer colorectal   Leucémie   Retinoblastome   cancer du sein  cancer de l'uterus  cancer de poumons  Cancer de la prostate  cancer de la peau ;1;1;1;1;0;0;1;0;1;1;1;0;0;;Tabagiste  Consomation d'alocool  Exposition à des substances chimiques / Pollution de la nature;1;1;0;0;0;1;0;0;0;0;0;0;;Faux ;Je ne sais pas ;Vrai ;VRAI;VRAI;Faux ;Faux ;VRAI;Vaccination (e.g., contre HPV) Dépistage régulier (e.g., mammographie, frottis cervical) Arrêt du tabac;1;1;1;0;0;0;0;0;;Filles avant le début de la vie sexuelle;Faux ;;Chirurgie  Chimiotherapie  Immunotherapie  traitement paliatif ;1;1;1;0;0;1;0;0;0;;Soulager la douleur et les autres symptômes (dyspnée, nausées, anxiété);;Diagnostic tardif ;1;0;0;0;0;0;0;0;0;;Oui;;Vaccination et éviter le tabac;2;VRAI;Oui , beaucoup;Maladie traitable;Non ;Non;;;;Adhésion aux traitements et à la prévention Car plus ça évolue peut être metastasique et avoir des répercussions sur d’autre organe ( prolifération)
26;Feminin ;Nord kivu;celibataire ;11;Universite catholique de Graben ;OUI;Mes cours a l' universite \ Formation médicale Médias (TV, radio, internet) Famille / Amis Expérience clinique  durant mon  Stages;1;1;1;0;1;0;;Une prolifération incontrôlée de cellules anormales;0;1;0;0;0;;Cancer colorectal   Leucémie   Retinoblastome   cancer du sein  Lymphome  cancer de l'uterus  cancer des ovaires  cancer de poumons  Cancer de la prostate  cancer de la peau ;1;1;1;1;1;0;1;1;1;1;1;0;0;;Tabagiste  Mauvaise alimentation (e.g., excès de viande rouge, faible en fruits/légumes) Infections (e.g., HPV, hépatite B/C) Exposition à des substances chimiques / Pollution de la nature Facteurs génétiques / Héréditaires Vieillissement ( age );1;0;1;0;1;1;1;1;0;0;0;0;;Faux ;VRAI;Faux ;VRAI;Je ne sais pas ;Faux ;Faux ;Je ne sais pas ;Dépistage régulier (e.g., mammographie, frottis cervical) Arrêt du tabac Alimentation saine et exercice physique  Évitement des expositions environnementales;0;1;1;1;1;0;0;0;;Femmes de plus de 50 ans ;VRAI;si detecte et pris en charge au stade precoce ;Chirurgie  Chimiotherapie  Radiotherapie ;1;1;0;0;1;0;0;0;0;;Soutenir l’accompagnement psychologique et spirituel;;Diagnostic tardif  Niveau d'education de la population bas  Facteurs socioculturels (e.g., recours à la médecine traditionnelle)    Pauvreté / Manque de moyens financiers  ;1;0;0;1;1;1;0;0;0;;Non;Manque des spécialistes en oncologie , la non disponibilité des produits et leurs coûts;Une alimentation saine, arrêter le tabagisme et l’alcoolisme, chercher un moyen de prévention chez les personnes exposées aux rayons ionisants;1;VRAI;Oui , beaucoup;Maladie traitable si diagnostiquée à temps et si disponibilité des produits;Non ;Non;;;;Formation des personnels de santé et éducation de la population
25;Feminin ;Nord kivu;celibataire ;14;Universite catholique de Graben ;OUI;Mes cours a l' universite \ Formation médicale Expérience clinique  durant mon  Stages;1;0;0;0;1;0;;Une prolifération incontrôlée de cellules anormales;0;1;0;0;0;; Leucémie    cancer du sein  cancer de l'uterus  Cancer de la prostate  cancer de la peau ;0;1;0;1;0;0;1;0;0;1;1;0;0;;Infections (e.g., HPV, hépatite B/C) Facteurs génétiques / Héréditaires;0;0;0;0;1;0;1;0;0;0;0;0;;Faux ;VRAI;Je ne sais pas ;Faux ;Faux ;Faux ;Faux ;Faux ;Dépistage régulier (e.g., mammographie, frottis cervical) Examen genetiques pour les familles a risque;0;1;0;0;0;1;0;0;;Filles avant le début de la vie sexuelle;Je ne sais pas ;;Chimiotherapie  Immunotherapie  Radiotherapie  traitement paliatif ;0;1;1;0;1;1;0;0;0;;Améliorer la qualité de vie du patient et de sa famille;;Diagnostic tardif  Insuffisance de ressources (e.g., équipements, personnel specialise dans sa prise en charge ) Niveau d'education de la population bas  Facteurs socioculturels (e.g., recours à la médecine traditionnelle)   ;1;0;1;1;1;0;0;0;0;;Je ne sais pas;;Depistage regular;4;VRAI;Oui , moderement ;Maladie non traitable;Non ;Non;;;;Le diagnostic rapide Par equipment de personnel’s soignants ,
25;Feminin ;Nord kivu;celibataire ;18;Universite catholique de Graben ;OUI;Mes cours a l' universite \ Formation médicale Médias (TV, radio, internet) Famille / Amis Littérature scientifique / Livres  Expérience clinique  durant mon  Stages;1;1;1;1;1;0;;Une prolifération incontrôlée de cellules anormales;0;1;0;0;0;;Cancer colorectal   Leucémie   Retinoblastome   cancer du sein  Lymphome  Meduloblastome  cancer de l'uterus  cancer des ovaires  cancer de poumons  Cancer de la prostate  cancer de la peau ;1;1;1;1;1;1;1;1;1;1;1;0;0;;Tabagiste  Consomation d'alocool  Exposition à des substances chimiques / Pollution de la nature Facteurs génétiques / Héréditaires;1;1;0;0;0;1;1;0;0;0;0;0;;Faux ;VRAI;Vrai ;VRAI;VRAI;Faux ;Je ne sais pas ;VRAI;Vaccination (e.g., contre HPV) Dépistage régulier (e.g., mammographie, frottis cervical) Arrêt du tabac Évitement des expositions environnementales Examen genetiques pour les familles a risque;1;1;1;0;1;1;0;0;;Filles avant le début de la vie sexuelle;VRAI;si detecte et pris en charge au stade precoce ;Chirurgie  Chimiotherapie  Radiotherapie ;1;1;0;0;1;0;0;0;0;;Soulager la douleur et les autres symptômes (dyspnée, nausées, anxiété);;Diagnostic tardif  Manque d'accès aux traitements  Insuffisance de ressources (e.g., équipements, personnel specialise dans sa prise en charge ) Niveau d'education de la population bas  Facteurs socioculturels (e.g., recours à la médecine traditionnelle)    Pauvreté / Manque de moyens financiers  ;1;1;1;1;1;1;0;0;0;;Non;prévention faible, diagnostic tardif, accès limité aux traitements;Vaccination HPV + hépatite B,  Lutte contre tabac/alcool,  Dépistage du cancer du col (très prioritaire),  Sensibilisation de la population,  Renforcement des soins de santé primaires;5;VRAI;Oui , beaucoup;Traitable si prise en charge à temps;Non ;Oui;un oncle /Tente ;;;prévention, dépistage simple,  organisation du système
25;Feminin ;Nord kivu;celibataire ;10;Universite catholique de Graben ;OUI;Mes cours a l' universite \ Formation médicale;1;0;0;0;0;0;;Une prolifération incontrôlée de cellules anormales;0;1;0;0;0;;Cancer colorectal   Leucémie   Retinoblastome   cancer du sein  cancer de l'uterus  cancer de poumons  Cancer de la prostate  cancer de la peau ;1;1;1;1;0;0;1;0;1;1;1;0;0;;Tabagiste  Infections (e.g., HPV, hépatite B/C) Exposition à des substances chimiques / Pollution de la nature Facteurs génétiques / Héréditaires Vieillissement ( age );1;0;0;0;1;1;1;1;0;0;0;0;;Faux ;VRAI;Vrai ;VRAI;Je ne sais pas ;Faux ;VRAI;VRAI;Dépistage régulier (e.g., mammographie, frottis cervical) Arrêt du tabac Évitement des expositions environnementales Examen genetiques pour les familles a risque;0;1;1;0;1;1;0;0;;Filles avant le début de la vie sexuelle;VRAI;si detecte et pris en charge au stade precoce ;Chirurgie  Chimiotherapie  Radiotherapie  traitement paliatif ;1;1;0;0;1;1;0;0;0;;Soulager la douleur et les autres symptômes (dyspnée, nausées, anxiété);;Diagnostic tardif  Manque d'accès aux traitements  Insuffisance de ressources (e.g., équipements, personnel specialise dans sa prise en charge ) Pauvreté / Manque de moyens financiers  ;1;1;1;0;0;1;0;0;0;;Non;Manque d’équipements et centre d’oncologie;Depistage;2;VRAI;Oui , beaucoup;Traitable;Non ;Oui;un oncle /Tente ;;;Avoir un centre specialisé d’oncologie
22;Feminin ;Sud kivu;celibataire ;3;Universite Officielle de Bukavu ( UOB);OUI;Famille / Amis;0;0;1;0;0;0;;Une infection aiguë;1;0;0;0;0;; cancer du sein  cancer des ovaires  Cancer de la prostate ;0;0;0;1;0;0;0;1;0;1;0;0;0;;Tabagiste  Infections (e.g., HPV, hépatite B/C) Exposition à des substances chimiques / Pollution de la nature Facteurs génétiques / Héréditaires;1;0;0;0;1;1;1;0;0;0;0;0;;Faux ;VRAI;Vrai ;VRAI;Je ne sais pas ;Faux ;Je ne sais pas ;Je ne sais pas ;Vaccination (e.g., contre HPV) Arrêt du tabac Alimentation saine et exercice physique  Examen genetiques pour les familles a risque;1;0;1;1;0;1;0;0;;Femmes de plus de 50 ans ;VRAI;si detecte et pris en charge au stade precoce ;Chimiotherapie ;0;1;0;0;0;0;0;0;0;;Soulager la douleur et les autres symptômes (dyspnée, nausées, anxiété);;Diagnostic tardif  Manque d'accès aux traitements ;1;1;0;0;0;0;0;0;0;;Je ne sais pas;;La vaccination;2;VRAI;Je ne sais pas ;Traitable;Non ;Oui;Un parent ;;;La sensibilisation au vaccin et au consultation régulière
26;Masculin;Sud kivu;celibataire ;9;Universite Officielle de Bukavu ( UOB);OUI;Mes cours a l' universite \ Formation médicale;1;0;0;0;0;0;;Une prolifération incontrôlée de cellules anormales;0;1;0;0;0;;Cancer colorectal   Leucémie   Retinoblastome   cancer du sein  Lymphome  cancer de poumons  Cancer de la prostate ;1;1;1;1;1;0;0;0;1;1;0;0;0;;Tabagiste  Consomation d'alocool  Mauvaise alimentation (e.g., excès de viande rouge, faible en fruits/légumes) Infections (e.g., HPV, hépatite B/C) Exposition à des substances chimiques / Pollution de la nature Facteurs génétiques / Héréditaires;1;1;1;0;1;1;1;0;0;0;0;0;;Faux ;VRAI;Vrai ;VRAI;Faux ;Faux ;VRAI;VRAI;Vaccination (e.g., contre HPV) Dépistage régulier (e.g., mammographie, frottis cervical) Alimentation saine et exercice physique ;1;1;0;1;0;0;0;0;;Filles avant le début de la vie sexuelle;VRAI;si pris en charge dans un centre specialise de cancerologie ;Chirurgie  Chimiotherapie  Immunotherapie  Therapie cible  Radiotherapie ;1;1;1;1;1;0;0;0;0;;Soulager la douleur et les autres symptômes (dyspnée, nausées, anxiété);;Diagnostic tardif  Manque d'accès aux traitements  Insuffisance de ressources (e.g., équipements, personnel specialise dans sa prise en charge ) Niveau d'education de la population bas  Pauvreté / Manque de moyens financiers  ;1;1;1;1;0;1;0;0;0;;Non;Manque des moyens financiers;Dépistage précoce;2;VRAI;Oui , beaucoup;Non;Non ;Non;;;;Sensibiliser les populations pour la prévention des certains cancers
35;Feminin ;Sud kivu;Marié;9;Universite Officielle de Bukavu ( UOB);OUI;Mes cours a l' universite \ Formation médicale Médias (TV, radio, internet) Famille / Amis Littérature scientifique / Livres  Expérience clinique  durant mon  Stages;1;1;1;1;1;0;;Une prolifération incontrôlée de cellules anormales;0;1;0;0;0;;Cancer colorectal   Leucémie   Retinoblastome   cancer du sein  Lymphome  Meduloblastome  cancer de l'uterus  cancer des ovaires  cancer de poumons  Cancer de la prostate  cancer de la peau ;1;1;1;1;1;1;1;1;1;1;1;0;0;;Tabagiste  Consomation d'alocool  Infections (e.g., HPV, hépatite B/C) Exposition à des substances chimiques / Pollution de la nature Facteurs génétiques / Héréditaires;1;1;0;0;1;1;1;0;0;0;0;0;;Faux ;VRAI;Vrai ;VRAI;VRAI;Faux ;Faux ;VRAI;Vaccination (e.g., contre HPV) Dépistage régulier (e.g., mammographie, frottis cervical) Arrêt du tabac Examen genetiques pour les familles a risque;1;1;1;0;0;1;0;0;;Filles avant le début de la vie sexuelle;VRAI;si detecte et pris en charge au stade precoce ;Chirurgie  Chimiotherapie  Radiotherapie  traitement paliatif ;1;1;0;0;1;1;0;0;0;;Soutenir l’accompagnement psychologique et spirituel;;Diagnostic tardif ;1;0;0;0;0;0;0;0;0;;Oui;;Le dépistage précoce;5;VRAI;Oui , beaucoup;Maladie traitable;Non ;Non;;;;Le dépistage précoce
25;Feminin ;Sud kivu;celibataire ;9;Universite Officielle de Bukavu ( UOB);OUI;Mes cours a l' universite \ Formation médicale;1;0;0;0;0;0;;Une prolifération incontrôlée de cellules anormales;0;1;0;0;0;;Cancer colorectal   Leucémie   Retinoblastome   cancer du sein  Lymphome  Meduloblastome  cancer de l'uterus  cancer des ovaires  cancer de poumons  Cancer de la prostate  cancer de la peau ;1;1;1;1;1;1;1;1;1;1;1;0;0;;Tabagiste  Mauvaise alimentation (e.g., excès de viande rouge, faible en fruits/légumes) Infections (e.g., HPV, hépatite B/C) Exposition à des substances chimiques / Pollution de la nature Facteurs génétiques / Héréditaires;1;0;1;0;1;1;1;0;0;0;0;0;;Faux ;VRAI;Je ne sais pas ;VRAI;Je ne sais pas ;Faux ;VRAI;Je ne sais pas ;Vaccination (e.g., contre HPV) Dépistage régulier (e.g., mammographie, frottis cervical) Arrêt du tabac Alimentation saine et exercice physique  Évitement des expositions environnementales;1;1;1;1;1;0;0;0;;Filles avant le début de la vie sexuelle;VRAI;si detecte et pris en charge au stade precoce ;Chirurgie  Chimiotherapie  Immunotherapie  Radiotherapie ;1;1;1;0;1;0;0;0;0;;Soulager la douleur et les autres symptômes (dyspnée, nausées, anxiété);;Diagnostic tardif  Manque d'accès aux traitements  Insuffisance de ressources (e.g., équipements, personnel specialise dans sa prise en charge );1;1;1;0;0;0;0;0;0;;Non;Maque des vaccins, le diagnostic est posé tardivement et les médicaments sont inaccessibles;Disponibiliser des mesures accessibles pour le dépistage pour tous;1;VRAI;Je ne sais pas ;Traitable;Non ;Non;;;;Un dépistage gratuite serait bénéfique pour un diagnostic précoce
29;Masculin;Nord kivu;celibataire ;10;Universite catholique de Graben ;OUI;Mes cours a l' universite \ Formation médicale Littérature scientifique / Livres  Expérience clinique  durant mon  Stages;1;0;0;1;1;0;;Une prolifération incontrôlée de cellules anormales;0;1;0;0;0;;Cancer colorectal   Leucémie   Retinoblastome   cancer du sein  Lymphome  Meduloblastome  cancer de l'uterus  cancer des ovaires  cancer de poumons  Cancer de la prostate  cancer de la peau ;1;1;1;1;1;1;1;1;1;1;1;0;0;;Tabagiste  Consomation d'alocool  Mauvaise alimentation (e.g., excès de viande rouge, faible en fruits/légumes) Infections (e.g., HPV, hépatite B/C) Exposition à des substances chimiques / Pollution de la nature Facteurs génétiques / Héréditaires;1;1;1;0;1;1;1;0;0;0;0;0;;Faux ;VRAI;Vrai ;VRAI;VRAI;Faux ;VRAI;VRAI;Vaccination (e.g., contre HPV) Dépistage régulier (e.g., mammographie, frottis cervical) Arrêt du tabac Alimentation saine et exercice physique  Évitement des expositions environnementales Examen genetiques pour les familles a risque;1;1;1;1;1;1;0;0;;Femmes de plus de 50 ans ;VRAI;si detecte et pris en charge au stade precoce ;Chirurgie  Chimiotherapie  Radiotherapie ;1;1;0;0;1;0;0;0;0;;Soulager la douleur et les autres symptômes (dyspnée, nausées, anxiété);;Diagnostic tardif  Pauvreté / Manque de moyens financiers  ;1;0;0;0;0;1;0;0;0;;Non;Diagnostics souvent tardifs;Dépistage;3;VRAI;Non ;Traitable;Non ;Oui;Un frere /soeur ;;;Sensibilisation sur le dépistage et le caractère curable si diagnostic et traitement précoces
25;Feminin ;Nord kivu;celibataire ;13;Universite catholique de Graben ;OUI;Mes cours a l' universite \ Formation médicale Médias (TV, radio, internet) Littérature scientifique / Livres  Expérience clinique  durant mon  Stages;1;1;0;1;1;0;;Une prolifération incontrôlée de cellules anormales;0;1;0;0;0;;Cancer colorectal   cancer du sein  cancer de l'uterus  cancer de poumons  Cancer de la prostate ;1;0;0;1;0;0;1;0;1;1;0;0;0;;Tabagiste  Exposition à des substances chimiques / Pollution de la nature;1;0;0;0;0;1;0;0;0;0;0;0;;Je ne sais pas ;VRAI;Vrai ;VRAI;VRAI;Faux ;Faux ;Faux ;Vaccination (e.g., contre HPV) Dépistage régulier (e.g., mammographie, frottis cervical) Arrêt du tabac Examen genetiques pour les familles a risque;1;1;1;0;0;1;0;0;;Filles avant le début de la vie sexuelle;Faux ;;Chimiotherapie ;0;1;0;0;0;0;0;0;0;;Soulager la douleur et les autres symptômes (dyspnée, nausées, anxiété);;Diagnostic tardif  Niveau d'education de la population bas  Pauvreté / Manque de moyens financiers  ;1;0;0;1;0;1;0;0;0;;Je ne sais pas;;Arrêt du tabac;5;VRAI;Non ;Traitable;Non ;Non;;;;La prévention
30;Masculin;Nord kivu;celibataire ;14;Universite catholique de Graben ;OUI;Mes cours a l' universite \ Formation médicale;1;0;0;0;0;0;;Une prolifération incontrôlée de cellules anormales;0;1;0;0;0;;Cancer colorectal   Leucémie   Retinoblastome   cancer du sein  Lymphome  Meduloblastome  cancer de l'uterus  cancer des ovaires  cancer de poumons  Cancer de la prostate  cancer de la peau ;1;1;1;1;1;1;1;1;1;1;1;0;0;;Tabagiste  Infections (e.g., HPV, hépatite B/C) Exposition à des substances chimiques / Pollution de la nature Facteurs génétiques / Héréditaires;1;0;0;0;1;1;1;0;0;0;0;0;;Faux ;VRAI;Faux ;Faux ;Je ne sais pas ;Faux ;Faux ;VRAI;Dépistage régulier (e.g., mammographie, frottis cervical) Arrêt du tabac Examen genetiques pour les familles a risque;0;1;1;0;0;1;0;0;;Filles avant le début de la vie sexuelle;VRAI;si detecte et pris en charge au stade precoce ;Chirurgie  Chimiotherapie  Immunotherapie  Radiotherapie  traitement paliatif ;1;1;1;0;1;1;0;0;0;;Améliorer la qualité de vie du patient et de sa famille;;Insuffisance de ressources (e.g., équipements, personnel specialise dans sa prise en charge );0;0;1;0;0;0;0;0;0;;Non;Manque des moyens;Éviter les facteurs de risque;4;Faux ;Je ne sais pas ;Maladie organique;Non ;Non;;;;Sensibiliser la population contre les facteurs de risque
24;Feminin ;Sud kivu;celibataire ;7;Universite Evangelique en Afrique ;OUI;Mes cours a l' universite \ Formation médicale Littérature scientifique / Livres  Expérience clinique  durant mon  Stages;1;0;0;1;1;0;;Une prolifération incontrôlée de cellules anormales;0;1;0;0;0;;Cancer colorectal   Leucémie   Retinoblastome   cancer du sein  Meduloblastome  cancer de l'uterus  cancer des ovaires  cancer de poumons  Cancer de la prostate  cancer de la peau ;1;1;1;1;0;1;1;1;1;1;1;0;0;;Tabagiste  Consomation d'alocool  Infections (e.g., HPV, hépatite B/C);1;1;0;0;1;0;0;0;0;0;0;0;;Faux ;VRAI;Vrai ;VRAI;Faux ;Faux ;VRAI;VRAI;Vaccination (e.g., contre HPV) Dépistage régulier (e.g., mammographie, frottis cervical) Arrêt du tabac Alimentation saine et exercice physique  Évitement des expositions environnementales Examen genetiques pour les familles a risque;1;1;1;1;1;1;0;0;;Filles avant le début de la vie sexuelle;VRAI;si detecte et pris en charge au stade precoce ;Chirurgie  Chimiotherapie  Radiotherapie  traitement paliatif ;1;1;0;0;1;1;0;0;0;;Soulager la douleur et les autres symptômes (dyspnée, nausées, anxiété);;Diagnostic tardif  Manque d'accès aux traitements  Insuffisance de ressources (e.g., équipements, personnel specialise dans sa prise en charge ) Niveau d'education de la population bas  Facteurs socioculturels (e.g., recours à la médecine traditionnelle)    Pauvreté / Manque de moyens financiers  ;1;1;1;1;1;1;0;0;0;;Non;Niveau bas d'éducation de la population et insuffisance de ressources en milieu hospitalier;Dépistage gratuit de certains cancers et vaccination;1;VRAI;Oui , beaucoup;Le cancer est une maladie traitable.;Non ;Non;;;;Créer des projets de soutien et prise en charge des patients souffrant des cancers
23;Feminin ;Nord kivu;celibataire ;11;Universite catholique de Graben ;OUI;Mes cours a l' universite \ Formation médicale;1;0;0;0;0;0;;Une prolifération incontrôlée de cellules anormales;0;1;0;0;0;;cancer de l'uterus ;0;0;0;0;0;0;1;0;0;0;0;0;0;;Tabagiste  Consomation d'alocool  Infections (e.g., HPV, hépatite B/C);1;1;0;0;1;0;0;0;0;0;0;0;;Je ne sais pas ;VRAI;Vrai ;VRAI;Je ne sais pas ;Je ne sais pas ;Faux ;VRAI;Vaccination (e.g., contre HPV) Dépistage régulier (e.g., mammographie, frottis cervical) Arrêt du tabac;1;1;1;0;0;0;0;0;;Filles avant le début de la vie sexuelle;VRAI;si detecte et pris en charge au stade precoce ;Chirurgie  Chimiotherapie  Radiotherapie ;1;1;0;0;1;0;0;0;0;;Soulager la douleur et les autres symptômes (dyspnée, nausées, anxiété);;Diagnostic tardif  Niveau d'education de la population bas  Facteurs socioculturels (e.g., recours à la médecine traditionnelle)    Pauvreté / Manque de moyens financiers  ;1;0;0;1;1;1;0;0;0;;Non;Équipement;Dépistage régulier;1;VRAI;Oui , beaucoup;Traitable;Non ;Non;;;;Dépistage regulier
26;Masculin;Nord kivu;celibataire ;14;Universite catholique de Graben ;OUI;Mes cours a l' universite \ Formation médicale;1;0;0;0;0;0;;Une prolifération incontrôlée de cellules anormales;0;1;0;0;0;;Cancer colorectal   Leucémie   Retinoblastome   cancer du sein  Lymphome  cancer de l'uterus  cancer des ovaires  cancer de poumons  Cancer de la prostate  cancer de la peau ;1;1;1;1;1;0;1;1;1;1;1;0;0;;Tabagiste  Infections (e.g., HPV, hépatite B/C) Exposition à des substances chimiques / Pollution de la nature Facteurs génétiques / Héréditaires;1;0;0;0;1;1;1;0;0;0;0;0;;Faux ;VRAI;Vrai ;VRAI;Je ne sais pas ;Faux ;Je ne sais pas ;VRAI;Vaccination (e.g., contre HPV) Dépistage régulier (e.g., mammographie, frottis cervical) Arrêt du tabac Évitement des expositions environnementales Examen genetiques pour les familles a risque;1;1;1;0;1;1;0;0;;Filles avant le début de la vie sexuelle;VRAI;si detecte et pris en charge au stade precoce ;Chirurgie  Chimiotherapie  Therapie cible  Radiotherapie  traitement paliatif ;1;1;0;1;1;1;0;0;0;;Soulager la douleur et les autres symptômes (dyspnée, nausées, anxiété);;Diagnostic tardif  Manque d'accès aux traitements  Insuffisance de ressources (e.g., équipements, personnel specialise dans sa prise en charge ) Niveau d'education de la population bas  Facteurs socioculturels (e.g., recours à la médecine traditionnelle)    Pauvreté / Manque de moyens financiers  ;1;1;1;1;1;1;0;0;0;;Non;Manque information, vaccin et structure et personnel spécifique;Formation et dépistage de cancers;3;Je ne sais pas ;Oui , beaucoup;Trainable;Non ;Non;;;;Information de la communauté et dépistage
30;Masculin;Maniema ;Marié;16;Universite de kindu ;OUI;Mes cours a l' universite \ Formation médicale;1;0;0;0;0;0;;Une prolifération incontrôlée de cellules anormales;0;1;0;0;0;;Cancer colorectal   Leucémie   Retinoblastome   cancer du sein  Lymphome  Meduloblastome  cancer de l'uterus  cancer des ovaires  cancer de poumons  Cancer de la prostate  cancer de la peau ;1;1;1;1;1;1;1;1;1;1;1;0;0;;Tabagiste  Infections (e.g., HPV, hépatite B/C);1;0;0;0;1;0;0;0;0;0;0;0;;Faux ;VRAI;Faux ;VRAI;VRAI;Faux ;VRAI;VRAI;Vaccination (e.g., contre HPV) Dépistage régulier (e.g., mammographie, frottis cervical);1;1;0;0;0;0;0;0;;Filles avant le début de la vie sexuelle;VRAI;si detecte et pris en charge au stade precoce ;Chirurgie  Chimiotherapie  Radiotherapie ;1;1;0;0;1;0;0;0;0;;Soulager la douleur et les autres symptômes (dyspnée, nausées, anxiété);;Diagnostic tardif ;1;0;0;0;0;0;0;0;0;;Non;Éducation insuffisance à la population;Dépistage précoce et vaccination à toutes les filles en âge de procréation;2;VRAI;Oui , beaucoup;Une vraie maladie que la population ne parviens pas à comprendre jusqu'à présent que cette maladie existe;Non ;Non;;;;Prévention et prise en charge précoce
28;Masculin;Maniema ;Marié;2;Universite de kindu ;OUI;Mes cours a l' universite \ Formation médicale;1;0;0;0;0;0;;Une prolifération incontrôlée de cellules anormales;0;1;0;0;0;;Cancer colorectal   Leucémie   Retinoblastome   cancer du sein  Lymphome  Meduloblastome  cancer de l'uterus  cancer des ovaires  cancer de poumons  Cancer de la prostate  cancer de la peau ;1;1;1;1;1;1;1;1;1;1;1;0;0;;Tabagiste  Infections (e.g., HPV, hépatite B/C) Exposition à des substances chimiques / Pollution de la nature;1;0;0;0;1;1;0;0;0;0;0;0;;Faux ;VRAI;Vrai ;VRAI;VRAI;Faux ;Faux ;VRAI;Dépistage régulier (e.g., mammographie, frottis cervical) Arrêt du tabac Évitement des expositions environnementales Examen genetiques pour les familles a risque;0;1;1;0;1;1;0;0;;Filles avant le début de la vie sexuelle;Faux ;;Chimiotherapie  Radiotherapie ;0;1;0;0;1;0;0;0;0;;Soulager la douleur et les autres symptômes (dyspnée, nausées, anxiété);;Manque d'accès aux traitements ;0;1;0;0;0;0;0;0;0;;Non;Manque d'éducation, l'évolution lente de certains types de cancer, le problème de l'économie financière;Vaccination contre le vpm, le dépistage volontaire, renforcer la sensibilisation et l'éducation sur le cancer moyennant la formation de relais communautaires;5;VRAI;Non ;C'est une maladie traitable;Non ;Non;;;;Diagnostique plus tôt et prévenir d'avantage
26;Masculin;Maniema ;Marié;1;Universite de kindu ;OUI;Mes cours a l' universite \ Formation médicale Médias (TV, radio, internet) Famille / Amis Littérature scientifique / Livres ;1;1;1;1;0;0;;Une prolifération incontrôlée de cellules anormales;0;1;0;0;0;;Cancer colorectal   Leucémie   Retinoblastome   cancer du sein  Lymphome  Meduloblastome  cancer de l'uterus  cancer des ovaires  cancer de poumons  Cancer de la prostate  cancer de la peau ;1;1;1;1;1;1;1;1;1;1;1;0;0;;Tabagiste  Consomation d'alocool  Mauvaise alimentation (e.g., excès de viande rouge, faible en fruits/légumes) Infections (e.g., HPV, hépatite B/C) Exposition à des substances chimiques / Pollution de la nature Mythes culturels ( sorcellerie);1;1;1;0;1;1;0;0;1;0;0;0;;Faux ;VRAI;Vrai ;VRAI;VRAI;Faux ;VRAI;VRAI;Vaccination (e.g., contre HPV) Dépistage régulier (e.g., mammographie, frottis cervical) Arrêt du tabac Alimentation saine et exercice physique ;1;1;1;1;0;0;0;0;;Filles avant le début de la vie sexuelle;VRAI;si detecte et pris en charge au stade precoce ;Chirurgie  Chimiotherapie  Immunotherapie  Therapie cible  Radiotherapie  traitement paliatif  Traitement traditionnel / Herbes ;1;1;1;1;1;1;1;0;0;;Améliorer la qualité de vie du patient et de sa famille;;Diagnostic tardif  Manque d'accès aux traitements  Insuffisance de ressources (e.g., équipements, personnel specialise dans sa prise en charge ) Niveau d'education de la population bas  Facteurs socioculturels (e.g., recours à la médecine traditionnelle)    Pauvreté / Manque de moyens financiers  ;1;1;1;1;1;1;0;0;0;;Non;les cancers ne sont pas détecter precocement;Traitement precoce;5;VRAI;Oui , beaucoup;Traitable;Oui;Oui;arriere grand parent ;Combinaison des deux ;Guérison  ;Le traitement doit être precocement
28;Feminin ;Maniema ;celibataire ;1;Universite de kindu ;OUI;Mes cours a l' universite \ Formation médicale;1;0;0;0;0;0;;Une infection aiguë;1;0;0;0;0;; cancer du sein ;0;0;0;1;0;0;0;0;0;0;0;0;0;;Facteurs génétiques / Héréditaires;0;0;0;0;0;0;1;0;0;0;0;0;;Faux ;VRAI;Vrai ;VRAI;Je ne sais pas ;Faux ;Faux ;VRAI;Dépistage régulier (e.g., mammographie, frottis cervical);0;1;0;0;0;0;0;0;;Femmes de plus de 50 ans ;VRAI;si detecte et pris en charge au stade precoce ;Chirurgie ;1;0;0;0;0;0;0;0;0;;Soulager la douleur et les autres symptômes (dyspnée, nausées, anxiété);;Pauvreté / Manque de moyens financiers  ;0;0;0;0;0;1;0;0;0;;Non;Non manque de volonté de notre gouvernement;Donnez les conseils au personne touche et fait de campagne pour mobiliser tout ce lui qui est concerné du cancer;2;VRAI;Oui , moderement ;C'est une maladie traitable et non maudible;Non ;Non;;;;Conseil au gens qui fume de laisser à fumer, de faire de campagne de mobilisation pour c'est la qui sont moins informé que le cancer.
26;Masculin;Maniema ;celibataire ;1;Universite de kindu ;OUI;Mes cours a l' universite \ Formation médicale;1;0;0;0;0;0;;Une prolifération incontrôlée de cellules anormales;0;1;0;0;0;;cancer de poumons ;0;0;0;0;0;0;0;0;1;0;0;0;0;;Tabagiste ;1;0;0;0;0;0;0;0;0;0;0;0;;Faux ;VRAI;Vrai ;VRAI;VRAI;Faux ;Je ne sais pas ;VRAI;Dépistage régulier (e.g., mammographie, frottis cervical);0;1;0;0;0;0;0;0;;Filles avant le début de la vie sexuelle;VRAI;si detecte et pris en charge au stade precoce ;Chirurgie  Chimiotherapie  Radiotherapie  traitement paliatif ;1;1;0;0;1;1;0;0;0;;Soulager la douleur et les autres symptômes (dyspnée, nausées, anxiété);;Diagnostic tardif  Manque d'accès aux traitements  Insuffisance de ressources (e.g., équipements, personnel specialise dans sa prise en charge ) Pauvreté / Manque de moyens financiers  ;1;1;1;0;0;1;0;0;0;;Non;Manque de moyens financiers, non équipements de structures sanitaires,  manque des personnels bien formés au sujets du cancer;Autopalpation de sein et de testicule,  dépistage réguliers;1;Je ne sais pas ;Oui , moderement ;Traitable;Non ;Non;;;;Éduquer la population sur l'autopalpation des sein et testicule, equipé les structures sanitaires  et  former les personnels  médicales sur le cancer
27;Masculin;Maniema ;celibataire ;1;Universite de kindu ;OUI;Mes cours a l' universite \ Formation médicale;1;0;0;0;0;0;;Une prolifération incontrôlée de cellules anormales;0;1;0;0;0;; cancer du sein ;0;0;0;1;0;0;0;0;0;0;0;0;0;;Facteurs génétiques / Héréditaires;0;0;0;0;0;0;1;0;0;0;0;0;;Faux ;VRAI;Faux ;VRAI;VRAI;Faux ;VRAI;VRAI;Dépistage régulier (e.g., mammographie, frottis cervical);0;1;0;0;0;0;0;0;;Filles avant le début de la vie sexuelle;VRAI;si detecte et pris en charge au stade precoce ;Radiotherapie ;0;0;0;0;1;0;0;0;0;;Soulager la douleur et les autres symptômes (dyspnée, nausées, anxiété);;Diagnostic tardif ;1;0;0;0;0;0;0;0;0;;Non;Manque d'équipements et personnels;Dépistage précoce, vaccination;1;VRAI;Oui , beaucoup;Traitable si le dépistage est précoce;Non ;Oui;un oncle /Tente ;;;Renforcer les équipements dans les hôpitaux et maîtres les personnels qualifiés en cancérologie
28;Masculin;Maniema ;Marié;14;Universite de kindu ;OUI;Mes cours a l' universite \ Formation médicale Littérature scientifique / Livres  Expérience clinique  durant mon  Stages;1;0;0;1;1;0;;Une prolifération incontrôlée de cellules anormales;0;1;0;0;0;;Cancer colorectal   Leucémie    cancer du sein  Lymphome  cancer de l'uterus  cancer de poumons  Cancer de la prostate ;1;1;0;1;1;0;1;0;1;1;0;0;0;;Tabagiste  Mauvaise alimentation (e.g., excès de viande rouge, faible en fruits/légumes) Infections (e.g., HPV, hépatite B/C);1;0;1;0;1;0;0;0;0;0;0;0;;Faux ;VRAI;Vrai ;VRAI;Je ne sais pas ;Faux ;Faux ;VRAI;Vaccination (e.g., contre HPV) Dépistage régulier (e.g., mammographie, frottis cervical) Arrêt du tabac Évitement des expositions environnementales;1;1;1;0;1;0;0;0;;Filles avant le début de la vie sexuelle;VRAI;si detecte et pris en charge au stade precoce ;Chirurgie  Chimiotherapie  Immunotherapie  traitement paliatif ;1;1;1;0;0;1;0;0;0;;Soulager la douleur et les autres symptômes (dyspnée, nausées, anxiété);;Diagnostic tardif  Manque d'accès aux traitements  Insuffisance de ressources (e.g., équipements, personnel specialise dans sa prise en charge ) Pauvreté / Manque de moyens financiers  ;1;1;1;0;0;1;0;0;0;;Non;Manque des personnels spécialisés dans le domaine de cancérologie dans les différents coin de la RDC;Se faire consulter à temps, diagnostic précoce, pris en charge précoce, et avoir des personnels spécialisés dans les hôpitaux,...;5;VRAI;Oui , moderement ;Traitable si le diagnostic est posé à temps;Non ;Non;;;;Dépistage précoce
30;Masculin;Maniema ;celibataire ;15;Universite de kindu ;OUI;Mes cours a l' universite \ Formation médicale;1;0;0;0;0;0;;Une infection aiguë;1;0;0;0;0;; cancer du sein ;0;0;0;1;0;0;0;0;0;0;0;0;0;;Tabagiste  Mauvaise alimentation (e.g., excès de viande rouge, faible en fruits/légumes);1;0;1;0;0;0;0;0;0;0;0;0;;VRAI;VRAI;Vrai ;VRAI;VRAI;Faux ;VRAI;VRAI;Vaccination (e.g., contre HPV) Arrêt du tabac;1;0;1;0;0;0;0;0;;Femmes de plus de 50 ans ;Faux ;;Chimiotherapie ;0;1;0;0;0;0;0;0;0;;Soulager la douleur et les autres symptômes (dyspnée, nausées, anxiété);;Diagnostic tardif ;1;0;0;0;0;0;0;0;0;;Oui;;Diminuer la consommation de tabac et alcool;1;VRAI;Oui , moderement ;Il faut se prévenir;Oui;Oui;Un parent ;Traitement médical conventionnel (e.g., hôpital) ;Guérison  ;La prévention
27;Masculin;Autre province ;celibataire ;1;Universite de kindu ;OUI;Mes cours a l' universite \ Formation médicale;1;0;0;0;0;0;;Une prolifération incontrôlée de cellules anormales;0;1;0;0;0;;Cancer colorectal   Leucémie   Retinoblastome   cancer du sein  Lymphome  Meduloblastome  cancer de l'uterus  cancer des ovaires  cancer de poumons  Cancer de la prostate  cancer de la peau ;1;1;1;1;1;1;1;1;1;1;1;0;0;;Tabagiste  Consomation d'alocool  Infections (e.g., HPV, hépatite B/C) Exposition à des substances chimiques / Pollution de la nature Facteurs génétiques / Héréditaires Vieillissement ( age );1;1;0;0;1;1;1;1;0;0;0;0;;Faux ;VRAI;Vrai ;VRAI;VRAI;Faux ;VRAI;VRAI;Vaccination (e.g., contre HPV) Dépistage régulier (e.g., mammographie, frottis cervical) Arrêt du tabac Évitement des expositions environnementales Examen genetiques pour les familles a risque;1;1;1;0;1;1;0;0;;Filles avant le début de la vie sexuelle;VRAI;si detecte et pris en charge au stade precoce ;Chirurgie  Chimiotherapie  Immunotherapie  Radiotherapie ;1;1;1;0;1;0;0;0;0;;Soulager la douleur et les autres symptômes (dyspnée, nausées, anxiété);;Diagnostic tardif  Manque d'accès aux traitements  Insuffisance de ressources (e.g., équipements, personnel specialise dans sa prise en charge ) Niveau d'education de la population bas  Facteurs socioculturels (e.g., recours à la médecine traditionnelle)    Pauvreté / Manque de moyens financiers  ;1;1;1;1;1;1;0;0;0;;Non;Manque des matériels nécessaires, manque de la sensibilisation jusqu'au fin fond de la population ( niveau de base), nombre insuffisant des spécialistes et techniciens habilités en cancérologie;Suppression des facteurs favorisants( tabac, rapport sexuel précoce et non protégé), se faire dépister précocement, la vaccination, amélioration de la vie socio-économique de la population afin d'avoir accès au traitement;1;VRAI;Oui , beaucoup;C'est une maladie traitable;Non ;Non;;;;Multiplier le nombre des centres pour le dépistage, augmenter le nombre des personnels qualifiés dans tous les coins de la région, équiper les centres de cancérologie, la formation continue des personnels.
26;Masculin;Maniema ;celibataire ;18;Universite de kindu ;OUI;Mes cours a l' universite \ Formation médicale;1;0;0;0;0;0;;Une infection aiguë Une prolifération incontrôlée de cellules anormales Une inflammation passagère;1;1;1;0;0;;Cancer colorectal   Leucémie   Retinoblastome   cancer du sein  Meduloblastome  cancer de l'uterus  cancer des ovaires  Cancer de la prostate  cancer de la peau ;1;1;1;1;0;1;1;1;0;1;1;0;0;;Tabagiste  Consomation d'alocool  Mauvaise alimentation (e.g., excès de viande rouge, faible en fruits/légumes) Manque d'exercice physique Infections (e.g., HPV, hépatite B/C) Exposition à des substances chimiques / Pollution de la nature Facteurs génétiques / Héréditaires Vieillissement ( age );1;1;1;1;1;1;1;1;0;0;0;0;;VRAI;VRAI;Vrai ;VRAI;VRAI;VRAI;VRAI;VRAI;Vaccination (e.g., contre HPV) Dépistage régulier (e.g., mammographie, frottis cervical) Arrêt du tabac Alimentation saine et exercice physique  Évitement des expositions environnementales;1;1;1;1;1;0;0;0;;Filles avant le début de la vie sexuelle;VRAI;si detecte et pris en charge au stade precoce ;Chirurgie  Chimiotherapie  Immunotherapie  Therapie cible  Radiotherapie ;1;1;1;1;1;0;0;0;0;;Soulager la douleur et les autres symptômes (dyspnée, nausées, anxiété);;Diagnostic tardif  Manque d'accès aux traitements  Insuffisance de ressources (e.g., équipements, personnel specialise dans sa prise en charge ) Niveau d'education de la population bas  Facteurs socioculturels (e.g., recours à la médecine traditionnelle)   ;1;1;1;1;1;0;0;0;0;;Oui;;Dépistage précoce;3;VRAI;Oui , beaucoup;Traiter;Non ;Non;;;;Dépistage précoce
26;Feminin ;Maniema ;celibataire ;2;Universite de kindu ;OUI;Mes cours a l' universite \ Formation médicale;1;0;0;0;0;0;Radio;Une prolifération incontrôlée de cellules anormales;0;1;0;0;0;; cancer du sein ;0;0;0;1;0;0;0;0;0;0;0;0;0;;Facteurs génétiques / Héréditaires;0;0;0;0;0;0;1;0;0;0;0;0;;Faux ;VRAI;Vrai ;VRAI;VRAI;Faux ;VRAI;VRAI;Dépistage régulier (e.g., mammographie, frottis cervical);0;1;0;0;0;0;0;0;;Femmes de plus de 50 ans;VRAI;;Chirurgie  Chimiotherapie  Immunotherapie  Radiotherapie  traitement paliatif ;1;1;1;0;1;1;0;0;0;Traitement palliatif s'il y a déjà des métastases;Soulager la douleur et les autres symptômes (dyspnée, nausées, anxiété);Soulage la douleur pas d'autres;Diagnostic tardif  Manque d'accès aux traitements ;1;1;0;0;0;0;0;0;0;Manque des moyens pour faire les dépistage précoce;Non;;Pas des rapports sexuels non protégés, dépistage précoce;1;Faux ;Oui , moderement ;Traitable;Non ;Non;;;;Dépistage gratuit et précoce
26;Feminin ;Maniema ;celibataire ;2;Universite de kindu ;OUI;Mes cours a l' universite \ Formation médicale;1;0;0;0;0;0;Radio;Une prolifération incontrôlée de cellules anormales;0;1;0;0;0;; cancer du sein ;0;0;0;1;0;0;0;0;0;0;0;0;0;;Exposition à des substances chimiques / Pollution de la nature;0;0;0;0;0;1;0;0;0;0;0;0;;Faux ;VRAI;Vrai ;VRAI;VRAI;Faux ;VRAI;VRAI;Vaccination (e.g., contre HPV) Dépistage régulier (e.g., mammographie, frottis cervical) Arrêt du tabac Examen genetiques pour les familles a risque;1;1;1;0;0;1;0;0;Utilisation des tabliers pour les qui travaillent à la radiographie, rapport sexuel protégé;Femmes de plus de 50 ans;VRAI;;Chimiotherapie  Immunotherapie  Radiotherapie  traitement paliatif ;0;1;1;0;1;1;0;0;0;;Soulager la douleur et les autres symptômes (dyspnée, nausées, anxiété);Diminuer la douleur;Diagnostic tardif ;1;0;0;0;0;0;0;0;0;Manque de moyen pour faire le dépistage précoce;Non;;Dépistage précoce des cancers;1;Faux ;Oui , moderement ;Traitable;Non ;Non;;;;Dépistage précoce
22;Masculin;Maniema ;celibataire ;2;Universite de kindu ;OUI;Mes cours a l' universite \ Formation médicale;1;0;0;0;0;0;;Une prolifération incontrôlée de cellules anormales;0;1;0;0;0;;Cancer colorectal   Leucémie   Retinoblastome   cancer du sein  Lymphome  Meduloblastome  cancer de l'uterus  cancer des ovaires  cancer de poumons  Cancer de la prostate  cancer de la peau ;1;1;1;1;1;1;1;1;1;1;1;0;0;;Tabagiste  Consomation d'alocool  Mauvaise alimentation (e.g., excès de viande rouge, faible en fruits/légumes) Manque d'exercice physique Infections (e.g., HPV, hépatite B/C) Exposition à des substances chimiques / Pollution de la nature Facteurs génétiques / Héréditaires Vieillissement ( age ) Mythes culturels ( sorcellerie);1;1;1;1;1;1;1;1;1;0;0;0;;Faux ;VRAI;Vrai ;VRAI;VRAI;VRAI;VRAI;VRAI;Vaccination (e.g., contre HPV) Dépistage régulier (e.g., mammographie, frottis cervical) Arrêt du tabac Alimentation saine et exercice physique  Évitement des expositions environnementales Examen genetiques pour les familles a risque;1;1;1;1;1;1;0;0;;Femmes de plus de 50 ans ;VRAI;si detecte et pris en charge au stade precoce ;Chirurgie  Chimiotherapie  Immunotherapie  Therapie cible  Radiotherapie  traitement paliatif  Traitement traditionnel / Herbes ;1;1;1;1;1;1;1;0;0;;Soulager la douleur et les autres symptômes (dyspnée, nausées, anxiété);;Diagnostic tardif ;1;0;0;0;0;0;0;0;0;;Non;Manque de volonté des autorités du pays;Mettre en place une équipe spécialisée qui sera là pour informer la population sur les facteurs de risques et comment prévenir le cancer, cela réduirait d'avantage les dégât liés au cancer;5;VRAI;Oui , beaucoup;C'est une maladie comme les autres;Non ;Non;;;;Informer la population sur l'existence et les dégâts que le cancer peut causer et aussi le gouvernement doit mettre en place une équipe spécialisée qui sera là pour la dépistage du cancer chaque fin de trimestre
29;Masculin;Maniema ;celibataire ;12;Universite de kindu ;OUI;Mes cours a l' universite \ Formation médicale;1;0;0;0;0;0;;Une prolifération incontrôlée de cellules anormales;0;1;0;0;0;; Leucémie    cancer du sein  Lymphome  cancer de l'uterus  cancer des ovaires  Cancer de la prostate  cancer de la peau ;0;1;0;1;1;0;1;1;0;1;1;0;0;;Tabagiste  Consomation d'alocool  Mauvaise alimentation (e.g., excès de viande rouge, faible en fruits/légumes) Manque d'exercice physique Infections (e.g., HPV, hépatite B/C) Exposition à des substances chimiques / Pollution de la nature Facteurs génétiques / Héréditaires Vieillissement ( age );1;1;1;1;1;1;1;1;0;0;0;0;;VRAI;VRAI;Vrai ;VRAI;VRAI;Faux ;Je ne sais pas ;Je ne sais pas ;Vaccination (e.g., contre HPV) Dépistage régulier (e.g., mammographie, frottis cervical) Arrêt du tabac Alimentation saine et exercice physique  Évitement des expositions environnementales Examen genetiques pour les familles a risque;1;1;1;1;1;1;0;0;;Filles avant le début de la vie sexuelle;VRAI;si detecte et pris en charge au stade precoce ;Chirurgie  Chimiotherapie  Immunotherapie  Radiotherapie ;1;1;1;0;1;0;0;0;0;;Soulager la douleur et les autres symptômes (dyspnée, nausées, anxiété);;Diagnostic tardif  Manque d'accès aux traitements  Niveau d'education de la population bas  Pauvreté / Manque de moyens financiers  ;1;1;0;1;0;1;0;0;0;;Je ne sais pas;;Dépistage;5;VRAI;Je ne sais pas ;Traitable;Non ;Non;;;;Dépistage
25;Masculin;Maniema ;celibataire ;11;Universite de kindu ;OUI;Littérature scientifique / Livres ;0;0;0;1;0;0;;Une prolifération incontrôlée de cellules anormales;0;1;0;0;0;; Leucémie    cancer du sein  Lymphome  cancer des ovaires  cancer de poumons  Cancer de la prostate  cancer de la peau ;0;1;0;1;1;0;0;1;1;1;1;0;0;;Tabagiste  Infections (e.g., HPV, hépatite B/C) Exposition à des substances chimiques / Pollution de la nature;1;0;0;0;1;1;0;0;0;0;0;0;;Faux ;VRAI;Vrai ;VRAI;Faux ;Faux ;Faux ;VRAI;Vaccination (e.g., contre HPV) Dépistage régulier (e.g., mammographie, frottis cervical) Arrêt du tabac Alimentation saine et exercice physique  Évitement des expositions environnementales;1;1;1;1;1;0;0;0;;Filles avant le début de la vie sexuelle;Faux ;;Chirurgie  Chimiotherapie  Radiotherapie ;1;1;0;0;1;0;0;0;0;;Soulager la douleur et les autres symptômes (dyspnée, nausées, anxiété);;Diagnostic tardif  Insuffisance de ressources (e.g., équipements, personnel specialise dans sa prise en charge ) Niveau d'education de la population bas ;1;0;1;1;0;0;0;0;0;;Oui;;Sensibilisation forte et la vaccination contre les germes cancérigènes à l'occurence de HPV;1;Faux ;Oui , beaucoup;Traitable;Non ;Oui;autre ;;;Une forte sensibilisation et améliorer la prise en charge preventive,
18;Feminin ;Maniema ;celibataire ;1;Universite de kindu ;OUI;Mes cours a l' universite \ Formation médicale Médias (TV, radio, internet) Famille / Amis Littérature scientifique / Livres ;1;1;1;1;0;0;;Une prolifération incontrôlée de cellules anormales;0;1;0;0;0;; cancer du sein  cancer de poumons ;0;0;0;1;0;0;0;0;1;0;0;0;0;;Tabagiste  Consomation d'alocool  Mauvaise alimentation (e.g., excès de viande rouge, faible en fruits/légumes) Manque d'exercice physique Infections (e.g., HPV, hépatite B/C) Exposition à des substances chimiques / Pollution de la nature Facteurs génétiques / Héréditaires;1;1;1;1;1;1;1;0;0;0;0;0;;Faux ;VRAI;Vrai ;VRAI;Je ne sais pas ;Faux ;Faux ;Je ne sais pas ;Vaccination (e.g., contre HPV) Alimentation saine et exercice physique  Évitement des expositions environnementales Examen genetiques pour les familles a risque;1;0;0;1;1;1;0;0;;Filles avant le début de la vie sexuelle;VRAI;si detecte et pris en charge au stade precoce ;Chirurgie  Chimiotherapie  traitement paliatif  Traitement traditionnel / Herbes ;1;1;0;0;0;1;1;0;0;;Être intégrés précocement dans la prise en charge des cancers avancés;;Diagnostic tardif  Manque d'accès aux traitements  Insuffisance de ressources (e.g., équipements, personnel specialise dans sa prise en charge ) Facteurs socioculturels (e.g., recours à la médecine traditionnelle)    Pauvreté / Manque de moyens financiers  ;1;1;1;0;1;1;0;0;0;;Oui;;Réduire l'exposition aux substances chimiques;3;Je ne sais pas ;Oui , beaucoup;st une maladie traitable;Non ;Non;;;;Lutter contre le tabagisme, l'alcool, l'exposition aux substances chimiques,etc.
27;Masculin;Maniema ;Marié;14;Universite de kindu ;OUI;Mes cours a l' universite \ Formation médicale;1;0;0;0;0;0;;Une prolifération incontrôlée de cellules anormales;0;1;0;0;0;; cancer du sein  cancer de poumons ;0;0;0;1;0;0;0;0;1;0;0;0;0;;Consomation d'alocool ;0;1;0;0;0;0;0;0;0;0;0;0;;Faux ;VRAI;Faux ;VRAI;VRAI;Faux ;Faux ;VRAI;Dépistage régulier (e.g., mammographie, frottis cervical);0;1;0;0;0;0;0;0;;Filles avant le début de la vie sexuelle;VRAI;si detecte et pris en charge au stade precoce ;Chimiotherapie ;0;1;0;0;0;0;0;0;0;;Être intégrés précocement dans la prise en charge des cancers avancés;;Facteurs socioculturels (e.g., recours à la médecine traditionnelle)   ;0;0;0;0;1;0;0;0;0;;Oui;;Dépistage;1;Faux ;Oui , beaucoup;Maudite;Non ;Oui;Grand parents ;;;Le dépistage et la chimiothérapie
30;Masculin;Maniema ;celibataire ;14;Universite de kindu ;OUI;Mes cours a l' universite \ Formation médicale;1;0;0;0;0;0;;Une prolifération incontrôlée de cellules anormales;0;1;0;0;0;; cancer du sein ;0;0;0;1;0;0;0;0;0;0;0;0;0;;Tabagiste  Facteurs génétiques / Héréditaires;1;0;0;0;0;0;1;0;0;0;0;0;;Faux ;VRAI;Vrai ;VRAI;Je ne sais pas ;VRAI;Faux ;VRAI;Vaccination (e.g., contre HPV) Dépistage régulier (e.g., mammographie, frottis cervical) Évitement des expositions environnementales;1;1;0;0;1;0;0;0;;Patients avec un cancer cervical ou autre type ;VRAI;si detecte et pris en charge au stade precoce ;Chirurgie  Chimiotherapie ;1;1;0;0;0;0;0;0;0;;Soulager la douleur et les autres symptômes (dyspnée, nausées, anxiété);;Diagnostic tardif  Insuffisance de ressources (e.g., équipements, personnel specialise dans sa prise en charge ) Facteurs socioculturels (e.g., recours à la médecine traditionnelle)   ;1;0;1;0;1;0;0;0;0;;Je ne sais pas;;Sensibilisation;2;VRAI;Oui , beaucoup;C'est une maladie comme toute autre;Non ;Non;;;;Encourager le dépistage précoce et instaurer un traitement adéquat
27;Masculin;Sud kivu;celibataire ;10;Universite catholique de Graben ;OUI;Mes cours a l' universite \ Formation médicale;1;0;0;0;0;0;;Une prolifération incontrôlée de cellules anormales;0;1;0;0;0;;Cancer colorectal   Leucémie   Retinoblastome   cancer du sein  Lymphome  Meduloblastome  cancer de l'uterus  cancer des ovaires  cancer de poumons  Cancer de la prostate  cancer de la peau ;1;1;1;1;1;1;1;1;1;1;1;0;0;;Tabagiste  Consomation d'alocool  Exposition à des substances chimiques / Pollution de la nature Facteurs génétiques / Héréditaires;1;1;0;0;0;1;1;0;0;0;0;0;;Faux ;VRAI;Vrai ;VRAI;Je ne sais pas ;Faux ;Faux ;VRAI;Vaccination (e.g., contre HPV) Dépistage régulier (e.g., mammographie, frottis cervical) Arrêt du tabac Examen genetiques pour les familles a risque;1;1;1;0;0;1;0;0;;Filles avant le début de la vie sexuelle;Faux ;;Chimiotherapie  Immunotherapie  Radiotherapie  traitement paliatif ;0;1;1;0;1;1;0;0;0;;Soulager la douleur et les autres symptômes (dyspnée, nausées, anxiété);;Diagnostic tardif  Manque d'accès aux traitements  Insuffisance de ressources (e.g., équipements, personnel specialise dans sa prise en charge ) Pauvreté / Manque de moyens financiers  ;1;1;1;0;0;1;0;0;0;;Oui;;Vaccination et dépistage en temps;5;VRAI;Non ;Traitable si diagnostiqué en temps;Non ;Non;;;;Sensibilisation+ vaccination
24;Masculin;Maniema ;celibataire ;2;Universite de kindu ;OUI;Mes cours a l' universite \ Formation médicale Médias (TV, radio, internet) Littérature scientifique / Livres ;1;1;0;1;0;0;;Une infection aiguë Une prolifération incontrôlée de cellules anormales Une inflammation passagère;1;1;1;0;0;;Cancer colorectal   cancer du sein  Lymphome  cancer de l'uterus  cancer des ovaires  Cancer de la prostate  cancer de la peau ;1;0;0;1;1;0;1;1;0;1;1;0;0;;Tabagiste  Consomation d'alocool  Mauvaise alimentation (e.g., excès de viande rouge, faible en fruits/légumes) Infections (e.g., HPV, hépatite B/C) Exposition à des substances chimiques / Pollution de la nature Facteurs génétiques / Héréditaires Vieillissement ( age );1;1;1;0;1;1;1;1;0;0;0;0;;Faux ;VRAI;Vrai ;VRAI;VRAI;Faux ;VRAI;VRAI;Vaccination (e.g., contre HPV) Dépistage régulier (e.g., mammographie, frottis cervical) Arrêt du tabac Alimentation saine et exercice physique  Évitement des expositions environnementales;1;1;1;1;1;0;0;0;;Filles avant le début de la vie sexuelle;VRAI;si detecte et pris en charge au stade precoce ;Chirurgie  Chimiotherapie  Immunotherapie  Therapie cible  Radiotherapie  traitement paliatif ;1;1;1;1;1;1;0;0;0;;Soulager la douleur et les autres symptômes (dyspnée, nausées, anxiété);;Diagnostic tardif  Manque d'accès aux traitements  Insuffisance de ressources (e.g., équipements, personnel specialise dans sa prise en charge ) Niveau d'education de la population bas  Facteurs socioculturels (e.g., recours à la médecine traditionnelle)    Pauvreté / Manque de moyens financiers  ;1;1;1;1;1;1;0;0;0;;Non;Manque d'appui par le gouvernement national , absence de dépistage systématique.;Dépistage systématique programme, amélioration d'hygiène de vie.;5;VRAI;Oui , beaucoup;Le cancer est une maladie traitable.;Non ;Non;;;;Dépistage et vaccination
26;Masculin;Autre province ;celibataire ;1;Universite de kindu ;OUI;Mes cours a l' universite \ Formation médicale;1;0;0;0;0;0;;Une prolifération incontrôlée de cellules anormales;0;1;0;0;0;; cancer du sein ;0;0;0;1;0;0;0;0;0;0;0;0;0;;Tabagiste  Consomation d'alocool  Infections (e.g., HPV, hépatite B/C);1;1;0;0;1;0;0;0;0;0;0;0;;Faux ;VRAI;Vrai ;VRAI;Faux ;Faux ;Faux ;VRAI;Dépistage régulier (e.g., mammographie, frottis cervical) Arrêt du tabac Évitement des expositions environnementales;0;1;1;0;1;0;0;0;;Filles avant le début de la vie sexuelle;VRAI;si detecte et pris en charge au stade precoce ;Chirurgie  Chimiotherapie  traitement paliatif ;1;1;0;0;0;1;0;0;0;;Soulager la douleur et les autres symptômes (dyspnée, nausées, anxiété);;Diagnostic tardif  Niveau d'education de la population bas  Facteurs socioculturels (e.g., recours à la médecine traditionnelle)   ;1;0;0;1;1;0;0;0;0;;Non;Manque des matériels nécessaires;Dépistage;2;VRAI;Oui , beaucoup;Maladie traitable;Non ;Non;;;;Disposer des matériels nécessaires pour le dépistage precoce du cancer
28;Masculin;Maniema ;celibataire ;2;Universite de kindu ;OUI;Mes cours a l' universite \ Formation médicale Littérature scientifique / Livres ;1;0;0;1;0;0;;Une prolifération incontrôlée de cellules anormales;0;1;0;0;0;;Cancer colorectal   Leucémie   Retinoblastome   cancer du sein  Lymphome  cancer de l'uterus  cancer des ovaires  Cancer de la prostate ;1;1;1;1;1;0;1;1;0;1;0;0;0;;Tabagiste  Consomation d'alocool  Infections (e.g., HPV, hépatite B/C);1;1;0;0;1;0;0;0;0;0;0;0;;Faux ;VRAI;Faux ;VRAI;Faux ;Faux ;Faux ;VRAI;Dépistage régulier (e.g., mammographie, frottis cervical);0;1;0;0;0;0;0;0;;Filles avant le début de la vie sexuelle;VRAI;si detecte et pris en charge au stade precoce ;Chirurgie  Chimiotherapie  Immunotherapie  Radiotherapie  traitement paliatif ;1;1;1;0;1;1;0;0;0;;Améliorer la qualité de vie du patient et de sa famille;;Diagnostic tardif ;1;0;0;0;0;0;0;0;0;;Non;Manque des matériels et les personnels soignants de calitea;Arrêt de tabac et la consommation d'alcool,;1;Faux ;Oui , beaucoup;Le cancer  est un développement anormal des cellules;Non ;Non;;;;Arrêt de tabac et alcool
23;Feminin ;Sud kivu;celibataire ;6;Universite Evangelique en Afrique ;OUI;Mes cours a l' universite \ Formation médicale Médias (TV, radio, internet) Expérience clinique  durant mon  Stages;1;1;0;0;1;0;;Une prolifération incontrôlée de cellules anormales;0;1;0;0;0;; Leucémie    cancer du sein  cancer de l'uterus  Cancer de la prostate ;0;1;0;1;0;0;1;0;0;1;0;0;0;;Tabagiste  Consomation d'alocool  Facteurs génétiques / Héréditaires;1;1;0;0;0;0;1;0;0;0;0;0;;Faux ;VRAI;Faux ;Je ne sais pas ;Je ne sais pas ;VRAI;Je ne sais pas ;VRAI;Dépistage régulier (e.g., mammographie, frottis cervical);0;1;0;0;0;0;0;0;;Femmes de plus de 50 ans ;Je ne sais pas ;;Chimiotherapie  Immunotherapie  Radiotherapie ;0;1;1;0;1;0;0;0;0;;Améliorer la qualité de vie du patient et de sa famille;;Diagnostic tardif  Manque d'accès aux traitements  Niveau d'education de la population bas ;1;1;0;1;0;0;0;0;0;;Je ne sais pas;;Faciliter l'accès au dépistage du cancer;4;Je ne sais pas ;Oui , beaucoup;Certains oui mais d'autres ne sont pas traitable;Non ;Oui;un oncle /Tente ;;;Faciliter les soins aux gens avec cancers
32;Masculin;Maniema ;celibataire ;12;Universite Evangelique en Afrique ;OUI;Mes cours a l' universite \ Formation médicale;1;0;0;0;0;0;;Une prolifération incontrôlée de cellules anormales;0;1;0;0;0;;Cancer colorectal   Leucémie   Retinoblastome   cancer du sein  Lymphome  Meduloblastome  cancer de l'uterus  cancer des ovaires  cancer de poumons  Cancer de la prostate  cancer de la peau ;1;1;1;1;1;1;1;1;1;1;1;0;0;;Tabagiste  Consomation d'alocool  Mauvaise alimentation (e.g., excès de viande rouge, faible en fruits/légumes) Infections (e.g., HPV, hépatite B/C) Exposition à des substances chimiques / Pollution de la nature;1;1;1;0;1;1;0;0;0;0;0;0;;Faux ;VRAI;Vrai ;VRAI;Faux ;Faux ;VRAI;VRAI;Vaccination (e.g., contre HPV) Dépistage régulier (e.g., mammographie, frottis cervical) Arrêt du tabac Alimentation saine et exercice physique  Évitement des expositions environnementales Examen genetiques pour les familles a risque;1;1;1;1;1;1;0;0;;Filles avant le début de la vie sexuelle;VRAI;si detecte et pris en charge au stade precoce ;Chirurgie  Chimiotherapie  Immunotherapie  Therapie cible  Radiotherapie ;1;1;1;1;1;0;0;0;0;;Soulager la douleur et les autres symptômes (dyspnée, nausées, anxiété);;Diagnostic tardif  Manque d'accès aux traitements  Niveau d'education de la population bas ;1;1;0;1;0;0;0;0;0;;Oui;;La prévention primaire;3;VRAI;Oui , beaucoup;Maladie traitable;Non ;Non;;;;Une information à la communauté concernant le cancer
25;Masculin;Sud kivu;celibataire ;6;Universite Evangelique en Afrique ;OUI;Mes cours a l' universite \ Formation médicale;1;0;0;0;0;0;;Une prolifération incontrôlée de cellules anormales;0;1;0;0;0;;Cancer colorectal   Leucémie   Retinoblastome   cancer du sein  Lymphome  Meduloblastome  cancer de l'uterus  cancer des ovaires  cancer de poumons  Cancer de la prostate  cancer de la peau ;1;1;1;1;1;1;1;1;1;1;1;0;0;;Tabagiste  Consomation d'alocool  Mauvaise alimentation (e.g., excès de viande rouge, faible en fruits/légumes) Manque d'exercice physique Infections (e.g., HPV, hépatite B/C) Exposition à des substances chimiques / Pollution de la nature Facteurs génétiques / Héréditaires;1;1;1;1;1;1;1;0;0;0;0;0;;Faux ;VRAI;Vrai ;VRAI;Faux ;Faux ;VRAI;VRAI;Vaccination (e.g., contre HPV) Dépistage régulier (e.g., mammographie, frottis cervical) Arrêt du tabac Alimentation saine et exercice physique  Évitement des expositions environnementales Examen genetiques pour les familles a risque;1;1;1;1;1;1;0;0;;Filles avant le début de la vie sexuelle;VRAI;si detecte et pris en charge au stade precoce ;Chirurgie  Chimiotherapie  Immunotherapie  Radiotherapie ;1;1;1;0;1;0;0;0;0;;Améliorer la qualité de vie du patient et de sa famille;;Diagnostic tardif  Manque d'accès aux traitements  Insuffisance de ressources (e.g., équipements, personnel specialise dans sa prise en charge ) Niveau d'education de la population bas  Facteurs socioculturels (e.g., recours à la médecine traditionnelle)    Pauvreté / Manque de moyens financiers  ;1;1;1;1;1;1;0;0;0;;Oui;;depistage précoce;4;VRAI;Oui , moderement ;traitable;Non ;Non;;;;Depistage précoce
29;Masculin;Autre province ;Marié;10;Universite GOMA ;OUI;Mes cours a l' universite \ Formation médicale Médias (TV, radio, internet) Expérience clinique  durant mon  Stages;1;1;0;0;1;0;;Une infection aiguë Une prolifération incontrôlée de cellules anormales Une inflammation passagère Une réaction allergique;1;1;1;1;0;;Cancer colorectal  Retinoblastome   cancer du sein  Lymphome  cancer de l'uterus  cancer des ovaires  cancer de poumons  Cancer de la prostate  cancer de la peau ;1;0;1;1;1;0;1;1;1;1;1;0;0;;Tabagiste  Consomation d'alocool  Mauvaise alimentation (e.g., excès de viande rouge, faible en fruits/légumes) Infections (e.g., HPV, hépatite B/C) Exposition à des substances chimiques / Pollution de la nature Facteurs génétiques / Héréditaires Vieillissement ( age );1;1;1;0;1;1;1;1;0;0;0;0;;Faux ;VRAI;Vrai ;VRAI;VRAI;Faux ;Faux ;VRAI;Vaccination (e.g., contre HPV) Dépistage régulier (e.g., mammographie, frottis cervical) Arrêt du tabac Alimentation saine et exercice physique  Évitement des expositions environnementales Examen genetiques pour les familles a risque;1;1;1;1;1;1;0;0;;Filles avant le début de la vie sexuelle;Faux ;;Chirurgie  Chimiotherapie  Radiotherapie  traitement paliatif ;1;1;0;0;1;1;0;0;0;;Soutenir l’accompagnement psychologique et spirituel;;Diagnostic tardif  Manque d'accès aux traitements  Insuffisance de ressources (e.g., équipements, personnel specialise dans sa prise en charge ) Facteurs socioculturels (e.g., recours à la médecine traditionnelle)    Pauvreté / Manque de moyens financiers  ;1;1;1;0;1;1;0;0;0;;Non;Insuffisance de service d'oncologie et manque des spécialistes en cancérologie;Le dépistage précoce;3;VRAI;Oui , beaucoup;Maladie traitable;Non ;Oui;un oncle /Tente ;;;Le dépistage précoce, la formation de personnel soignant en cancérologie et  la disponibilité de ressources pour mettre en place le service de cancérologie dans chaque quartier
28;Masculin;Sud kivu;celibataire ;10;Universite GOMA ;OUI;Mes cours a l' universite \ Formation médicale;1;0;0;0;0;0;;Une prolifération incontrôlée de cellules anormales;0;1;0;0;0;; cancer du sein ;0;0;0;1;0;0;0;0;0;0;0;0;0;;Tabagiste  Consomation d'alocool  Infections (e.g., HPV, hépatite B/C) Exposition à des substances chimiques / Pollution de la nature Facteurs génétiques / Héréditaires;1;1;0;0;1;1;1;0;0;0;0;0;;Faux ;VRAI;Vrai ;VRAI;Je ne sais pas ;Faux ;Faux ;Faux ;Vaccination (e.g., contre HPV) Dépistage régulier (e.g., mammographie, frottis cervical) Arrêt du tabac Alimentation saine et exercice physique  Évitement des expositions environnementales Examen genetiques pour les familles a risque;1;1;1;1;1;1;0;0;;Filles avant le début de la vie sexuelle;Faux ;;Chirurgie  Chimiotherapie  Immunotherapie  Radiotherapie  traitement paliatif ;1;1;1;0;1;1;0;0;0;;Soutenir l’accompagnement psychologique et spirituel;;Diagnostic tardif  Manque d'accès aux traitements  Insuffisance de ressources (e.g., équipements, personnel specialise dans sa prise en charge ) Niveau d'education de la population bas  Pauvreté / Manque de moyens financiers  ;1;1;1;1;0;1;0;0;0;;Je ne sais pas;;Dépistage de tout cancer par la gratuité pour faciliter à tous les mondes qui n'ont pas de moyens;1;VRAI;Oui , beaucoup;Traitable;Non ;Non;;;;Exigences d'équipements pour la prise en charge de cancer
25;Feminin ;Maniema ;celibataire ;10;Universite GOMA ;OUI;Mes cours a l' universite \ Formation médicale;1;0;0;0;0;0;;Une infection aiguë Une prolifération incontrôlée de cellules anormales;1;1;0;0;0;;Cancer colorectal   Leucémie    cancer du sein  Lymphome  cancer de l'uterus  cancer des ovaires  cancer de poumons ;1;1;0;1;1;0;1;1;1;0;0;0;0;;Tabagiste  Consomation d'alocool  Mauvaise alimentation (e.g., excès de viande rouge, faible en fruits/légumes) Infections (e.g., HPV, hépatite B/C) Facteurs génétiques / Héréditaires Vieillissement ( age );1;1;1;0;1;0;1;1;0;0;0;0;;Faux ;VRAI;Vrai ;VRAI;Je ne sais pas ;Faux ;VRAI;VRAI;Vaccination (e.g., contre HPV) Dépistage régulier (e.g., mammographie, frottis cervical) Arrêt du tabac Alimentation saine et exercice physique  Évitement des expositions environnementales Examen genetiques pour les familles a risque;1;1;1;1;1;1;0;0;;Filles avant le début de la vie sexuelle;VRAI;si detecte et pris en charge au stade precoce ;Chimiotherapie  Immunotherapie  Radiotherapie ;0;1;1;0;1;0;0;0;0;;Soulager la douleur et les autres symptômes (dyspnée, nausées, anxiété);;Diagnostic tardif  Manque d'accès aux traitements  Insuffisance de ressources (e.g., équipements, personnel specialise dans sa prise en charge ) Niveau d'education de la population bas ;1;1;1;1;0;0;0;0;0;;Oui;;Dépistage et la vaccination;5;VRAI;Oui , beaucoup;Traitable;Non ;Non;;;;Éducation et dépistage
26;Feminin ;Nord kivu;celibataire ;10;Universite GOMA ;OUI;Mes cours a l' universite \ Formation médicale;1;0;0;0;0;0;;Une prolifération incontrôlée de cellules anormales;0;1;0;0;0;; Leucémie    cancer du sein  Lymphome  cancer de l'uterus  cancer de la peau ;0;1;0;1;1;0;1;0;0;0;1;0;0;;Tabagiste  Exposition à des substances chimiques / Pollution de la nature;1;0;0;0;0;1;0;0;0;0;0;0;;Faux ;VRAI;Faux ;Je ne sais pas ;Faux ;Faux ;VRAI;VRAI;Dépistage régulier (e.g., mammographie, frottis cervical) Évitement des expositions environnementales;0;1;0;0;1;0;0;0;;Filles avant le début de la vie sexuelle;VRAI;si detecte et pris en charge au stade precoce ;Chirurgie  Chimiotherapie  traitement paliatif ;1;1;0;0;0;1;0;0;0;;Soulager la douleur et les autres symptômes (dyspnée, nausées, anxiété);;Diagnostic tardif  Manque d'accès aux traitements  Insuffisance de ressources (e.g., équipements, personnel specialise dans sa prise en charge ) Niveau d'education de la population bas  Facteurs socioculturels (e.g., recours à la médecine traditionnelle)    Pauvreté / Manque de moyens financiers  ;1;1;1;1;1;1;0;0;0;;Non;Manque d’équipement nécessaire pour la prise en charge;Éviter l’exposition aux produits chimiques;3;VRAI;Oui , beaucoup;Maladie traitable si diagnostiqué à temps;Non ;Non;;;;Encourager le dépistage régulier et les campagnes de sensibilisation
26;Masculin;Nord kivu;celibataire ;10;Universite GOMA ;OUI;Mes cours a l' universite \ Formation médicale;1;0;0;0;0;0;;Une prolifération incontrôlée de cellules anormales;0;1;0;0;0;;Cancer colorectal   Leucémie   Retinoblastome   cancer du sein  Lymphome  cancer de poumons  Cancer de la prostate ;1;1;1;1;1;0;0;0;1;1;0;0;0;;Tabagiste  Consomation d'alocool  Infections (e.g., HPV, hépatite B/C) Exposition à des substances chimiques / Pollution de la nature Facteurs génétiques / Héréditaires;1;1;0;0;1;1;1;0;0;0;0;0;;Faux ;VRAI;Je ne sais pas ;VRAI;Je ne sais pas ;Je ne sais pas ;Je ne sais pas ;VRAI;Vaccination (e.g., contre HPV) Dépistage régulier (e.g., mammographie, frottis cervical) Arrêt du tabac Évitement des expositions environnementales Examen genetiques pour les familles a risque;1;1;1;0;1;1;0;0;;Filles avant le début de la vie sexuelle;Je ne sais pas ;;Chirurgie  Chimiotherapie  Radiotherapie ;1;1;0;0;1;0;0;0;0;;Soulager la douleur et les autres symptômes (dyspnée, nausées, anxiété);;Diagnostic tardif  Manque d'accès aux traitements  Insuffisance de ressources (e.g., équipements, personnel specialise dans sa prise en charge ) Niveau d'education de la population bas  Facteurs socioculturels (e.g., recours à la médecine traditionnelle)    Pauvreté / Manque de moyens financiers  ;1;1;1;1;1;1;0;0;0;;Non;Manque de centre spécialisé, personnels qualifiés et expérimentés;Dépistage précoce et la vaccination;4;Je ne sais pas ;Oui , moderement ;Maladie contrôlable;Non ;Non;;;;Éducation de la population, Dépistage précoce et vaccination
26;Feminin ;Nord kivu;celibataire ;10;Universite GOMA ;OUI;Mes cours a l' universite \ Formation médicale Médias (TV, radio, internet) Littérature scientifique / Livres  Expérience clinique  durant mon  Stages;1;1;0;1;1;0;;Une prolifération incontrôlée de cellules anormales;0;1;0;0;0;;Cancer colorectal   Leucémie   Retinoblastome   cancer du sein  Lymphome  Meduloblastome  cancer de l'uterus  cancer des ovaires  cancer de poumons  Cancer de la prostate  cancer de la peau ;1;1;1;1;1;1;1;1;1;1;1;0;0;;Tabagiste  Exposition à des substances chimiques / Pollution de la nature Facteurs génétiques / Héréditaires;1;0;0;0;0;1;1;0;0;0;0;0;;Faux ;VRAI;Vrai ;Je ne sais pas ;Je ne sais pas ;Faux ;VRAI;VRAI;Dépistage régulier (e.g., mammographie, frottis cervical) Arrêt du tabac Évitement des expositions environnementales;0;1;1;0;1;0;0;0;;Femmes de plus de 50 ans ;VRAI;si detecte et pris en charge au stade precoce ;Chirurgie  Chimiotherapie  traitement paliatif ;1;1;0;0;0;1;0;0;0;;Soutenir l’accompagnement psychologique et spirituel;;Diagnostic tardif  Manque d'accès aux traitements  Insuffisance de ressources (e.g., équipements, personnel specialise dans sa prise en charge ) Niveau d'education de la population bas  Facteurs socioculturels (e.g., recours à la médecine traditionnelle)    Pauvreté / Manque de moyens financiers  ;1;1;1;1;1;1;0;0;0;;Non;Pas assez d’équipement pour la cause;Éducation de la population;5;VRAI;Oui , beaucoup;Traitable;Non ;Non;;;;Que la santé publique mettent à disposition une sensibilisation adéquate
26;Feminin ;Sud kivu;celibataire ;10;Universite GOMA ;OUI;Mes cours a l' universite \ Formation médicale Expérience clinique  durant mon  Stages;1;0;0;0;1;0;;Une prolifération incontrôlée de cellules anormales;0;1;0;0;0;;Cancer colorectal   Leucémie   Retinoblastome   cancer du sein  Lymphome  cancer de l'uterus  cancer des ovaires  Cancer de la prostate  cancer de la peau ;1;1;1;1;1;0;1;1;0;1;1;0;0;;Tabagiste  Consomation d'alocool  Infections (e.g., HPV, hépatite B/C) Exposition à des substances chimiques / Pollution de la nature Facteurs génétiques / Héréditaires Vieillissement ( age );1;1;0;0;1;1;1;1;0;0;0;0;;Faux ;VRAI;Vrai ;VRAI;Faux ;Faux ;VRAI;VRAI;Vaccination (e.g., contre HPV) Dépistage régulier (e.g., mammographie, frottis cervical) Arrêt du tabac Évitement des expositions environnementales;1;1;1;0;1;0;0;0;;Filles avant le début de la vie sexuelle;Je ne sais pas ;;Chirurgie  Chimiotherapie  Immunotherapie  Therapie cible  Radiotherapie ;1;1;1;1;1;0;0;0;0;;Soulager la douleur et les autres symptômes (dyspnée, nausées, anxiété);;Diagnostic tardif  Manque d'accès aux traitements  Insuffisance de ressources (e.g., équipements, personnel specialise dans sa prise en charge ) Niveau d'education de la population bas  Facteurs socioculturels (e.g., recours à la médecine traditionnelle)    Pauvreté / Manque de moyens financiers  ;1;1;1;1;1;1;0;0;0;;Oui;;Renforcement du système de santé, Lutte contre les facteurs de risque, Sensibilisation et éducation de la population;5;VRAI;Oui , beaucoup;Traitable;Non ;Non;;;;Réduire le retard diagnostique, Formation du personnel
24;Masculin;Sud kivu;celibataire ;7;Universite Evangelique en Afrique ;OUI;Mes cours a l' universite \ Formation médicale Littérature scientifique / Livres ;1;0;0;1;0;0;;Une prolifération incontrôlée de cellules anormales;0;1;0;0;0;;Cancer colorectal   Leucémie   Retinoblastome   cancer du sein  Lymphome  cancer de l'uterus  cancer de poumons  Cancer de la prostate ;1;1;1;1;1;0;1;0;1;1;0;0;0;;Consomation d'alocool  Mauvaise alimentation (e.g., excès de viande rouge, faible en fruits/légumes) Exposition à des substances chimiques / Pollution de la nature;0;1;1;0;0;1;0;0;0;0;0;0;;Faux ;VRAI;Faux ;VRAI;Faux ;Faux ;VRAI;VRAI;Arrêt du tabac Évitement des expositions environnementales;0;0;1;0;1;0;0;0;;Filles avant le début de la vie sexuelle;VRAI;si les medicaments sont disponibles ;Chimiotherapie  Immunotherapie  Radiotherapie  Traitement traditionnel / Herbes ;0;1;1;0;1;0;1;0;0;;Améliorer la qualité de vie du patient et de sa famille;;Manque d'accès aux traitements  Insuffisance de ressources (e.g., équipements, personnel specialise dans sa prise en charge ) Niveau d'education de la population bas ;0;1;1;1;0;0;0;0;0;;Oui;;Sensibilisation, prise en charge gratuite;5;VRAI;Oui , beaucoup;Traitable;Non ;Non;;;;Je proposerai qu'on sensibilise la population, la disponibilité des despitages gratuites et prise en charge
27;Feminin ;Nord kivu;celibataire ;10;Universite GOMA ;OUI;Mes cours a l' universite \ Formation médicale Médias (TV, radio, internet) Littérature scientifique / Livres  Expérience clinique  durant mon  Stages;1;1;0;1;1;0;;Une prolifération incontrôlée de cellules anormales;0;1;0;0;0;;Cancer colorectal   Leucémie    cancer du sein  cancer de poumons  Cancer de la prostate ;1;1;0;1;0;0;0;0;1;1;0;0;0;;Tabagiste  Exposition à des substances chimiques / Pollution de la nature Facteurs génétiques / Héréditaires;1;0;0;0;0;1;1;0;0;0;0;0;;Faux ;VRAI;Vrai ;Je ne sais pas ;Je ne sais pas ;Faux ;VRAI;VRAI;Dépistage régulier (e.g., mammographie, frottis cervical) Arrêt du tabac Alimentation saine et exercice physique  Examen genetiques pour les familles a risque;0;1;1;1;0;1;0;0;;Filles avant le début de la vie sexuelle;VRAI;si detecte et pris en charge au stade precoce ;Chirurgie  Chimiotherapie  Therapie cible  Radiotherapie ;1;1;0;1;1;0;0;0;0;;Soulager la douleur et les autres symptômes (dyspnée, nausées, anxiété);;Diagnostic tardif  Manque d'accès aux traitements  Insuffisance de ressources (e.g., équipements, personnel specialise dans sa prise en charge ) Facteurs socioculturels (e.g., recours à la médecine traditionnelle)   ;1;1;1;0;1;0;0;0;0;;Non;Le dépistage est tardif et les moyens thérapeutiques ne sont pas adéquats;Ouvrir un centre spécialisé en oncologie avec tout l’équipement nécessaire! Et surtout un centre où les soins sont accessibles;5;VRAI;Oui , moderement ;Pathologie traitable mais pas comme les autres, c’est une pathologie agressive donc on la traite aussi agressivement;Non ;Non;;;;Sensibiliser la population pour permettre le dépistage précoce!
26;Masculin;Sud kivu;celibataire ;7;Universite Evangelique en Afrique ;OUI;Mes cours a l' universite \ Formation médicale Littérature scientifique / Livres  Expérience clinique  durant mon  Stages;1;0;0;1;1;0;;Une prolifération incontrôlée de cellules anormales;0;1;0;0;0;;Cancer colorectal   Leucémie   Retinoblastome   cancer du sein  Lymphome  Meduloblastome  cancer de l'uterus  cancer des ovaires  cancer de poumons  Cancer de la prostate ;1;1;1;1;1;1;1;1;1;1;0;0;0;;Tabagiste  Infections (e.g., HPV, hépatite B/C) Exposition à des substances chimiques / Pollution de la nature;1;0;0;0;1;1;0;0;0;0;0;0;;Faux ;VRAI;Vrai ;VRAI;Faux ;Faux ;VRAI;VRAI;Vaccination (e.g., contre HPV) Dépistage régulier (e.g., mammographie, frottis cervical) Arrêt du tabac Évitement des expositions environnementales Examen genetiques pour les familles a risque;1;1;1;0;1;1;0;0;;Filles avant le début de la vie sexuelle;VRAI;si detecte et pris en charge au stade precoce ;Chimiotherapie ;0;1;0;0;0;0;0;0;0;;Améliorer la qualité de vie du patient et de sa famille;;Diagnostic tardif  Manque d'accès aux traitements  Insuffisance de ressources (e.g., équipements, personnel specialise dans sa prise en charge );1;1;1;0;0;0;0;0;0;;Non;Inefficacité de notre système de santé;Dépistage précoce;2;VRAI;Oui , moderement ;Traitable;Non ;Non;;;;Mettre les moyens possibles à la portée de tout le monde
24;Feminin ;Sud kivu;celibataire ;17;Universite Evangelique en Afrique ;OUI;Mes cours a l' universite \ Formation médicale Famille / Amis;1;0;1;0;0;0;;Une prolifération incontrôlée de cellules anormales;0;1;0;0;0;;Cancer colorectal   Leucémie    cancer du sein  cancer de l'uterus  cancer des ovaires  cancer de poumons  Cancer de la prostate  cancer de la peau ;1;1;0;1;0;0;1;1;1;1;1;0;0;;Tabagiste  Consomation d'alocool  Infections (e.g., HPV, hépatite B/C) Exposition à des substances chimiques / Pollution de la nature Facteurs génétiques / Héréditaires;1;1;0;0;1;1;1;0;0;0;0;0;;Faux ;VRAI;Vrai ;VRAI;Faux ;Faux ;VRAI;VRAI;Vaccination (e.g., contre HPV) Dépistage régulier (e.g., mammographie, frottis cervical) Arrêt du tabac Évitement des expositions environnementales;1;1;1;0;1;0;0;0;;Filles avant le début de la vie sexuelle;VRAI;si detecte et pris en charge au stade precoce ;Chimiotherapie  Immunotherapie  Radiotherapie ;0;1;1;0;1;0;0;0;0;;Être intégrés précocement dans la prise en charge des cancers avancés;;Diagnostic tardif  Niveau d'education de la population bas  Pauvreté / Manque de moyens financiers  ;1;0;0;1;0;1;0;0;0;;Non;Les équipements insuffisant;Sensibilisation, un grand centre de cancérologie;1;VRAI;Oui , beaucoup;Traitable;Non ;Non;;;;Avoir un centre de cancérologie bien équipé et de personnelles capable d'accompagner le patient, mais aussi renforcement de la sensibilisation
26;Masculin;Nord kivu;celibataire ;10;Universite GOMA ;OUI;Mes cours a l' universite \ Formation médicale Littérature scientifique / Livres ;1;0;0;1;0;0;;Une prolifération incontrôlée de cellules anormales;0;1;0;0;0;;Cancer colorectal   Leucémie   Retinoblastome   cancer du sein  Lymphome  Meduloblastome  cancer de l'uterus  cancer des ovaires  cancer de poumons  Cancer de la prostate  cancer de la peau ;1;1;1;1;1;1;1;1;1;1;1;0;0;;Tabagiste  Infections (e.g., HPV, hépatite B/C) Exposition à des substances chimiques / Pollution de la nature Facteurs génétiques / Héréditaires;1;0;0;0;1;1;1;0;0;0;0;0;;Faux ;VRAI;Vrai ;VRAI;VRAI;Faux ;VRAI;VRAI;Dépistage régulier (e.g., mammographie, frottis cervical) Examen genetiques pour les familles a risque;0;1;0;0;0;1;0;0;;Filles avant le début de la vie sexuelle;VRAI;si detecte et pris en charge au stade precoce ;Chirurgie  Chimiotherapie  Immunotherapie  Therapie cible  Radiotherapie  traitement paliatif ;1;1;1;1;1;1;0;0;0;;Soutenir l’accompagnement psychologique et spirituel;;Diagnostic tardif  Manque d'accès aux traitements  Insuffisance de ressources (e.g., équipements, personnel specialise dans sa prise en charge ) Niveau d'education de la population bas  Facteurs socioculturels (e.g., recours à la médecine traditionnelle)    Pauvreté / Manque de moyens financiers  ;1;1;1;1;1;1;0;0;0;;Non;Manque d'équipements de diagnostic;Sensibilisation de la population par rapport à la notion de dépistage précoce;4;VRAI;Oui , beaucoup;Traitable;Non ;Non;;;;Déposer tôt. Éduquer la population , mettre à niveau les agents sanitaires pour la prise en charge de cancer
26;Masculin;Sud kivu;celibataire ;7;Universite Evangelique en Afrique ;OUI;Mes cours a l' universite \ Formation médicale Médias (TV, radio, internet) Littérature scientifique / Livres  Expérience clinique  durant mon  Stages;1;1;0;1;1;0;;Une prolifération incontrôlée de cellules anormales;0;1;0;0;0;; cancer du sein  cancer de l'uterus  cancer des ovaires  cancer de poumons  Cancer de la prostate  cancer de la peau ;0;0;0;1;0;0;1;1;1;1;1;0;0;;Tabagiste  Consomation d'alocool  Infections (e.g., HPV, hépatite B/C) Exposition à des substances chimiques / Pollution de la nature Facteurs génétiques / Héréditaires;1;1;0;0;1;1;1;0;0;0;0;0;;Faux ;VRAI;Vrai ;VRAI;VRAI;Faux ;VRAI;VRAI;Vaccination (e.g., contre HPV) Dépistage régulier (e.g., mammographie, frottis cervical) Arrêt du tabac Alimentation saine et exercice physique  Évitement des expositions environnementales;1;1;1;1;1;0;0;0;;Filles avant le début de la vie sexuelle;VRAI;si detecte et pris en charge au stade precoce ;Chirurgie  Chimiotherapie  Radiotherapie  traitement paliatif ;1;1;0;0;1;1;0;0;0;;Remplacer systématiquement les traitements curatifs;;Diagnostic tardif  Manque d'accès aux traitements  Insuffisance de ressources (e.g., équipements, personnel specialise dans sa prise en charge ) Niveau d'education de la population bas  Facteurs socioculturels (e.g., recours à la médecine traditionnelle)   ;1;1;1;1;1;0;0;0;0;;Oui;;Main d'oeuvres qualifiées, disposer une bonne équipement spécialisé dans chaque structure sanitaire pour faciliter un bon dépistage.;2;VRAI;Oui , moderement ;C'est une maladie traitable malgré l'ignorance de la population.;Non ;Non;;;;Baisser le prix de dépistage pour donner l'accès à toute personne d'accéder au pistage de son corps, plus le taux est élevé les personnes vont s'orienter chez les traditionnelset comme conséquence les stades vont avancer sans être dépisté.
25;Masculin;Nord kivu;celibataire ;10;Universite GOMA ;OUI;Mes cours a l' universite \ Formation médicale Médias (TV, radio, internet) Littérature scientifique / Livres  Expérience clinique  durant mon  Stages;1;1;0;1;1;0;;Une prolifération incontrôlée de cellules anormales;0;1;0;0;0;;cancer de poumons ;0;0;0;0;0;0;0;0;1;0;0;0;0;;Tabagiste ;1;0;0;0;0;0;0;0;0;0;0;0;;Faux ;VRAI;Vrai ;VRAI;Je ne sais pas ;Faux ;VRAI;VRAI;Vaccination (e.g., contre HPV) Dépistage régulier (e.g., mammographie, frottis cervical) Arrêt du tabac Évitement des expositions environnementales Examen genetiques pour les familles a risque;1;1;1;0;1;1;0;0;;Filles avant le début de la vie sexuelle;VRAI;si detecte et pris en charge au stade precoce ;Chirurgie  Chimiotherapie  traitement paliatif ;1;1;0;0;0;1;0;0;0;;Soutenir l’accompagnement psychologique et spirituel;;Diagnostic tardif  Manque d'accès aux traitements  Insuffisance de ressources (e.g., équipements, personnel specialise dans sa prise en charge ) Niveau d'education de la population bas  Facteurs socioculturels (e.g., recours à la médecine traditionnelle)    Pauvreté / Manque de moyens financiers  ;1;1;1;1;1;1;0;0;0;;Je ne sais pas;;Arrêt du tabac, réduction de l’alcool, alimentation équilibrée, activité physique régulière et vaccination contre HPV et hépatite B.;2;VRAI;Oui , beaucoup;Maladie traitable;Non ;Non;;;;Dépistage précoce, alimentation équilibrée, exercice physique
23;Feminin ;Sud kivu;celibataire ;7;Universite Evangelique en Afrique ;OUI;Mes cours a l' universite \ Formation médicale Médias (TV, radio, internet) Littérature scientifique / Livres  Expérience clinique  durant mon  Stages;1;1;0;1;1;0;;Une prolifération incontrôlée de cellules anormales;0;1;0;0;0;;Cancer colorectal   Leucémie   Retinoblastome   cancer du sein  Lymphome  Meduloblastome  cancer de l'uterus  cancer des ovaires  cancer de poumons  Cancer de la prostate  cancer de la peau ;1;1;1;1;1;1;1;1;1;1;1;0;0;;Tabagiste  Consomation d'alocool  Infections (e.g., HPV, hépatite B/C) Facteurs génétiques / Héréditaires Vieillissement ( age );1;1;0;0;1;0;1;1;0;0;0;0;;Faux ;VRAI;Faux ;VRAI;VRAI;Faux ;VRAI;VRAI;Vaccination (e.g., contre HPV) Dépistage régulier (e.g., mammographie, frottis cervical) Arrêt du tabac Examen genetiques pour les familles a risque;1;1;1;0;0;1;0;0;;Filles avant le début de la vie sexuelle;Je ne sais pas ;;Chirurgie  Chimiotherapie  Immunotherapie  Radiotherapie  traitement paliatif ;1;1;1;0;1;1;0;0;0;;Améliorer la qualité de vie du patient et de sa famille;;Diagnostic tardif  Niveau d'education de la population bas  Facteurs socioculturels (e.g., recours à la médecine traditionnelle)    Pauvreté / Manque de moyens financiers  ;1;0;0;1;1;1;0;0;0;;Oui;;Le diagnostic précoce;2;VRAI;Oui , beaucoup;Maladie traitable;Non ;Non;;;;Dépistage régulier
26;Masculin;Nord kivu;Marié;15;Universite catholique de Graben ;OUI;Mes cours a l' universite \ Formation médicale Médias (TV, radio, internet) Expérience clinique  durant mon  Stages;1;1;0;0;1;0;;Une prolifération incontrôlée de cellules anormales;0;1;0;0;0;; Leucémie    cancer du sein  cancer des ovaires  Cancer de la prostate ;0;1;0;1;0;0;0;1;0;1;0;0;0;;Tabagiste  Infections (e.g., HPV, hépatite B/C) Exposition à des substances chimiques / Pollution de la nature Vieillissement ( age );1;0;0;0;1;1;0;1;0;0;0;0;;Faux ;VRAI;Vrai ;VRAI;Je ne sais pas ;Faux ;VRAI;Je ne sais pas ;Dépistage régulier (e.g., mammographie, frottis cervical) Arrêt du tabac Alimentation saine et exercice physique  Évitement des expositions environnementales;0;1;1;1;1;0;0;0;;Filles avant le début de la vie sexuelle;VRAI;si detecte et pris en charge au stade precoce ;Chirurgie  Chimiotherapie  Radiotherapie ;1;1;0;0;1;0;0;0;0;;Améliorer la qualité de vie du patient et de sa famille;;Diagnostic tardif  Insuffisance de ressources (e.g., équipements, personnel specialise dans sa prise en charge ) Niveau d'education de la population bas  Facteurs socioculturels (e.g., recours à la médecine traditionnelle)    Pauvreté / Manque de moyens financiers  ;1;0;1;1;1;1;0;0;0;;Non;Les moyens;Vulgarisation du dépistage sur les cancers les plus fréquents;3;Faux ;Oui , beaucoup;Traitable;Non ;Oui;Un parent ;;;La mise en disponibilité d’un laboratoire spécialisé
26;Feminin ;Nord kivu;celibataire ;15;Universite catholique de Graben ;OUI;Mes cours a l' universite \ Formation médicale;1;0;0;0;0;0;;Une prolifération incontrôlée de cellules anormales;0;1;0;0;0;; Leucémie   Retinoblastome   cancer du sein  Lymphome  Meduloblastome  cancer de l'uterus  cancer des ovaires  Cancer de la prostate ;0;1;1;1;1;1;1;1;0;1;0;0;0;;Tabagiste  Consomation d'alocool  Mauvaise alimentation (e.g., excès de viande rouge, faible en fruits/légumes) Infections (e.g., HPV, hépatite B/C) Exposition à des substances chimiques / Pollution de la nature Facteurs génétiques / Héréditaires;1;1;1;0;1;1;1;0;0;0;0;0;;Faux ;VRAI;Faux ;VRAI;Je ne sais pas ;Faux ;Faux ;Je ne sais pas ;Vaccination (e.g., contre HPV) Dépistage régulier (e.g., mammographie, frottis cervical) Arrêt du tabac Examen genetiques pour les familles a risque;1;1;1;0;0;1;0;0;;Filles avant le début de la vie sexuelle;VRAI;si detecte et pris en charge au stade precoce ;Chimiotherapie ;0;1;0;0;0;0;0;0;0;;Soulager la douleur et les autres symptômes (dyspnée, nausées, anxiété);;Diagnostic tardif  Manque d'accès aux traitements  Niveau d'education de la population bas  Facteurs socioculturels (e.g., recours à la médecine traditionnelle)    Pauvreté / Manque de moyens financiers  ;1;1;0;1;1;1;0;0;0;;Oui;;Consultation médicale régulière;1;VRAI;Oui , beaucoup;Traitable;Non ;Non;;;;Consultation régulière pour leDiagnostic précoce
24;Feminin ;Maniema ;Marié;7;Universite Evangelique en Afrique ;OUI;Mes cours a l' universite \ Formation médicale Médias (TV, radio, internet) Littérature scientifique / Livres ;1;1;0;1;0;0;;Une infection aiguë Une prolifération incontrôlée de cellules anormales;1;1;0;0;0;;Retinoblastome   cancer du sein  Lymphome  cancer de l'uterus  cancer des ovaires  cancer de poumons  Cancer de la prostate ;0;0;1;1;1;0;1;1;1;1;0;0;0;;Tabagiste  Consomation d'alocool  Infections (e.g., HPV, hépatite B/C) Exposition à des substances chimiques / Pollution de la nature Facteurs génétiques / Héréditaires;1;1;0;0;1;1;1;0;0;0;0;0;;Faux ;VRAI;Vrai ;VRAI;Je ne sais pas ;Je ne sais pas ;Faux ;VRAI;Vaccination (e.g., contre HPV) Dépistage régulier (e.g., mammographie, frottis cervical) Arrêt du tabac Alimentation saine et exercice physique  Évitement des expositions environnementales Examen genetiques pour les familles a risque;1;1;1;1;1;1;0;0;;Hommes âgés uniquement;Je ne sais pas ;;Chirurgie  Chimiotherapie  Immunotherapie ;1;1;1;0;0;0;0;0;0;;Être intégrés précocement dans la prise en charge des cancers avancés;;Diagnostic tardif  Manque d'accès aux traitements  Pauvreté / Manque de moyens financiers  ;1;1;0;0;0;1;0;0;0;;Oui;;Chirurgie ,chimiothérapie;2;VRAI;Oui , moderement ;Traitable;Non ;Non;;;;Faire le dépistage précoce
29;Masculin;Sud kivu;celibataire ;8;Universite Evangelique en Afrique ;OUI;Mes cours a l' universite \ Formation médicale;1;0;0;0;0;0;;Une prolifération incontrôlée de cellules anormales;0;1;0;0;0;;Cancer colorectal   Leucémie   Retinoblastome   cancer du sein  Lymphome  Meduloblastome  cancer de l'uterus  cancer des ovaires  cancer de poumons  Cancer de la prostate  cancer de la peau ;1;1;1;1;1;1;1;1;1;1;1;0;0;;Tabagiste  Infections (e.g., HPV, hépatite B/C) Exposition à des substances chimiques / Pollution de la nature Facteurs génétiques / Héréditaires;1;0;0;0;1;1;1;0;0;0;0;0;;Faux ;VRAI;Vrai ;VRAI;Faux ;Faux ;VRAI;VRAI;Vaccination (e.g., contre HPV) Dépistage régulier (e.g., mammographie, frottis cervical) Arrêt du tabac Alimentation saine et exercice physique  Évitement des expositions environnementales Examen genetiques pour les familles a risque;1;1;1;1;1;1;0;0;;Filles avant le début de la vie sexuelle;VRAI;si detecte et pris en charge au stade precoce ;Chirurgie  Chimiotherapie  Immunotherapie  Therapie cible  Radiotherapie ;1;1;1;1;1;0;0;0;0;;Soulager la douleur et les autres symptômes (dyspnée, nausées, anxiété);;Diagnostic tardif  Manque d'accès aux traitements ;1;1;0;0;0;0;0;0;0;;Non;Manque du plateau technique;L'information;2;VRAI;Oui , beaucoup;Maladie traitable;Non ;Non;;;;Une
19;Masculin;Sud kivu;celibataire ;3;Universite Evangelique en Afrique ;OUI;Mes cours a l' universite \ Formation médicale;1;0;0;0;0;0;;Une prolifération incontrôlée de cellules anormales;0;1;0;0;0;;Cancer colorectal   Leucémie   Retinoblastome   cancer du sein  Lymphome  Meduloblastome  cancer de l'uterus  cancer des ovaires  cancer de poumons  Cancer de la prostate  cancer de la peau ;1;1;1;1;1;1;1;1;1;1;1;0;0;;Tabagiste  Consomation d'alocool  Exposition à des substances chimiques / Pollution de la nature Facteurs génétiques / Héréditaires Vieillissement ( age ) Mythes culturels ( sorcellerie);1;1;0;0;0;1;1;1;1;0;0;0;;Faux ;VRAI;Vrai ;VRAI;VRAI;VRAI;Je ne sais pas ;Je ne sais pas ;Vaccination (e.g., contre HPV) Dépistage régulier (e.g., mammographie, frottis cervical) Arrêt du tabac Alimentation saine et exercice physique  Évitement des expositions environnementales Examen genetiques pour les familles a risque;1;1;1;1;1;1;0;0;;Filles avant le début de la vie sexuelle;Je ne sais pas ;;Chimiotherapie  Therapie cible  traitement paliatif ;0;1;0;1;0;1;0;0;0;;Soulager la douleur et les autres symptômes (dyspnée, nausées, anxiété);;Diagnostic tardif  Manque d'accès aux traitements  Insuffisance de ressources (e.g., équipements, personnel specialise dans sa prise en charge ) Niveau d'education de la population bas  Facteurs socioculturels (e.g., recours à la médecine traditionnelle)    Pauvreté / Manque de moyens financiers  ;1;1;1;1;1;1;0;0;0;;Oui;;Éduquer la population et leurs informé;5;VRAI;Oui , beaucoup;Traitable, si il a été diagnostiqué précocement;Non ;Non;;;;La prévention
26;Feminin ;Nord kivu;celibataire ;10;Universite GOMA ;OUI;Mes cours a l' universite \ Formation médicale;1;0;0;0;0;0;;Une prolifération incontrôlée de cellules anormales;0;1;0;0;0;;Cancer colorectal   Leucémie    cancer du sein  Lymphome  cancer de l'uterus  cancer des ovaires  cancer de poumons  Cancer de la prostate  cancer de la peau ;1;1;0;1;1;0;1;1;1;1;1;0;0;;Tabagiste  Exposition à des substances chimiques / Pollution de la nature Facteurs génétiques / Héréditaires Vieillissement ( age );1;0;0;0;0;1;1;1;0;0;0;0;;Faux ;VRAI;Vrai ;VRAI;Je ne sais pas ;Faux ;VRAI;VRAI;Vaccination (e.g., contre HPV) Dépistage régulier (e.g., mammographie, frottis cervical) Évitement des expositions environnementales Examen genetiques pour les familles a risque;1;1;0;0;1;1;0;0;;Filles avant le début de la vie sexuelle;Je ne sais pas ;;Chirurgie  Chimiotherapie  Therapie cible  Radiotherapie  traitement paliatif ;1;1;0;1;1;1;0;0;0;;Améliorer la qualité de vie du patient et de sa famille;;Diagnostic tardif  Manque d'accès aux traitements  Insuffisance de ressources (e.g., équipements, personnel specialise dans sa prise en charge ) Niveau d'education de la population bas  Facteurs socioculturels (e.g., recours à la médecine traditionnelle)    Pauvreté / Manque de moyens financiers  ;1;1;1;1;1;1;0;0;0;;Non;Manque des moyens financiers, materiels  approprié, spécialiste oncologue;Diagnostic précoce, éducation de la population, matériels adequats et disponibilité des oncologue;5;VRAI;Oui , beaucoup;Traitable;Non ;Non;;;;Enseignement de la population, disponibilisation des matériels approprié, et traitement, oncologue
27;Feminin ;Nord kivu;Marié;10;Universite GOMA ;OUI;Mes cours a l' universite \ Formation médicale;1;0;0;0;0;0;;Une prolifération incontrôlée de cellules anormales;0;1;0;0;0;; cancer du sein  cancer de l'uterus  Cancer de la prostate  cancer de la peau ;0;0;0;1;0;0;1;0;0;1;1;0;0;;Exposition à des substances chimiques / Pollution de la nature Facteurs génétiques / Héréditaires Vieillissement ( age );0;0;0;0;0;1;1;1;0;0;0;0;;Faux ;VRAI;Faux ;VRAI;VRAI;Faux ;VRAI;VRAI;Vaccination (e.g., contre HPV) Dépistage régulier (e.g., mammographie, frottis cervical) Arrêt du tabac Examen genetiques pour les familles a risque;1;1;1;0;0;1;0;0;;Filles avant le début de la vie sexuelle;VRAI;si detecte et pris en charge au stade precoce ;Chirurgie  Chimiotherapie  Therapie cible  Radiotherapie ;1;1;0;1;1;0;0;0;0;;Soulager la douleur et les autres symptômes (dyspnée, nausées, anxiété);;Diagnostic tardif ;1;0;0;0;0;0;0;0;0;;Oui;;Dépistage à temps;1;VRAI;Oui , beaucoup;Non;Non ;Non;;;;Dépistage volontaire
24;Masculin;Nord kivu;celibataire ;10;Universite GOMA ;OUI;Mes cours a l' universite \ Formation médicale Expérience clinique  durant mon  Stages;1;0;0;0;1;0;;Une prolifération incontrôlée de cellules anormales;0;1;0;0;0;;Cancer colorectal   Leucémie   Retinoblastome   cancer du sein  Lymphome  cancer de l'uterus  cancer des ovaires  cancer de poumons  Cancer de la prostate  cancer de la peau ;1;1;1;1;1;0;1;1;1;1;1;0;0;;Tabagiste  Consomation d'alocool  Mauvaise alimentation (e.g., excès de viande rouge, faible en fruits/légumes) Infections (e.g., HPV, hépatite B/C) Exposition à des substances chimiques / Pollution de la nature Vieillissement ( age );1;1;1;0;1;1;0;1;0;0;0;0;;Faux ;VRAI;Vrai ;VRAI;VRAI;Faux ;Je ne sais pas ;VRAI;Vaccination (e.g., contre HPV) Dépistage régulier (e.g., mammographie, frottis cervical) Arrêt du tabac Alimentation saine et exercice physique  Évitement des expositions environnementales Examen genetiques pour les familles a risque;1;1;1;1;1;1;0;0;;Filles avant le début de la vie sexuelle;VRAI;si detecte et pris en charge au stade precoce ;Chirurgie  Chimiotherapie  Immunotherapie  Therapie cible  Radiotherapie  traitement paliatif ;1;1;1;1;1;1;0;0;0;;Soulager la douleur et les autres symptômes (dyspnée, nausées, anxiété);;Diagnostic tardif  Manque d'accès aux traitements  Insuffisance de ressources (e.g., équipements, personnel specialise dans sa prise en charge ) Niveau d'education de la population bas  Facteurs socioculturels (e.g., recours à la médecine traditionnelle)    Pauvreté / Manque de moyens financiers  ;1;1;1;1;1;1;0;0;0;;Non;Pas de programme de prévention adapté;Avoir des centres de dépistages précoces chez les personnes à risque, créer des mutuelles de santé pouvant aider dans l’accompagnement  des malades avec cancer;1;VRAI;Oui , beaucoup;Traitable;Non ;Non;;;;Conscientiser la communauté sur la gravité du cancer si diagnostiquer tardivement. Créer un programme bien financé œuvrant dans la lutte contre le cancer dans la population.
25;Feminin ;Hors pays ;celibataire ;7;Universite Evangelique en Afrique ;OUI;Mes cours a l' universite \ Formation médicale Médias (TV, radio, internet) Littérature scientifique / Livres  Expérience clinique  durant mon  Stages;1;1;0;1;1;0;;Une prolifération incontrôlée de cellules anormales;0;1;0;0;0;;Cancer colorectal   Leucémie   Retinoblastome   cancer du sein  Lymphome  Meduloblastome  cancer de l'uterus  cancer des ovaires  cancer de poumons  Cancer de la prostate  cancer de la peau ;1;1;1;1;1;1;1;1;1;1;1;0;0;;Tabagiste  Consomation d'alocool  Mauvaise alimentation (e.g., excès de viande rouge, faible en fruits/légumes) Exposition à des substances chimiques / Pollution de la nature Facteurs génétiques / Héréditaires Vieillissement ( age );1;1;1;0;0;1;1;1;0;0;0;0;;Faux ;VRAI;Vrai ;VRAI;VRAI;Faux ;VRAI;VRAI;Vaccination (e.g., contre HPV) Dépistage régulier (e.g., mammographie, frottis cervical) Arrêt du tabac Alimentation saine et exercice physique  Évitement des expositions environnementales Examen genetiques pour les familles a risque;1;1;1;1;1;1;0;0;;Filles avant le début de la vie sexuelle;VRAI;si detecte et pris en charge au stade precoce ;Chirurgie  Chimiotherapie  Immunotherapie  Radiotherapie ;1;1;1;0;1;0;0;0;0;;Soulager la douleur et les autres symptômes (dyspnée, nausées, anxiété);;Diagnostic tardif  Manque d'accès aux traitements  Insuffisance de ressources (e.g., équipements, personnel specialise dans sa prise en charge ) Niveau d'education de la population bas  Facteurs socioculturels (e.g., recours à la médecine traditionnelle)    Pauvreté / Manque de moyens financiers  ;1;1;1;1;1;1;0;0;0;;Non;La résistance des populations aux mesures de prévention, l'éducation sexuelle non adéquate, le mariage précoce;Associer une éducation sexuelle dans les écoles et même les universités et les centres de formation, utiliser une communication verbale (se servir des pasteurs, des chefs religieux, chefs traditionnels....etc)et non verbale dans les campagnes de sensibilisation (affiches , posts, publicités), organiser des campagnes de sensibilisation et de dépistage;3;VRAI;Oui , beaucoup;C'est une affection qui peut toucher tout le monde et qui, en fonction des moyens mis en jeu peut être pris en charge.  Il existe de nombreux facteurs de risques pour différents cancer d'où la nécessité de jouer sur la sensibilisation et la vaccination dans certains cas.;Non ;Non;;;;Tests de sensibilisation, campagne de dépistage, amélioration de la qualité de vie et surtout de l'alimentation, réduire l'exposition à des agents chimiques ou toxiques, réalisation des tests gênetiques pour prévenir les transmissions verticales,  promouvoir les mariages entre tribu ou ethnies différentes
28;Feminin ;Maniema ;celibataire ;10;Universite GOMA ;OUI;Mes cours a l' universite \ Formation médicale Médias (TV, radio, internet) Expérience clinique  durant mon  Stages;1;1;0;0;1;0;;Une prolifération incontrôlée de cellules anormales;0;1;0;0;0;; Leucémie   cancer de l'uterus  Cancer de la prostate ;0;1;0;0;0;0;1;0;0;1;0;0;0;;Tabagiste  Infections (e.g., HPV, hépatite B/C) Facteurs génétiques / Héréditaires;1;0;0;0;1;0;1;0;0;0;0;0;;Faux ;Je ne sais pas ;Vrai ;VRAI;Faux ;Faux ;VRAI;VRAI;Vaccination (e.g., contre HPV) Arrêt du tabac;1;0;1;0;0;0;0;0;;Filles avant le début de la vie sexuelle;VRAI;si detecte et pris en charge au stade precoce ;Chirurgie  Chimiotherapie  Radiotherapie ;1;1;0;0;1;0;0;0;0;;Améliorer la qualité de vie du patient et de sa famille;;Diagnostic tardif ;1;0;0;0;0;0;0;0;0;;Oui;;Dépistage et vaccination;1;Faux ;Oui , moderement ;Traitable;Non ;Non;;;;Dépistage
24;Masculin;Sud kivu;celibataire ;7;Universite Evangelique en Afrique ;OUI;Mes cours a l' universite \ Formation médicale;1;0;0;0;0;0;;Une prolifération incontrôlée de cellules anormales;0;1;0;0;0;; cancer du sein ;0;0;0;1;0;0;0;0;0;0;0;0;0;;Tabagiste  Consomation d'alocool ;1;1;0;0;0;0;0;0;0;0;0;0;;Faux ;VRAI;Vrai ;VRAI;VRAI;Faux ;Faux ;VRAI;Vaccination (e.g., contre HPV) Arrêt du tabac;1;0;1;0;0;0;0;0;;Femmes de plus de 50 ans ;VRAI;si detecte et pris en charge au stade precoce ;Chimiotherapie  Radiotherapie  traitement paliatif ;0;1;0;0;1;1;0;0;0;;Faciliter la prise en charge à domicile lorsque possible;;Diagnostic tardif ;1;0;0;0;0;0;0;0;0;;Oui;;Dépistage;2;Faux ;Non ;Traitable;Non ;Non;;;;Dépistage
25;Masculin;Maniema ;celibataire ;12;Universite de kindu ;OUI;Mes cours a l' universite \ Formation médicale;1;0;0;0;0;0;;Une prolifération incontrôlée de cellules anormales;0;1;0;0;0;;Retinoblastome ;0;0;1;0;0;0;0;0;0;0;0;0;0;;Tabagiste  Mauvaise alimentation (e.g., excès de viande rouge, faible en fruits/légumes) Infections (e.g., HPV, hépatite B/C) Facteurs génétiques / Héréditaires Vieillissement ( age );1;0;1;0;1;0;1;1;0;0;0;0;;Faux ;VRAI;Vrai ;VRAI;VRAI;Faux ;VRAI;VRAI;Dépistage régulier (e.g., mammographie, frottis cervical) Arrêt du tabac Évitement des expositions environnementales Examen genetiques pour les familles a risque;0;1;1;0;1;1;0;0;;Filles avant le début de la vie sexuelle;VRAI;si detecte et pris en charge au stade precoce ;Chirurgie  Chimiotherapie  je ne sais pas ;1;1;0;0;0;0;0;1;0;;Soulager la douleur et les autres symptômes (dyspnée, nausées, anxiété);;Diagnostic tardif  Niveau d'education de la population bas ;1;0;0;1;0;0;0;0;0;;Non;Manque de sensibilisation;Dépistage précoce et l’éducation de la population;4;VRAI;Oui , moderement ;Traitable dans certains cas;Non ;Non;;;;L'éducation de la population aiderait mieux
28;Masculin;Nord kivu;celibataire ;16;Universite catholique de Graben ;OUI;Expérience clinique  durant mon  Stages;0;0;0;0;1;0;;Une prolifération incontrôlée de cellules anormales;0;1;0;0;0;;Cancer colorectal   Leucémie   Retinoblastome   cancer du sein  Lymphome  cancer de l'uterus  cancer des ovaires  cancer de poumons  Cancer de la prostate ;1;1;1;1;1;0;1;1;1;1;0;0;0;;Tabagiste  Consomation d'alocool  Mauvaise alimentation (e.g., excès de viande rouge, faible en fruits/légumes) Infections (e.g., HPV, hépatite B/C) Exposition à des substances chimiques / Pollution de la nature Facteurs génétiques / Héréditaires Vieillissement ( age );1;1;1;0;1;1;1;1;0;0;0;0;;Faux ;VRAI;Vrai ;VRAI;Faux ;Faux ;VRAI;Je ne sais pas ;Vaccination (e.g., contre HPV) Dépistage régulier (e.g., mammographie, frottis cervical) Arrêt du tabac Alimentation saine et exercice physique  Évitement des expositions environnementales Examen genetiques pour les familles a risque;1;1;1;1;1;1;0;0;;Filles avant le début de la vie sexuelle;VRAI;si detecte et pris en charge au stade precoce ;Chirurgie  Chimiotherapie  Immunotherapie  Radiotherapie ;1;1;1;0;1;0;0;0;0;;Soulager la douleur et les autres symptômes (dyspnée, nausées, anxiété);;Diagnostic tardif  Manque d'accès aux traitements  Insuffisance de ressources (e.g., équipements, personnel specialise dans sa prise en charge ) Niveau d'education de la population bas  Facteurs socioculturels (e.g., recours à la médecine traditionnelle)    Pauvreté / Manque de moyens financiers  ;1;1;1;1;1;1;0;0;0;;Oui;;Prendre en charge de frais du dépistage du cancer!;1;VRAI;Oui , beaucoup;Trautable;Non ;Non;;;;La sensibilisation aux soins le plus tôt possible
24;Feminin ;Sud kivu;celibataire ;5;Universite Evangelique en Afrique ;OUI;Mes cours a l' universite \ Formation médicale;1;0;0;0;0;0;;Une prolifération incontrôlée de cellules anormales;0;1;0;0;0;;Cancer colorectal   Leucémie   Retinoblastome   cancer du sein  Lymphome  Meduloblastome  cancer de l'uterus  cancer des ovaires  cancer de poumons  Cancer de la prostate  cancer de la peau ;1;1;1;1;1;1;1;1;1;1;1;0;0;;Tabagiste  Consomation d'alocool  Infections (e.g., HPV, hépatite B/C) Exposition à des substances chimiques / Pollution de la nature Facteurs génétiques / Héréditaires;1;1;0;0;1;1;1;0;0;0;0;0;;Faux ;VRAI;Je ne sais pas ;VRAI;Je ne sais pas ;Faux ;Je ne sais pas ;VRAI;Vaccination (e.g., contre HPV) Dépistage régulier (e.g., mammographie, frottis cervical) Arrêt du tabac Évitement des expositions environnementales Examen genetiques pour les familles a risque;1;1;1;0;1;1;0;0;;Filles avant le début de la vie sexuelle;VRAI;si detecte et pris en charge au stade precoce ;Chirurgie  Chimiotherapie  Immunotherapie  Therapie cible  Radiotherapie ;1;1;1;1;1;0;0;0;0;;Améliorer la qualité de vie du patient et de sa famille;;Diagnostic tardif  Manque d'accès aux traitements  Insuffisance de ressources (e.g., équipements, personnel specialise dans sa prise en charge ) Pauvreté / Manque de moyens financiers  ;1;1;1;0;0;1;0;0;0;;Non;La RDC n’a pas des équipements et les personnes spécialisés pour cette prise en charge;Dépistage( surtout quand il existe de facteurs héréditaires), vaccination, exercice physique et éducation de la population;5;VRAI;Oui , moderement ;Une maladie;Non ;Non;;;;Dépistage, vaccination, formation spécialisé dans le domaine de l’oncologie, des hôpitaux spécialisé et les matériels nécessaires
24;Feminin ;Sud kivu;celibataire ;5;Universite Evangelique en Afrique ;OUI;Mes cours a l' universite \ Formation médicale Médias (TV, radio, internet) Littérature scientifique / Livres ;1;1;0;1;0;0;;Une prolifération incontrôlée de cellules anormales;0;1;0;0;0;;Cancer colorectal   Leucémie   Retinoblastome   cancer du sein  Lymphome  Meduloblastome  cancer de l'uterus  cancer des ovaires  cancer de poumons  Cancer de la prostate  cancer de la peau  Autre;1;1;1;1;1;1;1;1;1;1;1;0;1;Cancer du larynx, etc.;Tabagiste  Infections (e.g., HPV, hépatite B/C) Exposition à des substances chimiques / Pollution de la nature Facteurs génétiques / Héréditaires;1;0;0;0;1;1;1;0;0;0;0;0;;Faux ;VRAI;Vrai ;VRAI;Je ne sais pas ;Je ne sais pas ;Faux ;VRAI;Vaccination (e.g., contre HPV) Dépistage régulier (e.g., mammographie, frottis cervical) Arrêt du tabac Évitement des expositions environnementales Examen genetiques pour les familles a risque;1;1;1;0;1;1;0;0;;Filles avant le début de la vie sexuelle;Je ne sais pas ;;Chirurgie  Chimiotherapie  Radiotherapie  traitement paliatif  Traitement traditionnel / Herbes ;1;1;0;0;1;1;1;0;0;;Soulager la douleur et les autres symptômes (dyspnée, nausées, anxiété);;Diagnostic tardif  Manque d'accès aux traitements  Insuffisance de ressources (e.g., équipements, personnel specialise dans sa prise en charge ) Niveau d'education de la population bas  Facteurs socioculturels (e.g., recours à la médecine traditionnelle)    Pauvreté / Manque de moyens financiers  ;1;1;1;1;1;1;0;0;0;;Non;Non accessibilité aux moyens de prévention par la population,  des fois même ces moyens de prévention n'existent pas, population non éduquée, etc.;Le dépistage précoce des mersonnes à risque,  l'éducation sur l'utilisation de certains médicaments,  éduquer la population à faire des dépistages fréquemment et toujours consulter un médecin avant d'utiliser certains médicaments.;1;VRAI;Oui , beaucoup;Quand c'est déjà un cancer, le traitement peut être difficile mais je ne la qualifierai pas de maudite;Non ;Non;;;;D'avoir l'implication du gouvernement congolais dans l'éducation et dépistage des cancers dans la population,  disponibiliser les moyens de prévention et améliorer le système de santé dans nos régions.
30;Masculin;Sud kivu;celibataire ;7;Universite Evangelique en Afrique ;OUI;Mes cours a l' universite \ Formation médicale;1;0;0;0;0;0;;Une prolifération incontrôlée de cellules anormales;0;1;0;0;0;; Leucémie   Retinoblastome   cancer du sein  cancer de l'uterus  cancer des ovaires  cancer de poumons  Cancer de la prostate ;0;1;1;1;0;0;1;1;1;1;0;0;0;;Tabagiste  Infections (e.g., HPV, hépatite B/C);1;0;0;0;1;0;0;0;0;0;0;0;;Faux ;VRAI;Vrai ;VRAI;Je ne sais pas ;VRAI;Je ne sais pas ;VRAI;Vaccination (e.g., contre HPV) Dépistage régulier (e.g., mammographie, frottis cervical) Arrêt du tabac;1;1;1;0;0;0;0;0;;Filles avant le début de la vie sexuelle;VRAI;si detecte et pris en charge au stade precoce ;Chirurgie  Chimiotherapie  Immunotherapie  traitement paliatif ;1;1;1;0;0;1;0;0;0;;Améliorer la qualité de vie du patient et de sa famille;;Pauvreté / Manque de moyens financiers  ;0;0;0;0;0;1;0;0;0;;Je ne sais pas;;L'accès facile aux soins médicaux;4;VRAI;Oui , moderement ;Non;Non ;Non;;;;Diagnostic précoce, dépistage régulier et réduction des frais médicaux
26;Masculin;Sud kivu;celibataire ;9;Universite Officielle de Bukavu ( UOB);OUI;Mes cours a l' universite \ Formation médicale Littérature scientifique / Livres  Expérience clinique  durant mon  Stages;1;0;0;1;1;0;;Une prolifération incontrôlée de cellules anormales;0;1;0;0;0;;Cancer colorectal   cancer du sein  cancer de l'uterus  cancer des ovaires  Cancer de la prostate ;1;0;0;1;0;0;1;1;0;1;0;0;0;;Tabagiste  Infections (e.g., HPV, hépatite B/C) Vieillissement ( age );1;0;0;0;1;0;0;1;0;0;0;0;;Faux ;Faux ;Vrai ;VRAI;Je ne sais pas ;Faux ;Je ne sais pas ;VRAI;Vaccination (e.g., contre HPV) Dépistage régulier (e.g., mammographie, frottis cervical) Arrêt du tabac Alimentation saine et exercice physique ;1;1;1;1;0;0;0;0;;Filles avant le début de la vie sexuelle;VRAI;si detecte et pris en charge au stade precoce ;Chirurgie  Chimiotherapie  Radiotherapie ;1;1;0;0;1;0;0;0;0;;Améliorer la qualité de vie du patient et de sa famille;;Diagnostic tardif  Niveau d'education de la population bas ;1;0;0;1;0;0;0;0;0;;Non;Sous équipement pour diagnostic;Moyen;2;Faux ;Oui , moderement ;Nob maladie comme autre;Non ;Non;;;;Diagnostic précoce
25;Feminin ;Sud kivu;celibataire ;9;Universite Officielle de Bukavu ( UOB);OUI;Mes cours a l' universite \ Formation médicale Médias (TV, radio, internet) Littérature scientifique / Livres  Expérience clinique  durant mon  Stages;1;1;0;1;1;0;;Une prolifération incontrôlée de cellules anormales;0;1;0;0;0;;Cancer colorectal   Leucémie   Retinoblastome   cancer du sein  Lymphome  Meduloblastome  cancer de l'uterus  cancer des ovaires  cancer de poumons  Cancer de la prostate  cancer de la peau ;1;1;1;1;1;1;1;1;1;1;1;0;0;;Tabagiste  Infections (e.g., HPV, hépatite B/C) Exposition à des substances chimiques / Pollution de la nature Facteurs génétiques / Héréditaires Vieillissement ( age );1;0;0;0;1;1;1;1;0;0;0;0;;Faux ;VRAI;Faux ;VRAI;VRAI;Faux ;VRAI;VRAI;Vaccination (e.g., contre HPV) Dépistage régulier (e.g., mammographie, frottis cervical) Arrêt du tabac Évitement des expositions environnementales Examen genetiques pour les familles a risque;1;1;1;0;1;1;0;0;;Femmes de plus de 50 ans ;VRAI;si detecte et pris en charge au stade precoce ;Chirurgie  Chimiotherapie  Immunotherapie  Radiotherapie  traitement paliatif ;1;1;1;0;1;1;0;0;0;;Soulager la douleur et les autres symptômes (dyspnée, nausées, anxiété);;Diagnostic tardif  Manque d'accès aux traitements  Insuffisance de ressources (e.g., équipements, personnel specialise dans sa prise en charge ) Niveau d'education de la population bas  Facteurs socioculturels (e.g., recours à la médecine traditionnelle)    Pauvreté / Manque de moyens financiers  ;1;1;1;1;1;1;0;0;0;;Non;Niveau socio-économique, pas de dépistage, retard du diagnostic;Le dépistage systatique, vaccination, alimentation saine, arrêt du tabac;2;VRAI;Oui , beaucoup;C'est une maladie traitble si la découverte est précoce;Non ;Non;;;;Dépistage systématique, alimentation saine, vaccination etc
24;Masculin;Nord kivu;celibataire ;8;Universite Libre des grand LACS ;OUI;Mes cours a l' universite \ Formation médicale;1;0;0;0;0;0;;Une prolifération incontrôlée de cellules anormales;0;1;0;0;0;;Cancer colorectal   Leucémie   Retinoblastome   cancer du sein  Lymphome  Meduloblastome  cancer de l'uterus  cancer des ovaires  cancer de poumons  Cancer de la prostate  cancer de la peau ;1;1;1;1;1;1;1;1;1;1;1;0;0;;Tabagiste  Consomation d'alocool  Exposition à des substances chimiques / Pollution de la nature Facteurs génétiques / Héréditaires Vieillissement ( age );1;1;0;0;0;1;1;1;0;0;0;0;;Faux ;VRAI;Vrai ;VRAI;VRAI;Faux ;VRAI;VRAI;Vaccination (e.g., contre HPV) Dépistage régulier (e.g., mammographie, frottis cervical) Arrêt du tabac Alimentation saine et exercice physique  Évitement des expositions environnementales Examen genetiques pour les familles a risque;1;1;1;1;1;1;0;0;;Filles avant le début de la vie sexuelle;VRAI;si detecte et pris en charge au stade precoce ;Chirurgie  Chimiotherapie  Immunotherapie  Therapie cible  Radiotherapie ;1;1;1;1;1;0;0;0;0;;Soulager la douleur et les autres symptômes (dyspnée, nausées, anxiété);;Diagnostic tardif  Manque d'accès aux traitements  Insuffisance de ressources (e.g., équipements, personnel specialise dans sa prise en charge );1;1;1;0;0;0;0;0;0;;Non;Manque de ressources;Communication efficace et financement des services de santé;1;VRAI;Oui , moderement ;Mauvais sort;Non ;Non;;;;Former des professionnels, éducation sanitaire et équiper les hôpitaux
28;Masculin;Sud kivu;celibataire ;9;Universite Officielle de Bukavu ( UOB);OUI;Mes cours a l' universite \ Formation médicale Littérature scientifique / Livres  Expérience clinique  durant mon  Stages;1;0;0;1;1;0;;Une prolifération incontrôlée de cellules anormales;0;1;0;0;0;;Cancer colorectal   Leucémie   Retinoblastome   cancer du sein  Lymphome  Meduloblastome  cancer de l'uterus  cancer des ovaires  cancer de poumons  Cancer de la prostate  cancer de la peau ;1;1;1;1;1;1;1;1;1;1;1;0;0;;Tabagiste  Infections (e.g., HPV, hépatite B/C) Exposition à des substances chimiques / Pollution de la nature Facteurs génétiques / Héréditaires;1;0;0;0;1;1;1;0;0;0;0;0;;Faux ;VRAI;Faux ;VRAI;Je ne sais pas ;Faux ;VRAI;VRAI;Vaccination (e.g., contre HPV) Dépistage régulier (e.g., mammographie, frottis cervical) Arrêt du tabac Évitement des expositions environnementales Examen genetiques pour les familles a risque;1;1;1;0;1;1;0;0;;Filles avant le début de la vie sexuelle;VRAI;si detecte et pris en charge au stade precoce ;Chirurgie  Chimiotherapie  Immunotherapie  Therapie cible  Radiotherapie  traitement paliatif ;1;1;1;1;1;1;0;0;0;;Soulager la douleur et les autres symptômes (dyspnée, nausées, anxiété);;Diagnostic tardif  Manque d'accès aux traitements  Insuffisance de ressources (e.g., équipements, personnel specialise dans sa prise en charge ) Niveau d'education de la population bas  Facteurs socioculturels (e.g., recours à la médecine traditionnelle)    Pauvreté / Manque de moyens financiers  ;1;1;1;1;1;1;0;0;0;;Non;Négligence et mauvaise foi des decidants;Dépistage des personnes à risque, équipement des infrastructures hospitalières;1;VRAI;Oui , moderement ;Une maladie comme les autres, et donc traitable si diagnostic précoces;Non ;Non;;;;Formation des prestataires en oncologie, équipé les structures sanitaires
28;Masculin;Sud kivu;celibataire ;9;Universite Officielle de Bukavu ( UOB);OUI;Mes cours a l' universite \ Formation médicale Expérience clinique  durant mon  Stages;1;0;0;0;1;0;;Une prolifération incontrôlée de cellules anormales;0;1;0;0;0;; Leucémie   Lymphome  Cancer de la prostate ;0;1;0;0;1;0;0;0;0;1;0;0;0;;Tabagiste  Consomation d'alocool  Exposition à des substances chimiques / Pollution de la nature Facteurs génétiques / Héréditaires;1;1;0;0;0;1;1;0;0;0;0;0;;Faux ;VRAI;Vrai ;VRAI;Je ne sais pas ;Faux ;Faux ;VRAI;Vaccination (e.g., contre HPV) Dépistage régulier (e.g., mammographie, frottis cervical) Arrêt du tabac Évitement des expositions environnementales;1;1;1;0;1;0;0;0;;Filles avant le début de la vie sexuelle;VRAI;si detecte et pris en charge au stade precoce ;Chirurgie  Chimiotherapie  Therapie cible  Radiotherapie ;1;1;0;1;1;0;0;0;0;;Soutenir l’accompagnement psychologique et spirituel;;Diagnostic tardif  Insuffisance de ressources (e.g., équipements, personnel specialise dans sa prise en charge ) Niveau d'education de la population bas ;1;0;1;1;0;0;0;0;0;;Non;Manque de personnel medical specialisé dans la prise encharge et manque d'equipememts;Depistage , vaccination et information la population;1;VRAI;Oui , beaucoup;Traitable;Non ;Non;;;;Depistage et information de la population sur l'existence du cancers
26;Masculin;Sud kivu;celibataire ;9;Universite Officielle de Bukavu ( UOB);OUI;Mes cours a l' universite \ Formation médicale;1;0;0;0;0;0;;Une prolifération incontrôlée de cellules anormales;0;1;0;0;0;;cancer de l'uterus ;0;0;0;0;0;0;1;0;0;0;0;0;0;;Infections (e.g., HPV, hépatite B/C);0;0;0;0;1;0;0;0;0;0;0;0;;Faux ;VRAI;Faux ;VRAI;Je ne sais pas ;Faux ;VRAI;VRAI;Vaccination (e.g., contre HPV) Dépistage régulier (e.g., mammographie, frottis cervical) Arrêt du tabac;1;1;1;0;0;0;0;0;;Filles avant le début de la vie sexuelle;VRAI;si detecte et pris en charge au stade precoce ;Chirurgie  Chimiotherapie  Therapie cible  Radiotherapie ;1;1;0;1;1;0;0;0;0;;Soulager la douleur et les autres symptômes (dyspnée, nausées, anxiété);;Diagnostic tardif  Manque d'accès aux traitements  Insuffisance de ressources (e.g., équipements, personnel specialise dans sa prise en charge ) Facteurs socioculturels (e.g., recours à la médecine traditionnelle)    Pauvreté / Manque de moyens financiers  ;1;1;1;0;1;1;0;0;0;;Non;Le diagnostic est tardif et prise en charge inadéquate suite au manque de moyens;Faire des campagnes de sensibilisation pour expliquer à la population l'intérêt d'un dépistage et diagnostic précoce;5;VRAI;Oui , beaucoup;C'est une maladie traitable si diagnostiquée précocement;Non ;Non;;;;Sensibiliser la population au dépistage et de doter les hôpitaux des moyens de diagnostic et de prise en charge.
27;Masculin;Sud kivu;celibataire ;10;Universite Officielle de Bukavu ( UOB);OUI;Mes cours a l' universite \ Formation médicale;1;0;0;0;0;0;;Une prolifération incontrôlée de cellules anormales;0;1;0;0;0;;Cancer colorectal   Leucémie   Retinoblastome   cancer du sein  Lymphome  Meduloblastome  cancer de l'uterus  cancer de poumons  Cancer de la prostate  cancer de la peau ;1;1;1;1;1;1;1;0;1;1;1;0;0;;Tabagiste  Facteurs génétiques / Héréditaires;1;0;0;0;0;0;1;0;0;0;0;0;;Faux ;VRAI;Faux ;VRAI;VRAI;Faux ;VRAI;VRAI;Vaccination (e.g., contre HPV) Dépistage régulier (e.g., mammographie, frottis cervical) Arrêt du tabac Examen genetiques pour les familles a risque;1;1;1;0;0;1;0;0;;Filles avant le début de la vie sexuelle;VRAI;si detecte et pris en charge au stade precoce ;Chirurgie  Chimiotherapie  Immunotherapie  Therapie cible  Radiotherapie  traitement paliatif ;1;1;1;1;1;1;0;0;0;;Soulager la douleur et les autres symptômes (dyspnée, nausées, anxiété);;Diagnostic tardif  Niveau d'education de la population bas ;1;0;0;1;0;0;0;0;0;;Oui;;Dépistage précoce;5;VRAI;Oui , beaucoup;Traitable;Non ;Non;;;;Education sociale
28;Masculin;Nord kivu;celibataire ;10;Universite GOMA ;OUI;Mes cours a l' universite \ Formation médicale;1;0;0;0;0;0;;Une prolifération incontrôlée de cellules anormales;0;1;0;0;0;;Cancer colorectal   Leucémie   Retinoblastome   cancer du sein  Lymphome  cancer des ovaires  cancer de poumons  Cancer de la prostate ;1;1;1;1;1;0;0;1;1;1;0;0;0;;Tabagiste  Mauvaise alimentation (e.g., excès de viande rouge, faible en fruits/légumes) Infections (e.g., HPV, hépatite B/C) Exposition à des substances chimiques / Pollution de la nature Facteurs génétiques / Héréditaires;1;0;1;0;1;1;1;0;0;0;0;0;;Faux ;VRAI;Faux ;VRAI;Je ne sais pas ;Faux ;Je ne sais pas ;VRAI;Vaccination (e.g., contre HPV) Dépistage régulier (e.g., mammographie, frottis cervical) Arrêt du tabac Alimentation saine et exercice physique  Évitement des expositions environnementales Examen genetiques pour les familles a risque;1;1;1;1;1;1;0;0;;Filles avant le début de la vie sexuelle;VRAI;si detecte et pris en charge au stade precoce ;Chirurgie  Chimiotherapie  Immunotherapie  Radiotherapie ;1;1;1;0;1;0;0;0;0;;Soulager la douleur et les autres symptômes (dyspnée, nausées, anxiété);;Diagnostic tardif  Manque d'accès aux traitements ;1;1;0;0;0;0;0;0;0;;Non;Manque de centre spécialisé;Dépistage précoce et sensibilisations;3;Je ne sais pas ;Oui , moderement ;Maladie contrôlable mais pas toujours curable;Non ;Non;;;;Sensibilisations,Dépistage, vaccination, disponibilité de centre spécialisé
28;Masculin;Sud kivu;celibataire ;10;Universite GOMA ;OUI;Mes cours a l' universite \ Formation médicale;1;0;0;0;0;0;;Une prolifération incontrôlée de cellules anormales;0;1;0;0;0;;Cancer colorectal   Leucémie   Retinoblastome   cancer du sein  Cancer de la prostate  cancer de la peau ;1;1;1;1;0;0;0;0;0;1;1;0;0;;Tabagiste  Mauvaise alimentation (e.g., excès de viande rouge, faible en fruits/légumes) Infections (e.g., HPV, hépatite B/C) Exposition à des substances chimiques / Pollution de la nature Facteurs génétiques / Héréditaires;1;0;1;0;1;1;1;0;0;0;0;0;;Faux ;VRAI;Je ne sais pas ;VRAI;Faux ;Faux ;VRAI;VRAI;Vaccination (e.g., contre HPV) Dépistage régulier (e.g., mammographie, frottis cervical) Arrêt du tabac Alimentation saine et exercice physique  Évitement des expositions environnementales Examen genetiques pour les familles a risque;1;1;1;1;1;1;0;0;;Filles avant le début de la vie sexuelle;VRAI;si detecte et pris en charge au stade precoce ;Chirurgie  Chimiotherapie  Radiotherapie  traitement paliatif ;1;1;0;0;1;1;0;0;0;;Soulager la douleur et les autres symptômes (dyspnée, nausées, anxiété);;Diagnostic tardif  Manque d'accès aux traitements  Insuffisance de ressources (e.g., équipements, personnel specialise dans sa prise en charge ) Niveau d'education de la population bas  Facteurs socioculturels (e.g., recours à la médecine traditionnelle)    Pauvreté / Manque de moyens financiers  ;1;1;1;1;1;1;0;0;0;;Non;Diagnostic tardif et prise en plateau thérapeutique limité;Dépistage précoce;4;VRAI;Oui , moderement ;Traitable;Non ;Non;;;;Sensibilisation pour dépistage et amélioration de la prise en charge
26;Masculin;Sud kivu;celibataire ;15;Universite Officielle de Bukavu ( UOB);OUI;Mes cours a l' universite \ Formation médicale;1;0;0;0;0;0;;Une prolifération incontrôlée de cellules anormales;0;1;0;0;0;; cancer du sein  Lymphome  cancer de l'uterus  Cancer de la prostate ;0;0;0;1;1;0;1;0;0;1;0;0;0;;Tabagiste  Infections (e.g., HPV, hépatite B/C);1;0;0;0;1;0;0;0;0;0;0;0;;Faux ;VRAI;Vrai ;VRAI;Je ne sais pas ;Faux ;Je ne sais pas ;VRAI;Vaccination (e.g., contre HPV) Arrêt du tabac;1;0;1;0;0;0;0;0;;Filles avant le début de la vie sexuelle;VRAI;si detecte et pris en charge au stade precoce ;Chirurgie  Chimiotherapie ;1;1;0;0;0;0;0;0;0;;Être intégrés précocement dans la prise en charge des cancers avancés;;Diagnostic tardif ;1;0;0;0;0;0;0;0;0;;Je ne sais pas;;Dépistage précoce;3;VRAI;Oui , moderement ;Traitable;Non ;Non;;;;Organisation des journées de dépistage
27;Masculin;Sud kivu;celibataire ;10;Universite GOMA ;OUI;Littérature scientifique / Livres ;0;0;0;1;0;0;;Une prolifération incontrôlée de cellules anormales;0;1;0;0;0;; cancer du sein ;0;0;0;1;0;0;0;0;0;0;0;0;0;;Tabagiste  Mauvaise alimentation (e.g., excès de viande rouge, faible en fruits/légumes) Exposition à des substances chimiques / Pollution de la nature Facteurs génétiques / Héréditaires Vieillissement ( age );1;0;1;0;0;1;1;1;0;0;0;0;;Faux ;VRAI;Vrai ;VRAI;Je ne sais pas ;Faux ;VRAI;VRAI;Vaccination (e.g., contre HPV) Arrêt du tabac Alimentation saine et exercice physique  Évitement des expositions environnementales;1;0;1;1;1;0;0;0;;Filles avant le début de la vie sexuelle;VRAI;si detecte et pris en charge au stade precoce ;Chirurgie  Chimiotherapie  Immunotherapie  Radiotherapie  traitement paliatif ;1;1;1;0;1;1;0;0;0;;Améliorer la qualité de vie du patient et de sa famille;;Diagnostic tardif  Manque d'accès aux traitements  Insuffisance de ressources (e.g., équipements, personnel specialise dans sa prise en charge );1;1;1;0;0;0;0;0;0;;Non;Dépistage tardif;Créer les centres de traitement de cancérologie;2;VRAI;Non ;Traitable;Non ;Non;;;;Dépistage
28;Masculin;Sud kivu;celibataire ;10;Universite GOMA ;OUI;Mes cours a l' universite \ Formation médicale;1;0;0;0;0;0;;Une prolifération incontrôlée de cellules anormales;0;1;0;0;0;; cancer du sein  cancer de l'uterus  cancer des ovaires  cancer de poumons  Cancer de la prostate ;0;0;0;1;0;0;1;1;1;1;0;0;0;;Tabagiste  Facteurs génétiques / Héréditaires;1;0;0;0;0;0;1;0;0;0;0;0;;Faux ;VRAI;Vrai ;VRAI;VRAI;Faux ;VRAI;VRAI;Dépistage régulier (e.g., mammographie, frottis cervical) Arrêt du tabac Alimentation saine et exercice physique ;0;1;1;1;0;0;0;0;;Femmes de plus de 50 ans ;VRAI;si detecte et pris en charge au stade precoce ;Chirurgie  Chimiotherapie  Radiotherapie ;1;1;0;0;1;0;0;0;0;;Améliorer la qualité de vie du patient et de sa famille;;Diagnostic tardif  Manque d'accès aux traitements  Niveau d'education de la population bas  Facteurs socioculturels (e.g., recours à la médecine traditionnelle)    Pauvreté / Manque de moyens financiers  ;1;1;0;1;1;1;0;0;0;;Oui;;Dépistage précoce;2;VRAI;Oui , beaucoup;Traitable;Non ;Non;;;;Faire le dépistage précoce.
25;Feminin ;Sud kivu;celibataire ;5;Universite Officielle de Bukavu ( UOB);OUI;Mes cours a l' universite \ Formation médicale;1;0;0;0;0;0;;Une prolifération incontrôlée de cellules anormales;0;1;0;0;0;; Leucémie  ;0;1;0;0;0;0;0;0;0;0;0;0;0;;Tabagiste ;1;0;0;0;0;0;0;0;0;0;0;0;;Faux ;VRAI;Faux ;VRAI;Faux ;Faux ;Faux ;Je ne sais pas ;Dépistage régulier (e.g., mammographie, frottis cervical);0;1;0;0;0;0;0;0;;Patients avec un cancer cervical ou autre type ;VRAI;si detecte et pris en charge au stade precoce ;Chimiotherapie ;0;1;0;0;0;0;0;0;0;;Soulager la douleur et les autres symptômes (dyspnée, nausées, anxiété);;Diagnostic tardif ;1;0;0;0;0;0;0;0;0;;Je ne sais pas;;Le dépistage;1;Je ne sais pas ;Je ne sais pas ;Traitable;Non ;Non;;;;Dépistage
28;Masculin;Sud kivu;celibataire ;9;Universite Officielle de Bukavu ( UOB);OUI;Mes cours a l' universite \ Formation médicale Littérature scientifique / Livres ;1;0;0;1;0;0;;Une prolifération incontrôlée de cellules anormales;0;1;0;0;0;; Leucémie    cancer du sein  cancer de l'uterus  cancer des ovaires  Cancer de la prostate  cancer de la peau ;0;1;0;1;0;0;1;1;0;1;1;0;0;;Tabagiste  Consomation d'alocool  Infections (e.g., HPV, hépatite B/C) Facteurs génétiques / Héréditaires;1;1;0;0;1;0;1;0;0;0;0;0;;Faux ;VRAI;Vrai ;VRAI;Je ne sais pas ;Faux ;VRAI;VRAI;Vaccination (e.g., contre HPV) Dépistage régulier (e.g., mammographie, frottis cervical) Arrêt du tabac Évitement des expositions environnementales Examen genetiques pour les familles a risque;1;1;1;0;1;1;0;0;;Filles avant le début de la vie sexuelle;VRAI;si detecte et pris en charge au stade precoce ;Chirurgie  Chimiotherapie  Immunotherapie  Radiotherapie ;1;1;1;0;1;0;0;0;0;;Soulager la douleur et les autres symptômes (dyspnée, nausées, anxiété);;Diagnostic tardif  Manque d'accès aux traitements  Insuffisance de ressources (e.g., équipements, personnel specialise dans sa prise en charge ) Facteurs socioculturels (e.g., recours à la médecine traditionnelle)    Pauvreté / Manque de moyens financiers  ;1;1;1;0;1;1;0;0;0;;Je ne sais pas;;Dépistage régulier et examens général;3;VRAI;Oui , beaucoup;Maladie incurable si retrouvé à un stade avancé;Non ;Non;;;;Faire des formations
25;Feminin ;Sud kivu;celibataire ;9;Universite Officielle de Bukavu ( UOB);OUI;Mes cours a l' universite \ Formation médicale Expérience clinique  durant mon  Stages;1;0;0;0;1;0;;Une prolifération incontrôlée de cellules anormales;0;1;0;0;0;;Cancer colorectal   Leucémie   Retinoblastome   cancer du sein  Lymphome  cancer de l'uterus  cancer des ovaires  cancer de poumons  Cancer de la prostate  cancer de la peau ;1;1;1;1;1;0;1;1;1;1;1;0;0;;Tabagiste  Consomation d'alocool  Infections (e.g., HPV, hépatite B/C) Exposition à des substances chimiques / Pollution de la nature Facteurs génétiques / Héréditaires;1;1;0;0;1;1;1;0;0;0;0;0;;Faux ;VRAI;Vrai ;VRAI;VRAI;Faux ;Faux ;VRAI;Vaccination (e.g., contre HPV) Dépistage régulier (e.g., mammographie, frottis cervical) Arrêt du tabac Alimentation saine et exercice physique  Évitement des expositions environnementales Examen genetiques pour les familles a risque;1;1;1;1;1;1;0;0;;Patients avec un cancer cervical ou autre type ;Je ne sais pas ;;Chirurgie  Chimiotherapie  Immunotherapie  Therapie cible  Radiotherapie ;1;1;1;1;1;0;0;0;0;;Soulager la douleur et les autres symptômes (dyspnée, nausées, anxiété);;Diagnostic tardif  Pauvreté / Manque de moyens financiers  ;1;0;0;0;0;1;0;0;0;;Je ne sais pas;;Les mesures hygièno diététique , en évitant les facteurs des risques, et encourager la consultation precoce;4;Je ne sais pas ;Oui , moderement ;Une maladie traitable;Non ;Non;;;;Un dépistage précoce, que l'état congolais disponibilise les matériaux appropriés dans les hôpitaux enfin de contribuer à la prise en charge adéquate du cancer dans notre milieu
26;Masculin;Maniema ;Marié;1;Universite de kindu ;OUI;Mes cours a l' universite \ Formation médicale Médias (TV, radio, internet) Littérature scientifique / Livres  Expérience clinique  durant mon  Stages;1;1;0;1;1;0;;Une prolifération incontrôlée de cellules anormales;0;1;0;0;0;;Cancer colorectal   Leucémie   Retinoblastome   cancer du sein  Lymphome  Meduloblastome  cancer de l'uterus  cancer des ovaires  cancer de poumons  Cancer de la prostate  cancer de la peau  Autre;1;1;1;1;1;1;1;1;1;1;1;0;1;Cancer du foie, Cancer de l’estomac, Cancer du pancréas, Cancer du col, de l’utérus (très important en Afrique), Cancer de la vessie, Cancer du rein, Cancer de la thyroïde.;Tabagiste  Consomation d'alocool  Manque d'exercice physique Infections (e.g., HPV, hépatite B/C) Exposition à des substances chimiques / Pollution de la nature Facteurs génétiques / Héréditaires Vieillissement ( age );1;1;0;1;1;1;1;1;0;0;0;0;;Faux ;VRAI;Vrai ;VRAI;VRAI;Faux ;VRAI;VRAI;Vaccination (e.g., contre HPV) Dépistage régulier (e.g., mammographie, frottis cervical) Arrêt du tabac Alimentation saine et exercice physique  Évitement des expositions environnementales Examen genetiques pour les familles a risque Autre;1;1;1;1;1;1;0;1;Auto-palpation des seins pour la femme, Mammographie;Filles avant le début de la vie sexuelle;VRAI;si detecte et pris en charge au stade precoce ;Chirurgie  Chimiotherapie  Immunotherapie  Therapie cible  Radiotherapie  traitement paliatif ;1;1;1;1;1;1;0;0;0;;Soulager la douleur et les autres symptômes (dyspnée, nausées, anxiété);;Diagnostic tardif  Manque d'accès aux traitements  Insuffisance de ressources (e.g., équipements, personnel specialise dans sa prise en charge ) Niveau d'education de la population bas  Facteurs socioculturels (e.g., recours à la médecine traditionnelle)    Pauvreté / Manque de moyens financiers  ;1;1;1;1;1;1;0;0;0;;Non;Mangue des ressources;La vaccination et la lutte contre les infections (surtout HPV et hépatite B), Lutte contre le tabagisme ,Dépistage (frottis, etc.), Bonne alimentation;4;VRAI;Non ;Maladie traitable;Non ;Non;;;;Vaccination, dépistage précoce,...
26;Masculin;Sud kivu;celibataire ;9;Universite Officielle de Bukavu ( UOB);OUI;Mes cours a l' universite \ Formation médicale;1;0;0;0;0;0;;Une prolifération incontrôlée de cellules anormales;0;1;0;0;0;;Cancer colorectal   Leucémie   Retinoblastome   cancer du sein  Lymphome  Meduloblastome  cancer de l'uterus  cancer des ovaires  cancer de poumons  Cancer de la prostate  cancer de la peau ;1;1;1;1;1;1;1;1;1;1;1;0;0;;Tabagiste  Mauvaise alimentation (e.g., excès de viande rouge, faible en fruits/légumes) Infections (e.g., HPV, hépatite B/C) Exposition à des substances chimiques / Pollution de la nature Facteurs génétiques / Héréditaires;1;0;1;0;1;1;1;0;0;0;0;0;;Faux ;VRAI;Faux ;VRAI;VRAI;Faux ;VRAI;VRAI;Vaccination (e.g., contre HPV) Dépistage régulier (e.g., mammographie, frottis cervical) Arrêt du tabac Alimentation saine et exercice physique  Examen genetiques pour les familles a risque;1;1;1;1;0;1;0;0;;Filles avant le début de la vie sexuelle;VRAI;si detecte et pris en charge au stade precoce ;Chirurgie  Chimiotherapie  Immunotherapie  Therapie cible  Radiotherapie  traitement paliatif ;1;1;1;1;1;1;0;0;0;;Améliorer la qualité de vie du patient et de sa famille;;Diagnostic tardif ;1;0;0;0;0;0;0;0;0;;Non;La plupart des patients consulte au stade avancé de la maladie;Le dépistage;1;Faux ;Oui , beaucoup;Est une maladie traitable si elle est découverte dans sa phase d'installation;Non ;Non;;;;La sensibilisation serait selon moi un moyen efficace..
24;Feminin ;Sud kivu;celibataire ;5;Universite Evangelique en Afrique ;OUI;Mes cours a l' universite \ Formation médicale Médias (TV, radio, internet) Famille / Amis;1;1;1;0;0;0;;Une prolifération incontrôlée de cellules anormales;0;1;0;0;0;; Leucémie    cancer du sein ;0;1;0;1;0;0;0;0;0;0;0;0;0;;Tabagiste  Consomation d'alocool  Mauvaise alimentation (e.g., excès de viande rouge, faible en fruits/légumes) Facteurs génétiques / Héréditaires;1;1;1;0;0;0;1;0;0;0;0;0;;Faux ;VRAI;Vrai ;VRAI;Faux ;Faux ;VRAI;VRAI;Dépistage régulier (e.g., mammographie, frottis cervical) Arrêt du tabac Alimentation saine et exercice physique  Examen genetiques pour les familles a risque;0;1;1;1;0;1;0;0;;Femmes de plus de 50 ans ;VRAI;si detecte et pris en charge au stade precoce ;Chimiotherapie ;0;1;0;0;0;0;0;0;0;;Améliorer la qualité de vie du patient et de sa famille;;Diagnostic tardif  Manque d'accès aux traitements  Niveau d'education de la population bas  Facteurs socioculturels (e.g., recours à la médecine traditionnelle)    Pauvreté / Manque de moyens financiers  ;1;1;0;1;1;1;0;0;0;;Non;La population est habituée à l’automédication et le personnel de santé n’est pas bien organisé pour sensibiliser cette dernière;Commencer d’abord par instruire la population puis capaciter les personnels de santé sur le cancer;5;VRAI;Oui , beaucoup;Je n’aime pas le cancer;Non ;Oui;Grand parents ;;;Multiplier les campagnes de sensibilisation afin de faire prendre conscience à la population de la gravité du cancer
26;Masculin;Sud kivu;celibataire ;11;Universite Officielle de Bukavu ( UOB);OUI;Mes cours a l' universite \ Formation médicale Médias (TV, radio, internet) Expérience clinique  durant mon  Stages;1;1;0;0;1;0;;Une prolifération incontrôlée de cellules anormales;0;1;0;0;0;;Cancer colorectal   Leucémie   Retinoblastome   cancer du sein  Lymphome  Meduloblastome  cancer de l'uterus  cancer des ovaires  cancer de poumons  Cancer de la prostate  cancer de la peau  Autre;1;1;1;1;1;1;1;1;1;1;1;0;1;Cancer de l'estomac, cancer du foie,  la thyroïde,;Tabagiste  Consomation d'alocool  Mauvaise alimentation (e.g., excès de viande rouge, faible en fruits/légumes) Manque d'exercice physique Infections (e.g., HPV, hépatite B/C) Exposition à des substances chimiques / Pollution de la nature;1;1;1;1;1;1;0;0;0;0;0;0;;Faux ;VRAI;Vrai ;VRAI;Je ne sais pas ;Faux ;VRAI;VRAI;Vaccination (e.g., contre HPV) Dépistage régulier (e.g., mammographie, frottis cervical) Arrêt du tabac Alimentation saine et exercice physique  Évitement des expositions environnementales Examen genetiques pour les familles a risque;1;1;1;1;1;1;0;0;;Patients avec un cancer cervical ou autre type ;VRAI;si detecte et pris en charge au stade precoce ;Chirurgie  Chimiotherapie  Immunotherapie  Therapie cible  Radiotherapie ;1;1;1;1;1;0;0;0;0;;Améliorer la qualité de vie du patient et de sa famille;;Diagnostic tardif  Manque d'accès aux traitements  Insuffisance de ressources (e.g., équipements, personnel specialise dans sa prise en charge ) Niveau d'education de la population bas  Pauvreté / Manque de moyens financiers  ;1;1;1;1;0;1;0;0;0;;Non;Parce que notre pays est encore loin du développement de secteur sanitaire, d'où la nécessité d'améliorer nos structures.;Le dépistage à temps;3;VRAI;Oui , beaucoup;Traitable;Non ;Oui;Un parent ;;;Faire de la journée internationale de la lutte contre le cancer une journée de dépistage et non une journée dédiée aux conférences et partage des verres
30;Masculin;Sud kivu;celibataire ;9;Universite Officielle de Bukavu ( UOB);OUI;Mes cours a l' universite \ Formation médicale;1;0;0;0;0;0;;Une prolifération incontrôlée de cellules anormales;0;1;0;0;0;;Cancer colorectal   Leucémie   Retinoblastome   cancer du sein  Lymphome  Meduloblastome  cancer de l'uterus  cancer des ovaires  cancer de poumons  Cancer de la prostate  cancer de la peau ;1;1;1;1;1;1;1;1;1;1;1;0;0;;Tabagiste  Infections (e.g., HPV, hépatite B/C) Facteurs génétiques / Héréditaires;1;0;0;0;1;0;1;0;0;0;0;0;;Faux ;VRAI;Vrai ;VRAI;Je ne sais pas ;Faux ;Faux ;VRAI;Vaccination (e.g., contre HPV) Dépistage régulier (e.g., mammographie, frottis cervical) Arrêt du tabac Alimentation saine et exercice physique  Examen genetiques pour les familles a risque;1;1;1;1;0;1;0;0;;Filles avant le début de la vie sexuelle;VRAI;si detecte et pris en charge au stade precoce ;Chirurgie  Chimiotherapie  Immunotherapie  Therapie cible  Radiotherapie ;1;1;1;1;1;0;0;0;0;;Soulager la douleur et les autres symptômes (dyspnée, nausées, anxiété);;Diagnostic tardif  Manque d'accès aux traitements  Niveau d'education de la population bas  Facteurs socioculturels (e.g., recours à la médecine traditionnelle)    Pauvreté / Manque de moyens financiers  ;1;1;0;1;1;1;0;0;0;;Oui;;Éducation;2;VRAI;Oui , beaucoup;Maladie tratable;Non ;Non;;;;Éducation sanitaire et équipements médicaux
31;Masculin;Autre province ;celibataire ;10;Universite catholique de Graben ;OUI;Mes cours a l' universite \ Formation médicale;1;0;0;0;0;0;;Une prolifération incontrôlée de cellules anormales;0;1;0;0;0;;Cancer colorectal   Leucémie   Retinoblastome   cancer du sein  Lymphome  Meduloblastome  cancer de l'uterus  cancer des ovaires  cancer de poumons  Cancer de la prostate  cancer de la peau  Autre;1;1;1;1;1;1;1;1;1;1;1;0;1;Cancer du cerveau;Tabagiste  Consomation d'alocool  Manque d'exercice physique Infections (e.g., HPV, hépatite B/C) Exposition à des substances chimiques / Pollution de la nature;1;1;0;1;1;1;0;0;0;0;0;0;;Faux ;VRAI;Vrai ;VRAI;Je ne sais pas ;Faux ;VRAI;Faux ;Vaccination (e.g., contre HPV) Dépistage régulier (e.g., mammographie, frottis cervical) Arrêt du tabac Alimentation saine et exercice physique  Évitement des expositions environnementales Examen genetiques pour les familles a risque;1;1;1;1;1;1;0;0;;Filles avant le début de la vie sexuelle;VRAI;si detecte et pris en charge au stade precoce ;Chirurgie  Chimiotherapie  Therapie cible  Radiotherapie  traitement paliatif ;1;1;0;1;1;1;0;0;0;;Soulager la douleur et les autres symptômes (dyspnée, nausées, anxiété);;Diagnostic tardif ;1;0;0;0;0;0;0;0;0;;Non;Manque de sensibilisation de la population;Arrêt du tabagisme, sensibilisation de la population sur le dépistage régulier;3;VRAI;Oui , moderement ;Traitable;Non ;Non;;;;Organiser des séminaires et formation avec différentes couches de la population pour l'instruction et la sensibilisation
25;Masculin;Nord kivu;celibataire ;14;Universite catholique de Graben ;OUI;Mes cours a l' universite \ Formation médicale;1;0;0;0;0;0;;Une prolifération incontrôlée de cellules anormales;0;1;0;0;0;;Cancer colorectal   Leucémie   Retinoblastome   cancer du sein  Lymphome  cancer de l'uterus  cancer des ovaires  cancer de poumons  Cancer de la prostate  cancer de la peau  Autre;1;1;1;1;1;0;1;1;1;1;1;0;1;Gliome, myélome multiple, Hodgkin;Tabagiste  Consomation d'alocool  Manque d'exercice physique Infections (e.g., HPV, hépatite B/C) Exposition à des substances chimiques / Pollution de la nature Facteurs génétiques / Héréditaires Vieillissement ( age );1;1;0;1;1;1;1;1;0;0;0;0;;Faux ;VRAI;Vrai ;VRAI;VRAI;Faux ;VRAI;VRAI;Vaccination (e.g., contre HPV) Dépistage régulier (e.g., mammographie, frottis cervical) Arrêt du tabac Alimentation saine et exercice physique  Évitement des expositions environnementales;1;1;1;1;1;0;0;0;;Filles avant le début de la vie sexuelle;VRAI;si detecte et pris en charge au stade precoce ;Chirurgie  Chimiotherapie  Immunotherapie  Therapie cible  Radiotherapie  traitement paliatif ;1;1;1;1;1;1;0;0;0;;Soulager la douleur et les autres symptômes (dyspnée, nausées, anxiété);;Diagnostic tardif  Manque d'accès aux traitements  Insuffisance de ressources (e.g., équipements, personnel specialise dans sa prise en charge ) Niveau d'education de la population bas  Facteurs socioculturels (e.g., recours à la médecine traditionnelle)    Pauvreté / Manque de moyens financiers  ;1;1;1;1;1;1;0;0;0;;Non;Prévention insuffisante, Diagnostic et dépistage très limités, Prise en charge inadéquate, Cadre organisationnel et financier fragile;il faut des mesures de prévention prioritaires, simples, reproductibles et insérées dans le système de santé déjà existant;5;VRAI;Oui , moderement ;Le cancer est une maladie comme les autres mais les recherches doivent être encore poussé pour tu;Non ;Non;;;;Amélioration du paraclinique dans notre région
25;Masculin;Nord kivu;celibataire ;9;Universite GOMA ;OUI;Mes cours a l' universite \ Formation médicale;1;0;0;0;0;0;;Une prolifération incontrôlée de cellules anormales;0;1;0;0;0;;Cancer colorectal ;1;0;0;0;0;0;0;0;0;0;0;0;0;;Infections (e.g., HPV, hépatite B/C);0;0;0;0;1;0;0;0;0;0;0;0;;Faux ;VRAI;Vrai ;VRAI;Je ne sais pas ;Faux ;VRAI;Je ne sais pas ;Dépistage régulier (e.g., mammographie, frottis cervical);0;1;0;0;0;0;0;0;;Femmes de plus de 50 ans ;VRAI;si pris en charge dans un centre specialise de cancerologie ;Chimiotherapie ;0;1;0;0;0;0;0;0;0;;Soulager la douleur et les autres symptômes (dyspnée, nausées, anxiété);;Diagnostic tardif ;1;0;0;0;0;0;0;0;0;;Oui;;Dépistage régulier;2;VRAI;Oui , beaucoup;Traitable;Non ;Non;;;;Dépistage régulier et vie sexuelle responsable
26;Masculin;Sud kivu;celibataire ;9;Universite Officielle de Bukavu ( UOB);OUI;Mes cours a l' universite \ Formation médicale Médias (TV, radio, internet) Littérature scientifique / Livres  Expérience clinique  durant mon  Stages;1;1;0;1;1;0;;Une prolifération incontrôlée de cellules anormales;0;1;0;0;0;;Cancer colorectal   Leucémie   Retinoblastome   cancer du sein  Lymphome  cancer de l'uterus  cancer des ovaires  cancer de poumons  Cancer de la prostate  cancer de la peau ;1;1;1;1;1;0;1;1;1;1;1;0;0;;Tabagiste  Exposition à des substances chimiques / Pollution de la nature Facteurs génétiques / Héréditaires Vieillissement ( age );1;0;0;0;0;1;1;1;0;0;0;0;;Faux ;VRAI;Faux ;VRAI;Je ne sais pas ;Faux ;VRAI;VRAI;Vaccination (e.g., contre HPV) Dépistage régulier (e.g., mammographie, frottis cervical) Arrêt du tabac Alimentation saine et exercice physique  Évitement des expositions environnementales Examen genetiques pour les familles a risque;1;1;1;1;1;1;0;0;;Filles avant le début de la vie sexuelle;VRAI;si detecte et pris en charge au stade precoce ;Chirurgie  Chimiotherapie  Radiotherapie ;1;1;0;0;1;0;0;0;0;;Améliorer la qualité de vie du patient et de sa famille;;Diagnostic tardif  Manque d'accès aux traitements  Insuffisance de ressources (e.g., équipements, personnel specialise dans sa prise en charge ) Niveau d'education de la population bas  Facteurs socioculturels (e.g., recours à la médecine traditionnelle)    Pauvreté / Manque de moyens financiers  ;1;1;1;1;1;1;0;0;0;;Non;Manque des ressources;Education des populations et disponibiliser les moyens de depistage;2;Faux ;Oui , beaucoup;Maladie comme tant d'autres;Non ;Non;;;;Education de la population et augmenter les mésures de dépistage
25;Feminin ;Autre province ;celibataire ;10;Universite GOMA ;OUI;Mes cours a l' universite \ Formation médicale;1;0;0;0;0;0;;Une prolifération incontrôlée de cellules anormales;0;1;0;0;0;; Leucémie    cancer du sein  cancer de l'uterus  cancer de poumons  Cancer de la prostate ;0;1;0;1;0;0;1;0;1;1;0;0;0;;Tabagiste  Consomation d'alocool  Mauvaise alimentation (e.g., excès de viande rouge, faible en fruits/légumes) Infections (e.g., HPV, hépatite B/C);1;1;1;0;1;0;0;0;0;0;0;0;;Faux ;VRAI;Je ne sais pas ;VRAI;Je ne sais pas ;Faux ;VRAI;VRAI;Vaccination (e.g., contre HPV) Alimentation saine et exercice physique  Évitement des expositions environnementales;1;0;0;1;1;0;0;0;;Filles avant le début de la vie sexuelle;VRAI;si detecte et pris en charge au stade precoce ;Chirurgie  Chimiotherapie  Radiotherapie ;1;1;0;0;1;0;0;0;0;;Soulager la douleur et les autres symptômes (dyspnée, nausées, anxiété);;Diagnostic tardif  Pauvreté / Manque de moyens financiers  ;1;0;0;0;0;1;0;0;0;;Oui;;Consultation avant que ça n'arrive tard;4;Je ne sais pas ;Je ne sais pas ;C'est juste une prolifération anarchique de cellule;Non ;Non;;;;Juste consulté en cas maladie pour détecter précocement
27;Feminin ;Sud kivu;celibataire ;9;Universite Officielle de Bukavu ( UOB);OUI;Mes cours a l' universite \ Formation médicale;1;0;0;0;0;0;;Une prolifération incontrôlée de cellules anormales;0;1;0;0;0;; Leucémie   Retinoblastome   cancer du sein  cancer des ovaires  Cancer de la prostate  cancer de la peau ;0;1;1;1;0;0;0;1;0;1;1;0;0;;Tabagiste  Facteurs génétiques / Héréditaires;1;0;0;0;0;0;1;0;0;0;0;0;;Faux ;VRAI;Vrai ;VRAI;Je ne sais pas ;Faux ;Faux ;VRAI;Examen genetiques pour les familles a risque;0;0;0;0;0;1;0;0;;Filles avant le début de la vie sexuelle;Faux ;;Chirurgie  Chimiotherapie  Immunotherapie  Therapie cible  Radiotherapie  traitement paliatif ;1;1;1;1;1;1;0;0;0;;Soulager la douleur et les autres symptômes (dyspnée, nausées, anxiété);;Diagnostic tardif ;1;0;0;0;0;0;0;0;0;;Non;Manque de dépistage, la place de la prière au lieu de la médecine;Dépistage;3;VRAI;Oui , beaucoup;Traitable;Non ;Non;;;;Le dépistage
26;Feminin ;Sud kivu;celibataire ;10;Universite Officielle de Bukavu ( UOB);OUI;Mes cours a l' universite \ Formation médicale;1;0;0;0;0;0;;Une prolifération incontrôlée de cellules anormales;0;1;0;0;0;;Cancer colorectal   Leucémie   Retinoblastome   cancer du sein  Lymphome  cancer de l'uterus  cancer des ovaires ;1;1;1;1;1;0;1;1;0;0;0;0;0;;Tabagiste  Exposition à des substances chimiques / Pollution de la nature Facteurs génétiques / Héréditaires;1;0;0;0;0;1;1;0;0;0;0;0;;Faux ;VRAI;Vrai ;VRAI;Je ne sais pas ;Faux ;VRAI;VRAI;Vaccination (e.g., contre HPV) Dépistage régulier (e.g., mammographie, frottis cervical) Alimentation saine et exercice physique  Évitement des expositions environnementales;1;1;0;1;1;0;0;0;;Filles avant le début de la vie sexuelle;VRAI;si detecte et pris en charge au stade precoce ;Chirurgie  Chimiotherapie  traitement paliatif ;1;1;0;0;0;1;0;0;0;;Améliorer la qualité de vie du patient et de sa famille;;Diagnostic tardif  Manque d'accès aux traitements  Insuffisance de ressources (e.g., équipements, personnel specialise dans sa prise en charge ) Facteurs socioculturels (e.g., recours à la médecine traditionnelle)    Pauvreté / Manque de moyens financiers  ;1;1;1;0;1;1;0;0;0;;Oui;;Sensibilisation dans la communauté de la lutte contre le cancer et du dépistage précoce;2;VRAI;Oui , beaucoup;Le cancer est une maladie traitable si le diagnostic et la prise en charge est précoce;Non ;Non;;;;Pour l’amélioration de la lutte contre le cancer en RDC, le diagnostic précoce est très capitale tout en évitant les facteurs des risques, une sensibilisation dans la communauté sur la prévention du cancer
25;Feminin ;Sud kivu;celibataire ;7;Universite Evangelique en Afrique ;OUI;Mes cours a l' universite \ Formation médicale;1;0;0;0;0;0;;Une prolifération incontrôlée de cellules anormales;0;1;0;0;0;; Leucémie   Retinoblastome   cancer du sein  cancer de l'uterus  cancer des ovaires  cancer de poumons  Cancer de la prostate ;0;1;1;1;0;0;1;1;1;1;0;0;0;;Tabagiste  Exposition à des substances chimiques / Pollution de la nature Facteurs génétiques / Héréditaires;1;0;0;0;0;1;1;0;0;0;0;0;;Faux ;VRAI;Vrai ;VRAI;VRAI;Faux ;Je ne sais pas ;VRAI;Vaccination (e.g., contre HPV) Dépistage régulier (e.g., mammographie, frottis cervical);1;1;0;0;0;0;0;0;;Filles avant le début de la vie sexuelle;VRAI;si les medicaments sont disponibles ;Chirurgie  Chimiotherapie  Radiotherapie ;1;1;0;0;1;0;0;0;0;;Améliorer la qualité de vie du patient et de sa famille;;Diagnostic tardif  Manque d'accès aux traitements ;1;1;0;0;0;0;0;0;0;;Oui;;Dépistage et vaccination;2;VRAI;Oui , beaucoup;Traitable;Non ;Non;;;;Le dépistage
24;Feminin ;Sud kivu;celibataire ;2;Universite catholique de Bukavu ( UCB) ;OUI;Mes cours a l' universite \ Formation médicale Médias (TV, radio, internet) Famille / Amis Littérature scientifique / Livres ;1;1;1;1;0;0;;Une prolifération incontrôlée de cellules anormales;0;1;0;0;0;;Cancer colorectal   Leucémie   Retinoblastome   cancer du sein  Lymphome  cancer de l'uterus  cancer des ovaires  cancer de poumons  Cancer de la prostate  Aucun;1;1;1;1;1;0;1;1;1;1;0;1;0;;Tabagiste  Consomation d'alocool  Mauvaise alimentation (e.g., excès de viande rouge, faible en fruits/légumes) Infections (e.g., HPV, hépatite B/C) Exposition à des substances chimiques / Pollution de la nature Facteurs génétiques / Héréditaires;1;1;1;0;1;1;1;0;0;0;0;0;;Faux ;VRAI;Faux ;VRAI;Je ne sais pas ;Faux ;VRAI;Je ne sais pas ;Vaccination (e.g., contre HPV) Dépistage régulier (e.g., mammographie, frottis cervical) Arrêt du tabac Évitement des expositions environnementales Examen genetiques pour les familles a risque;1;1;1;0;1;1;0;0;;Filles avant le début de la vie sexuelle;VRAI;si detecte et pris en charge au stade precoce ;Chirurgie  Chimiotherapie  Immunotherapie  Therapie cible  Radiotherapie  traitement paliatif ;1;1;1;1;1;1;0;0;0;;Améliorer la qualité de vie du patient et de sa famille;;Manque d'accès aux traitements ;0;1;0;0;0;0;0;0;0;;Oui;;Une prise en charge précoce;5;VRAI;Oui , beaucoup;Traitable;Non ;Oui;un oncle /Tente ;;;Mise en place d’une structure des soins spécialisés en oncologie
24;Feminin ;Sud kivu;celibataire ;7;Universite catholique de Bukavu ( UCB) ;OUI;Mes cours a l' universite \ Formation médicale;1;0;0;0;0;0;;Une prolifération incontrôlée de cellules anormales;0;1;0;0;0;;Cancer colorectal   Leucémie   Retinoblastome   cancer du sein  Lymphome  Meduloblastome  cancer de l'uterus  cancer des ovaires  cancer de poumons  Cancer de la prostate ;1;1;1;1;1;1;1;1;1;1;0;0;0;;Tabagiste  Consomation d'alocool  Exposition à des substances chimiques / Pollution de la nature Facteurs génétiques / Héréditaires;1;1;0;0;0;1;1;0;0;0;0;0;;Faux ;VRAI;Vrai ;Faux ;Faux ;Faux ;Faux ;VRAI;Dépistage régulier (e.g., mammographie, frottis cervical) Arrêt du tabac Alimentation saine et exercice physique  Évitement des expositions environnementales Examen genetiques pour les familles a risque;0;1;1;1;1;1;0;0;;Filles avant le début de la vie sexuelle;VRAI;si detecte et pris en charge au stade precoce ;Chirurgie  Chimiotherapie  Immunotherapie  Therapie cible  Radiotherapie  traitement paliatif ;1;1;1;1;1;1;0;0;0;;Soulager la douleur et les autres symptômes (dyspnée, nausées, anxiété);;Diagnostic tardif  Manque d'accès aux traitements  Insuffisance de ressources (e.g., équipements, personnel specialise dans sa prise en charge ) Niveau d'education de la population bas  Facteurs socioculturels (e.g., recours à la médecine traditionnelle)    Pauvreté / Manque de moyens financiers  ;1;1;1;1;1;1;0;0;0;;Non;Je ne saurai les expliquer;Dépistage précoce;1;VRAI;Oui , beaucoup;Traitable;Non ;Non;;;;Campagne de depistage
26;Feminin ;Sud kivu;celibataire ;7;Universite Evangelique en Afrique ;OUI;Mes cours a l' universite \ Formation médicale;1;0;0;0;0;0;;Une prolifération incontrôlée de cellules anormales;0;1;0;0;0;;Cancer colorectal   Leucémie   Retinoblastome   cancer du sein  Lymphome  Meduloblastome  cancer de l'uterus  cancer des ovaires  cancer de poumons  Cancer de la prostate  cancer de la peau ;1;1;1;1;1;1;1;1;1;1;1;0;0;;Tabagiste  Consomation d'alocool  Facteurs génétiques / Héréditaires;1;1;0;0;0;0;1;0;0;0;0;0;;Faux ;VRAI;Faux ;VRAI;VRAI;Faux ;VRAI;VRAI;Vaccination (e.g., contre HPV) Dépistage régulier (e.g., mammographie, frottis cervical) Arrêt du tabac;1;1;1;0;0;0;0;0;;Femmes de plus de 50 ans ;VRAI;si detecte et pris en charge au stade precoce ;Chimiotherapie  Radiotherapie ;0;1;0;0;1;0;0;0;0;;Améliorer la qualité de vie du patient et de sa famille;;Diagnostic tardif ;1;0;0;0;0;0;0;0;0;;Oui;;Dépistage precouce;5;VRAI;Oui , beaucoup;Traitable;Non ;Non;;;;Dépistage
26;Feminin ;Hors pays ;celibataire ;9;Universite Officielle de Bukavu ( UOB);OUI;Mes cours a l' universite \ Formation médicale;1;0;0;0;0;0;;Une prolifération incontrôlée de cellules anormales;0;1;0;0;0;;Cancer colorectal   Leucémie    cancer du sein  Lymphome  cancer de l'uterus  cancer de poumons  Cancer de la prostate  Autre;1;1;0;1;1;0;1;0;1;1;0;0;1;Cancer osseux;Tabagiste  Infections (e.g., HPV, hépatite B/C) Exposition à des substances chimiques / Pollution de la nature Facteurs génétiques / Héréditaires Mythes culturels ( sorcellerie) Autre;1;0;0;0;1;1;1;0;1;0;0;1;Cancer du pancréas et du foie;Faux ;VRAI;Vrai ;VRAI;VRAI;Faux ;VRAI;VRAI;Vaccination (e.g., contre HPV) Dépistage régulier (e.g., mammographie, frottis cervical) Arrêt du tabac Alimentation saine et exercice physique  Évitement des expositions environnementales Examen genetiques pour les familles a risque;1;1;1;1;1;1;0;0;;Filles avant le début de la vie sexuelle;VRAI;si detecte et pris en charge au stade precoce ;Chirurgie  Chimiotherapie  Immunotherapie  Therapie cible  Radiotherapie  traitement paliatif ;1;1;1;1;1;1;0;0;0;;Soulager la douleur et les autres symptômes (dyspnée, nausées, anxiété);;Diagnostic tardif  Manque d'accès aux traitements  Insuffisance de ressources (e.g., équipements, personnel specialise dans sa prise en charge ) Niveau d'education de la population bas  Facteurs socioculturels (e.g., recours à la médecine traditionnelle)    Pauvreté / Manque de moyens financiers  ;1;1;1;1;1;1;0;0;0;;Non;Le manque d’information;Dépistage et la vaccination;5;VRAI;Oui , beaucoup;Malédictions;Non ;Oui;un oncle /Tente ;;;Dépistage précoce et l’accès à un plateau technique de qualité
28;Masculin;Sud kivu;celibataire ;10;Universite Officielle de Bukavu ( UOB);OUI;Mes cours a l' universite \ Formation médicale;1;0;0;0;0;0;;Une prolifération incontrôlée de cellules anormales;0;1;0;0;0;; cancer du sein  cancer de l'uterus ;0;0;0;1;0;0;1;0;0;0;0;0;0;;Infections (e.g., HPV, hépatite B/C) Vieillissement ( age );0;0;0;0;1;0;0;1;0;0;0;0;;Faux ;VRAI;Faux ;VRAI;VRAI;Faux ;VRAI;VRAI;Vaccination (e.g., contre HPV) Dépistage régulier (e.g., mammographie, frottis cervical);1;1;0;0;0;0;0;0;;Filles avant le début de la vie sexuelle;VRAI;si detecte et pris en charge au stade precoce ;Chirurgie  Chimiotherapie ;1;1;0;0;0;0;0;0;0;;Soulager la douleur et les autres symptômes (dyspnée, nausées, anxiété);;Diagnostic tardif ;1;0;0;0;0;0;0;0;0;;Non;Manque d'équipements.diagnostic tardif et la pauvreté;Vulgarisation elargie sur les cancers en général;3;VRAI;Oui , beaucoup;Traitable;Non ;Non;;;;Il faut faire le dépistage précoce
28;Masculin;Nord kivu;Marié;0;Universite GOMA ;OUI;Mes cours a l' universite \ Formation médicale Littérature scientifique / Livres ;1;0;0;1;0;0;;Une prolifération incontrôlée de cellules anormales;0;1;0;0;0;;Cancer colorectal   Leucémie   Retinoblastome   cancer du sein  Lymphome  Meduloblastome  cancer de l'uterus  cancer des ovaires  cancer de poumons  Cancer de la prostate ;1;1;1;1;1;1;1;1;1;1;0;0;0;;Tabagiste  Consomation d'alocool  Facteurs génétiques / Héréditaires;1;1;0;0;0;0;1;0;0;0;0;0;;Faux ;VRAI;Vrai ;VRAI;Je ne sais pas ;Faux ;Faux ;VRAI;Vaccination (e.g., contre HPV) Dépistage régulier (e.g., mammographie, frottis cervical) Arrêt du tabac Examen genetiques pour les familles a risque;1;1;1;0;0;1;0;0;;Filles avant le début de la vie sexuelle;VRAI;si detecte et pris en charge au stade precoce ;Chirurgie  Chimiotherapie  Immunotherapie  Therapie cible  Radiotherapie  traitement paliatif ;1;1;1;1;1;1;0;0;0;;Soulager la douleur et les autres symptômes (dyspnée, nausées, anxiété);;Diagnostic tardif  Niveau d'education de la population bas  Facteurs socioculturels (e.g., recours à la médecine traditionnelle)    Pauvreté / Manque de moyens financiers  ;1;0;0;1;1;1;0;0;0;;Non;Les moyens ne sont pas mis a la disponibilité des soignants;La dépistage;1;VRAI;Oui , beaucoup;Traitable;Non ;Oui;Grand parents ;;;L'éducation de la population
27;Masculin;Sud kivu;celibataire ;9;Universite Officielle de Bukavu ( UOB);OUI;Mes cours a l' universite \ Formation médicale Littérature scientifique / Livres ;1;0;0;1;0;0;;Une prolifération incontrôlée de cellules anormales;0;1;0;0;0;;Cancer colorectal   Leucémie   Retinoblastome   cancer du sein  Lymphome  Meduloblastome  cancer de l'uterus  cancer des ovaires  cancer de poumons  Cancer de la prostate ;1;1;1;1;1;1;1;1;1;1;0;0;0;;Tabagiste  Consomation d'alocool  Infections (e.g., HPV, hépatite B/C) Exposition à des substances chimiques / Pollution de la nature Facteurs génétiques / Héréditaires;1;1;0;0;1;1;1;0;0;0;0;0;;Faux ;VRAI;Vrai ;Je ne sais pas ;Faux ;Faux ;VRAI;VRAI;Dépistage régulier (e.g., mammographie, frottis cervical) Arrêt du tabac Examen genetiques pour les familles a risque;0;1;1;0;0;1;0;0;;Filles avant le début de la vie sexuelle;VRAI;si detecte et pris en charge au stade precoce ;Chirurgie  Chimiotherapie  Immunotherapie  Therapie cible  Radiotherapie ;1;1;1;1;1;0;0;0;0;;Soulager la douleur et les autres symptômes (dyspnée, nausées, anxiété);;Diagnostic tardif  Manque d'accès aux traitements  Niveau d'education de la population bas  Pauvreté / Manque de moyens financiers  ;1;1;0;1;0;1;0;0;0;;Non;Manque d'approvisionnement;Dépistage régulier;5;VRAI;Oui , moderement ;Maladie comme tant d'autres;Non ;Non;;;;Renforcement de campagne de dépistage de masse
26;Feminin ;Maniema ;celibataire ;6;Universite Evangelique en Afrique ;OUI;Mes cours a l' universite \ Formation médicale Médias (TV, radio, internet) Littérature scientifique / Livres  Expérience clinique  durant mon  Stages;1;1;0;1;1;0;;Une prolifération incontrôlée de cellules anormales;0;1;0;0;0;;Cancer colorectal   Leucémie   Retinoblastome   cancer du sein  Lymphome  cancer de l'uterus  cancer des ovaires  cancer de poumons  Cancer de la prostate  cancer de la peau ;1;1;1;1;1;0;1;1;1;1;1;0;0;;Tabagiste  Infections (e.g., HPV, hépatite B/C) Exposition à des substances chimiques / Pollution de la nature Facteurs génétiques / Héréditaires;1;0;0;0;1;1;1;0;0;0;0;0;;Faux ;VRAI;Vrai ;VRAI;Faux ;Faux ;VRAI;VRAI;Vaccination (e.g., contre HPV) Dépistage régulier (e.g., mammographie, frottis cervical) Arrêt du tabac Évitement des expositions environnementales Examen genetiques pour les familles a risque;1;1;1;0;1;1;0;0;;Filles avant le début de la vie sexuelle;VRAI;si detecte et pris en charge au stade precoce ;Chirurgie  Chimiotherapie  Immunotherapie  Radiotherapie ;1;1;1;0;1;0;0;0;0;;Soulager la douleur et les autres symptômes (dyspnée, nausées, anxiété);;Diagnostic tardif  Insuffisance de ressources (e.g., équipements, personnel specialise dans sa prise en charge ) Niveau d'education de la population bas  Pauvreté / Manque de moyens financiers  ;1;0;1;1;0;1;0;0;0;;Non;Diagnostic tardif;Dépistage précoce;5;VRAI;Oui , beaucoup;Traitable si diagnostiquée tot;Non ;Non;;;;Faire la sensibilisation médiatique sur la fatalité et la prévention ainsi que l’impact du dépistage précoce
30;Masculin;Sud kivu;celibataire ;7;Universite Evangelique en Afrique ;OUI;Mes cours a l' universite \ Formation médicale Expérience clinique  durant mon  Stages;1;0;0;0;1;0;;Une prolifération incontrôlée de cellules anormales;0;1;0;0;0;; cancer du sein  Cancer de la prostate ;0;0;0;1;0;0;0;0;0;1;0;0;0;;Consomation d'alocool  je ne sais pas ;0;1;0;0;0;0;0;0;0;0;1;0;;Faux ;VRAI;Faux ;VRAI;Faux ;Faux ;Faux ;VRAI;Vaccination (e.g., contre HPV) Dépistage régulier (e.g., mammographie, frottis cervical) Arrêt du tabac Alimentation saine et exercice physique ;1;1;1;1;0;0;0;0;;Patients avec un cancer cervical ou autre type ;VRAI;si detecte et pris en charge au stade precoce ;Therapie cible ;0;0;0;1;0;0;0;0;0;;Soulager la douleur et les autres symptômes (dyspnée, nausées, anxiété);;Manque d'accès aux traitements ;0;1;0;0;0;0;0;0;0;;Oui;;Dépistage;1;VRAI;Oui , moderement ;Traitable;Non ;Non;;;;Dépistage précoce, limité la consommation d'alcool, faire d'exercice physique
24;Masculin;Sud kivu;celibataire ;8;Universite Evangelique en Afrique ;OUI;Mes cours a l' universite \ Formation médicale Médias (TV, radio, internet) Famille / Amis Littérature scientifique / Livres  Expérience clinique  durant mon  Stages;1;1;1;1;1;0;;Une prolifération incontrôlée de cellules anormales;0;1;0;0;0;;Cancer colorectal   Leucémie   Retinoblastome   cancer du sein  Lymphome  Meduloblastome  cancer de l'uterus  cancer des ovaires  cancer de poumons  Cancer de la prostate  cancer de la peau ;1;1;1;1;1;1;1;1;1;1;1;0;0;;Tabagiste  Autre;1;0;0;0;0;0;0;0;0;0;0;1;Génétique;Faux ;VRAI;Faux ;VRAI;Je ne sais pas ;Faux ;Faux ;VRAI;Examen genetiques pour les familles a risque;0;0;0;0;0;1;0;0;;Filles avant le début de la vie sexuelle;VRAI;si pris en charge dans un centre specialise de cancerologie ;Chirurgie  Chimiotherapie  Therapie cible  Radiotherapie ;1;1;0;1;1;0;0;0;0;;Soutenir l’accompagnement psychologique et spirituel;;Niveau d'education de la population bas ;0;0;0;1;0;0;0;0;0;;Non;Beaucoup des gens n’y croient pas jusqu’à maintenant;Formation;1;VRAI;Oui , beaucoup;Prédisposition génétique;Non ;Non;;;;Faire une forte sensibilisation dans la population
25;Feminin ;Autre province ;celibataire ;7;Universite Evangelique en Afrique ;OUI;Expérience clinique  durant mon  Stages;0;0;0;0;1;0;;Une prolifération incontrôlée de cellules anormales;0;1;0;0;0;; Leucémie   Retinoblastome   cancer du sein  cancer de l'uterus  Cancer de la prostate ;0;1;1;1;0;0;1;0;0;1;0;0;0;;Tabagiste  Consomation d'alocool  Facteurs génétiques / Héréditaires;1;1;0;0;0;0;1;0;0;0;0;0;;Faux ;VRAI;Je ne sais pas ;VRAI;Je ne sais pas ;Faux ;VRAI;VRAI;Vaccination (e.g., contre HPV) Arrêt du tabac Examen genetiques pour les familles a risque;1;0;1;0;0;1;0;0;;Filles avant le début de la vie sexuelle;VRAI;si detecte et pris en charge au stade precoce ;Chirurgie  Chimiotherapie  Radiotherapie  traitement paliatif ;1;1;0;0;1;1;0;0;0;;Soulager la douleur et les autres symptômes (dyspnée, nausées, anxiété);;Diagnostic tardif  Manque d'accès aux traitements  Insuffisance de ressources (e.g., équipements, personnel specialise dans sa prise en charge ) Niveau d'education de la population bas  Facteurs socioculturels (e.g., recours à la médecine traditionnelle)    Pauvreté / Manque de moyens financiers  ;1;1;1;1;1;1;0;0;0;;Je ne sais pas;;Le vaccin  arrête le tabacs et l alcool;4;VRAI;Oui , beaucoup;C est une maladie chronique;Non ;Non;;;;Le vaccin
26;Masculin;Nord kivu;celibataire ;10;Universite GOMA ;OUI;Mes cours a l' universite \ Formation médicale;1;0;0;0;0;0;;Une prolifération incontrôlée de cellules anormales;0;1;0;0;0;; Leucémie   Retinoblastome   cancer du sein  Cancer de la prostate ;0;1;1;1;0;0;0;0;0;1;0;0;0;;Tabagiste  Consomation d'alocool ;1;1;0;0;0;0;0;0;0;0;0;0;;Faux ;VRAI;Vrai ;VRAI;Je ne sais pas ;Je ne sais pas ;Je ne sais pas ;VRAI;Vaccination (e.g., contre HPV) Dépistage régulier (e.g., mammographie, frottis cervical) Examen genetiques pour les familles a risque;1;1;0;0;0;1;0;0;;Filles avant le début de la vie sexuelle;Je ne sais pas ;;Chirurgie  Chimiotherapie  Immunotherapie  Therapie cible  Radiotherapie ;1;1;1;1;1;0;0;0;0;;Soutenir l’accompagnement psychologique et spirituel;;Diagnostic tardif  Manque d'accès aux traitements  Insuffisance de ressources (e.g., équipements, personnel specialise dans sa prise en charge ) Pauvreté / Manque de moyens financiers  ;1;1;1;0;0;1;0;0;0;;Je ne sais pas;;Dépistage précoce;2;Je ne sais pas ;Oui , moderement ;Maladie incurable;Non ;Non;;;;Formation continue sur la thématique de cancérologie
25;Feminin ;Nord kivu;celibataire ;15;Universite catholique de Graben ;OUI;Mes cours a l' universite \ Formation médicale Médias (TV, radio, internet) Famille / Amis;1;1;1;0;0;0;;Une prolifération incontrôlée de cellules anormales;0;1;0;0;0;;Cancer colorectal   Leucémie   Retinoblastome   cancer du sein  Lymphome  Meduloblastome  cancer de l'uterus  cancer des ovaires  cancer de poumons  Cancer de la prostate  cancer de la peau  Autre;1;1;1;1;1;1;1;1;1;1;1;0;1;Hepatocarcinome, nephroblastome;Tabagiste  Consomation d'alocool  Mauvaise alimentation (e.g., excès de viande rouge, faible en fruits/légumes) Manque d'exercice physique Infections (e.g., HPV, hépatite B/C) Exposition à des substances chimiques / Pollution de la nature Facteurs génétiques / Héréditaires Vieillissement ( age );1;1;1;1;1;1;1;1;0;0;0;0;;Faux ;VRAI;Vrai ;VRAI;Je ne sais pas ;Faux ;Je ne sais pas ;VRAI;Vaccination (e.g., contre HPV) Dépistage régulier (e.g., mammographie, frottis cervical) Arrêt du tabac Alimentation saine et exercice physique  Évitement des expositions environnementales Examen genetiques pour les familles a risque;1;1;1;1;1;1;0;0;;Filles avant le début de la vie sexuelle;Je ne sais pas ;;Chirurgie  Chimiotherapie  Radiotherapie  traitement paliatif ;1;1;0;0;1;1;0;0;0;;Soulager la douleur et les autres symptômes (dyspnée, nausées, anxiété);;Diagnostic tardif  Manque d'accès aux traitements  Insuffisance de ressources (e.g., équipements, personnel specialise dans sa prise en charge ) Niveau d'education de la population bas  Facteurs socioculturels (e.g., recours à la médecine traditionnelle)    Pauvreté / Manque de moyens financiers  ;1;1;1;1;1;1;0;0;0;;Oui;;Rendre disponible les moyens diagnostic;5;VRAI;Oui , beaucoup;Traitable si diagnostiqué en temps;Oui;Oui;Un parent ;Traitement médical conventionnel (e.g., hôpital) ;Décès  ;De former la population pour enlever les mythes autour du cancer, rendre disponible les moyens diagnostic notamment l’anapath pour pouvoir poser le diagnostic en temps et pour certains types qui auront une prévalence élevé alléger aux familles les coûts en assurant les soins
28;Feminin ;Nord kivu;Marié;18;Universite catholique de Graben ;OUI;Mes cours a l' universite \ Formation médicale;1;0;0;0;0;0;;Une prolifération incontrôlée de cellules anormales;0;1;0;0;0;; cancer du sein ;0;0;0;1;0;0;0;0;0;0;0;0;0;;Tabagiste  Exposition à des substances chimiques / Pollution de la nature Facteurs génétiques / Héréditaires;1;0;0;0;0;1;1;0;0;0;0;0;;VRAI;VRAI;Vrai ;Faux ;Je ne sais pas ;Faux ;Faux ;VRAI;Dépistage régulier (e.g., mammographie, frottis cervical) Arrêt du tabac Évitement des expositions environnementales Examen genetiques pour les familles a risque;0;1;1;0;1;1;0;0;;Filles avant le début de la vie sexuelle;VRAI;si detecte et pris en charge au stade precoce ;Chimiotherapie  Immunotherapie  Radiotherapie ;0;1;1;0;1;0;0;0;0;;Soutenir l’accompagnement psychologique et spirituel;;Diagnostic tardif  Manque d'accès aux traitements  Pauvreté / Manque de moyens financiers  ;1;1;0;0;0;1;0;0;0;;Oui;;Evitez les facteurs predisposants;5;VRAI;Oui , beaucoup;Traitable;Non ;Non;;;;Faire le depistage precoce
27;Feminin ;Nord kivu;celibataire ;15;Universite catholique de Graben ;OUI;Mes cours a l' universite \ Formation médicale Famille / Amis Littérature scientifique / Livres  Expérience clinique  durant mon  Stages Autre;1;0;1;1;1;1;En famille;Une prolifération incontrôlée de cellules anormales;0;1;0;0;0;;Cancer colorectal   Leucémie   Retinoblastome   cancer du sein  Lymphome  Meduloblastome  cancer de l'uterus  cancer des ovaires  cancer de poumons  Cancer de la prostate  cancer de la peau  Autre;1;1;1;1;1;1;1;1;1;1;1;0;1;Testicules;Infections (e.g., HPV, hépatite B/C) Exposition à des substances chimiques / Pollution de la nature Facteurs génétiques / Héréditaires;0;0;0;0;1;1;1;0;0;0;0;0;;Faux ;VRAI;Vrai ;VRAI;VRAI;Faux ;VRAI;Je ne sais pas ;Dépistage régulier (e.g., mammographie, frottis cervical);0;1;0;0;0;0;0;0;;Filles avant le début de la vie sexuelle;VRAI;;Chimiotherapie ;0;1;0;0;0;0;0;0;0;;Améliorer la qualité de vie du patient et de sa famille;;Diagnostic tardif  Manque d'accès aux traitements  Insuffisance de ressources (e.g., équipements, personnel specialise dans sa prise en charge ) Niveau d'education de la population bas  Facteurs socioculturels (e.g., recours à la médecine traditionnelle)   ;1;1;1;1;1;0;0;0;0;Manque d'information;Non;;Le dépistage a répétition;1;VRAI;Oui , beaucoup;Traitable;Non ;Non;;;;Sensibilisation à répétition
25;Feminin ;Nord kivu;celibataire ;10;Universite catholique de Graben ;OUI;Mes cours a l' universite \ Formation médicale Famille / Amis;1;0;1;0;0;0;;Une prolifération incontrôlée de cellules anormales;0;1;0;0;0;;Cancer colorectal   Leucémie   Retinoblastome   cancer du sein  Lymphome  Meduloblastome  cancer de l'uterus  cancer des ovaires  cancer de poumons  Cancer de la prostate ;1;1;1;1;1;1;1;1;1;1;0;0;0;;Tabagiste  Infections (e.g., HPV, hépatite B/C) Exposition à des substances chimiques / Pollution de la nature Facteurs génétiques / Héréditaires;1;0;0;0;1;1;1;0;0;0;0;0;;Faux ;VRAI;Faux ;VRAI;Je ne sais pas ;Faux ;VRAI;VRAI;Vaccination (e.g., contre HPV) Dépistage régulier (e.g., mammographie, frottis cervical) Arrêt du tabac Évitement des expositions environnementales Examen genetiques pour les familles a risque;1;1;1;0;1;1;0;0;;Femmes de plus de 50 ans ;VRAI;si detecte et pris en charge au stade precoce ;Chirurgie  Chimiotherapie  Immunotherapie  Radiotherapie  traitement paliatif ;1;1;1;0;1;1;0;0;0;;Soulager la douleur et les autres symptômes (dyspnée, nausées, anxiété);;Diagnostic tardif  Insuffisance de ressources (e.g., équipements, personnel specialise dans sa prise en charge ) Niveau d'education de la population bas  Facteurs socioculturels (e.g., recours à la médecine traditionnelle)    Pauvreté / Manque de moyens financiers  ;1;0;1;1;1;1;0;0;0;;Non;Consultation tardive en phase finale;Éviter les facteurs de risques;1;VRAI;Oui , beaucoup;Traitable si diagnostiquer tôt;Non ;Non;;;;Informer la population sur le cancer ainsi que les facteurs favorisant de celui ci et en fin les moyens de lutter contre ces facteurs
25;Feminin ;Sud kivu;celibataire ;7;Universite Evangelique en Afrique ;OUI;Mes cours a l' universite \ Formation médicale;1;0;0;0;0;0;;Une prolifération incontrôlée de cellules anormales;0;1;0;0;0;;Cancer colorectal   Leucémie   Retinoblastome   cancer du sein  Lymphome  cancer de l'uterus  cancer des ovaires  cancer de poumons  Cancer de la prostate  cancer de la peau ;1;1;1;1;1;0;1;1;1;1;1;0;0;;Tabagiste  Mauvaise alimentation (e.g., excès de viande rouge, faible en fruits/légumes) Infections (e.g., HPV, hépatite B/C) Exposition à des substances chimiques / Pollution de la nature Facteurs génétiques / Héréditaires;1;0;1;0;1;1;1;0;0;0;0;0;;Faux ;VRAI;Vrai ;VRAI;Je ne sais pas ;Faux ;VRAI;VRAI;Vaccination (e.g., contre HPV) Dépistage régulier (e.g., mammographie, frottis cervical) Arrêt du tabac Évitement des expositions environnementales;1;1;1;0;1;0;0;0;;Filles avant le début de la vie sexuelle;VRAI;si detecte et pris en charge au stade precoce ;Chirurgie  Chimiotherapie  Radiotherapie ;1;1;0;0;1;0;0;0;0;;Soulager la douleur et les autres symptômes (dyspnée, nausées, anxiété);;Diagnostic tardif  Manque d'accès aux traitements  Niveau d'education de la population bas ;1;1;0;1;0;0;0;0;0;;Non;Les analyses sont chers et moins disponible, l'accès aux médicaments;Dépistage;2;VRAI;Oui , moderement ;Traitable;Non ;Non;;;;Un centre de dépistage et d'analyse d'échantillons ( anapath) chaque fois qu'on a une masse
26;Masculin;Sud kivu;celibataire ;7;Universite Evangelique en Afrique ;OUI;Mes cours a l' universite \ Formation médicale;1;0;0;0;0;0;;Une prolifération incontrôlée de cellules anormales;0;1;0;0;0;;Cancer colorectal   Leucémie   Retinoblastome   cancer du sein  Lymphome  Meduloblastome  cancer de l'uterus  cancer des ovaires  cancer de poumons  Cancer de la prostate  cancer de la peau ;1;1;1;1;1;1;1;1;1;1;1;0;0;;Tabagiste  Consomation d'alocool  Exposition à des substances chimiques / Pollution de la nature Facteurs génétiques / Héréditaires;1;1;0;0;0;1;1;0;0;0;0;0;;Faux ;VRAI;Vrai ;VRAI;Je ne sais pas ;Faux ;VRAI;VRAI;Vaccination (e.g., contre HPV) Dépistage régulier (e.g., mammographie, frottis cervical) Arrêt du tabac Évitement des expositions environnementales;1;1;1;0;1;0;0;0;;Filles avant le début de la vie sexuelle;VRAI;si detecte et pris en charge au stade precoce ;Chirurgie  Chimiotherapie ;1;1;0;0;0;0;0;0;0;;Soulager la douleur et les autres symptômes (dyspnée, nausées, anxiété);;Diagnostic tardif  Manque d'accès aux traitements ;1;1;0;0;0;0;0;0;0;;Non;Moyens;Dépistage;2;VRAI;Oui , beaucoup;Traitable;Non ;Non;;;;Dépistage précoce et accès à des soins
25;Masculin;Sud kivu;celibataire ;7;Universite Evangelique en Afrique ;OUI;Mes cours a l' universite \ Formation médicale Médias (TV, radio, internet) Famille / Amis Littérature scientifique / Livres  Expérience clinique  durant mon  Stages;1;1;1;1;1;0;;Une prolifération incontrôlée de cellules anormales;0;1;0;0;0;;Cancer colorectal   Leucémie   Retinoblastome   cancer du sein  Lymphome  Meduloblastome  cancer de l'uterus  cancer des ovaires  cancer de poumons  Cancer de la prostate  cancer de la peau  Autre;1;1;1;1;1;1;1;1;1;1;1;0;1;Nephroblastome, sarcome de kaposi,;Tabagiste  Consomation d'alocool  Infections (e.g., HPV, hépatite B/C) Exposition à des substances chimiques / Pollution de la nature Facteurs génétiques / Héréditaires;1;1;0;0;1;1;1;0;0;0;0;0;;Faux ;VRAI;Vrai ;VRAI;VRAI;Faux ;Je ne sais pas ;VRAI;Vaccination (e.g., contre HPV) Dépistage régulier (e.g., mammographie, frottis cervical) Arrêt du tabac Alimentation saine et exercice physique  Évitement des expositions environnementales Examen genetiques pour les familles a risque;1;1;1;1;1;1;0;0;;Filles avant le début de la vie sexuelle;VRAI;si detecte et pris en charge au stade precoce ;Chirurgie  Chimiotherapie  Immunotherapie  Therapie cible  Radiotherapie  traitement paliatif  Traitement traditionnel / Herbes ;1;1;1;1;1;1;1;0;0;;Soulager la douleur et les autres symptômes (dyspnée, nausées, anxiété);;Diagnostic tardif  Manque d'accès aux traitements  Insuffisance de ressources (e.g., équipements, personnel specialise dans sa prise en charge ) Niveau d'education de la population bas  Facteurs socioculturels (e.g., recours à la médecine traditionnelle)    Pauvreté / Manque de moyens financiers  ;1;1;1;1;1;1;0;0;0;;Oui;;Le dépistage pour les personnes à risque;5;VRAI;Oui , beaucoup;Traitable;Non ;Non;;;;Des sensibilisations et dépistages dans les différentes communautés
25;Masculin;Sud kivu;celibataire ;7;Universite Evangelique en Afrique ;OUI;Mes cours a l' universite \ Formation médicale Médias (TV, radio, internet) Littérature scientifique / Livres  Expérience clinique  durant mon  Stages;1;1;0;1;1;0;;Une prolifération incontrôlée de cellules anormales;0;1;0;0;0;;Cancer colorectal   Leucémie   Retinoblastome   cancer du sein  Lymphome  Meduloblastome  cancer de l'uterus  cancer des ovaires  cancer de poumons  Cancer de la prostate  cancer de la peau ;1;1;1;1;1;1;1;1;1;1;1;0;0;;Tabagiste  Consomation d'alocool  Infections (e.g., HPV, hépatite B/C) Exposition à des substances chimiques / Pollution de la nature Facteurs génétiques / Héréditaires Vieillissement ( age );1;1;0;0;1;1;1;1;0;0;0;0;;Faux ;VRAI;Faux ;Je ne sais pas ;Je ne sais pas ;Faux ;Faux ;VRAI;Vaccination (e.g., contre HPV) Dépistage régulier (e.g., mammographie, frottis cervical) Arrêt du tabac Alimentation saine et exercice physique  Évitement des expositions environnementales Examen genetiques pour les familles a risque;1;1;1;1;1;1;0;0;;Filles avant le début de la vie sexuelle;VRAI;si detecte et pris en charge au stade precoce ;Chirurgie  Chimiotherapie  Immunotherapie  Radiotherapie ;1;1;1;0;1;0;0;0;0;;Soulager la douleur et les autres symptômes (dyspnée, nausées, anxiété);;Diagnostic tardif  Manque d'accès aux traitements  Insuffisance de ressources (e.g., équipements, personnel specialise dans sa prise en charge ) Niveau d'education de la population bas  Pauvreté / Manque de moyens financiers  ;1;1;1;1;0;1;0;0;0;;Non;Manque d'informations et des moyens de prise en charge;Disponibiliser les moyens et faire une campagne d'information sur le cancer;4;VRAI;Oui , beaucoup;Elle est une maladie dangereuse, mais parfois curable si diagnostiqué a temps et mieux pris en charge;Non ;Non;;;;Faire une campagne d'information sur le cancer, financer les projets prenant en charge certains cancers et disponibiliser les spécialistes oncologues dans la région
27;Masculin;Sud kivu;celibataire ;9;Universite Officielle de Bukavu ( UOB);OUI;Mes cours a l' universite \ Formation médicale Expérience clinique  durant mon  Stages;1;0;0;0;1;0;;Une prolifération incontrôlée de cellules anormales;0;1;0;0;0;;Cancer colorectal   Leucémie   Retinoblastome   cancer du sein  Lymphome  Meduloblastome  cancer de l'uterus  cancer des ovaires  cancer de poumons  Cancer de la prostate  cancer de la peau ;1;1;1;1;1;1;1;1;1;1;1;0;0;;Tabagiste  Consomation d'alocool  Mauvaise alimentation (e.g., excès de viande rouge, faible en fruits/légumes) Infections (e.g., HPV, hépatite B/C) Exposition à des substances chimiques / Pollution de la nature Facteurs génétiques / Héréditaires;1;1;1;0;1;1;1;0;0;0;0;0;;Faux ;VRAI;Faux ;VRAI;Je ne sais pas ;Faux ;VRAI;VRAI;Vaccination (e.g., contre HPV) Dépistage régulier (e.g., mammographie, frottis cervical) Arrêt du tabac Alimentation saine et exercice physique  Évitement des expositions environnementales Examen genetiques pour les familles a risque;1;1;1;1;1;1;0;0;;Filles avant le début de la vie sexuelle;VRAI;si detecte et pris en charge au stade precoce ;Chirurgie  Chimiotherapie  Immunotherapie  Therapie cible  Radiotherapie  traitement paliatif  Traitement traditionnel / Herbes ;1;1;1;1;1;1;1;0;0;;Soulager la douleur et les autres symptômes (dyspnée, nausées, anxiété);;Diagnostic tardif  Manque d'accès aux traitements  Insuffisance de ressources (e.g., équipements, personnel specialise dans sa prise en charge ) Niveau d'education de la population bas  Facteurs socioculturels (e.g., recours à la médecine traditionnelle)    Pauvreté / Manque de moyens financiers  ;1;1;1;1;1;1;0;0;0;;Non;Manque d'organisation du système de santé;Mesures hygiéno-diétetiques, dépistage , non exposition aux facteurs environnementaux;3;VRAI;Oui , moderement ;Traitable;Non ;Non;;;;Éviter les facteurs de risque, dépistage chez les personnes à risque, consultation et prise en charge précoce, accès aux soins à tous.
26;Feminin ;Sud kivu;celibataire ;6;Universite Evangelique en Afrique ;OUI;Mes cours a l' universite \ Formation médicale;1;0;0;0;0;0;;Une prolifération incontrôlée de cellules anormales;0;1;0;0;0;;Cancer colorectal   Leucémie   Retinoblastome   cancer du sein  Lymphome  cancer de l'uterus  cancer des ovaires  cancer de poumons  Cancer de la prostate ;1;1;1;1;1;0;1;1;1;1;0;0;0;;Mauvaise alimentation (e.g., excès de viande rouge, faible en fruits/légumes) Infections (e.g., HPV, hépatite B/C) Exposition à des substances chimiques / Pollution de la nature Facteurs génétiques / Héréditaires Vieillissement ( age ) Mythes culturels ( sorcellerie);0;0;1;0;1;1;1;1;1;0;0;0;;Faux ;VRAI;Vrai ;VRAI;Je ne sais pas ;Faux ;Je ne sais pas ;VRAI;Vaccination (e.g., contre HPV) Dépistage régulier (e.g., mammographie, frottis cervical) Arrêt du tabac Évitement des expositions environnementales Examen genetiques pour les familles a risque;1;1;1;0;1;1;0;0;;Filles avant le début de la vie sexuelle;VRAI;si pris en charge dans un centre specialise de cancerologie ;Chirurgie  Chimiotherapie  Therapie cible  Radiotherapie  traitement paliatif ;1;1;0;1;1;1;0;0;0;;Soulager la douleur et les autres symptômes (dyspnée, nausées, anxiété);;Insuffisance de ressources (e.g., équipements, personnel specialise dans sa prise en charge ) Niveau d'education de la population bas  Pauvreté / Manque de moyens financiers  ;0;0;1;1;0;1;0;0;0;;Oui;;Dépistage;4;VRAI;Oui , moderement ;Traitable;Non ;Non;;;;La sensibilisation et le dépistage
24;Masculin;Sud kivu;celibataire ;12;Universite catholique de Bukavu ( UCB) ;OUI;Mes cours a l' universite \ Formation médicale;1;0;0;0;0;0;;Une prolifération incontrôlée de cellules anormales;0;1;0;0;0;;Cancer colorectal   Leucémie   Lymphome  cancer de l'uterus  cancer des ovaires  cancer de poumons  Cancer de la prostate ;1;1;0;0;1;0;1;1;1;1;0;0;0;;Tabagiste  Consomation d'alocool  Mauvaise alimentation (e.g., excès de viande rouge, faible en fruits/légumes) Infections (e.g., HPV, hépatite B/C) Exposition à des substances chimiques / Pollution de la nature Facteurs génétiques / Héréditaires;1;1;1;0;1;1;1;0;0;0;0;0;;Faux ;VRAI;Faux ;VRAI;Je ne sais pas ;Faux ;VRAI;VRAI;Vaccination (e.g., contre HPV) Dépistage régulier (e.g., mammographie, frottis cervical) Arrêt du tabac Alimentation saine et exercice physique  Évitement des expositions environnementales Examen genetiques pour les familles a risque;1;1;1;1;1;1;0;0;;Filles avant le début de la vie sexuelle;VRAI;si detecte et pris en charge au stade precoce ;Chirurgie  Chimiotherapie  Radiotherapie  traitement paliatif ;1;1;0;0;1;1;0;0;0;;Soutenir l’accompagnement psychologique et spirituel;;Diagnostic tardif  Manque d'accès aux traitements  Insuffisance de ressources (e.g., équipements, personnel specialise dans sa prise en charge ) Niveau d'education de la population bas  Facteurs socioculturels (e.g., recours à la médecine traditionnelle)    Pauvreté / Manque de moyens financiers  ;1;1;1;1;1;1;0;0;0;;Non;Pas d’équipement pour la paraclinique, pas des moyens financiers pour payer les bilans, pas des hôpitaux équipés, etc;Équipement des hôpitaux et baisse du coup financier des soins;4;VRAI;Oui , moderement ;Una maladie traitable;Non ;Non;;;;Sensibilisation,
26;Masculin;Sud kivu;celibataire ;9;Universite Officielle de Bukavu ( UOB);OUI;Mes cours a l' universite \ Formation médicale Littérature scientifique / Livres  Expérience clinique  durant mon  Stages;1;0;0;1;1;0;;Une prolifération incontrôlée de cellules anormales;0;1;0;0;0;;Cancer colorectal   Leucémie   Retinoblastome   cancer du sein  Lymphome  cancer de l'uterus  Cancer de la prostate ;1;1;1;1;1;0;1;0;0;1;0;0;0;;Tabagiste  Infections (e.g., HPV, hépatite B/C) Facteurs génétiques / Héréditaires;1;0;0;0;1;0;1;0;0;0;0;0;;Faux ;VRAI;Faux ;VRAI;Je ne sais pas ;Faux ;Je ne sais pas ;VRAI;Vaccination (e.g., contre HPV) Dépistage régulier (e.g., mammographie, frottis cervical) Arrêt du tabac Évitement des expositions environnementales Examen genetiques pour les familles a risque;1;1;1;0;1;1;0;0;;Filles avant le début de la vie sexuelle;VRAI;si detecte et pris en charge au stade precoce ;Chirurgie  Chimiotherapie  Immunotherapie  Therapie cible  Radiotherapie  traitement paliatif ;1;1;1;1;1;1;0;0;0;;Soulager la douleur et les autres symptômes (dyspnée, nausées, anxiété);;Diagnostic tardif  Manque d'accès aux traitements  Insuffisance de ressources (e.g., équipements, personnel specialise dans sa prise en charge );1;1;1;0;0;0;0;0;0;;Oui;;Éviter les expositions, diagnostic précoce;4;VRAI;Oui , moderement ;Traitable;Non ;Oui;Grand parents ;;;L’ouverture des centres de dépistage et prise en charge avec des professionnels spécialisés et en fin équiper ces centres
27;Masculin;Maniema ;celibataire ;11;Universite GOMA ;OUI;Mes cours a l' universite \ Formation médicale;1;0;0;0;0;0;;Une prolifération incontrôlée de cellules anormales;0;1;0;0;0;;Cancer colorectal   Leucémie   Retinoblastome   cancer du sein  Lymphome  Meduloblastome  cancer de l'uterus  cancer des ovaires  cancer de poumons  Cancer de la prostate  cancer de la peau ;1;1;1;1;1;1;1;1;1;1;1;0;0;;Tabagiste  Consomation d'alocool  Mauvaise alimentation (e.g., excès de viande rouge, faible en fruits/légumes) Infections (e.g., HPV, hépatite B/C) Exposition à des substances chimiques / Pollution de la nature Facteurs génétiques / Héréditaires;1;1;1;0;1;1;1;0;0;0;0;0;;Faux ;VRAI;Vrai ;VRAI;Je ne sais pas ;Faux ;Je ne sais pas ;VRAI;Vaccination (e.g., contre HPV) Dépistage régulier (e.g., mammographie, frottis cervical) Arrêt du tabac Alimentation saine et exercice physique  Évitement des expositions environnementales Examen genetiques pour les familles a risque;1;1;1;1;1;1;0;0;;Filles avant le début de la vie sexuelle;VRAI;si detecte et pris en charge au stade precoce ;Chirurgie  Chimiotherapie  Immunotherapie  Radiotherapie  traitement paliatif ;1;1;1;0;1;1;0;0;0;;Faciliter la prise en charge à domicile lorsque possible;;Diagnostic tardif  Manque d'accès aux traitements  Insuffisance de ressources (e.g., équipements, personnel specialise dans sa prise en charge ) Niveau d'education de la population bas  Facteurs socioculturels (e.g., recours à la médecine traditionnelle)    Pauvreté / Manque de moyens financiers  ;1;1;1;1;1;1;0;0;0;;Non;Manque d'un bon système de santé.;Arrêt de tabac, d'alcool et dépistage précoce;4;VRAI;Oui , beaucoup;Traitable;Non ;Non;;;;Campagne de Dépistage
25;Masculin;Autre province ;celibataire ;8;Universite catholique de Bukavu ( UCB) ;OUI;Mes cours a l' universite \ Formation médicale;1;0;0;0;0;0;;Une prolifération incontrôlée de cellules anormales;0;1;0;0;0;;Cancer colorectal   Leucémie   Retinoblastome   cancer du sein  Lymphome  Meduloblastome  cancer de l'uterus  cancer des ovaires  cancer de poumons  Cancer de la prostate  cancer de la peau ;1;1;1;1;1;1;1;1;1;1;1;0;0;;Tabagiste  Consomation d'alocool  Mauvaise alimentation (e.g., excès de viande rouge, faible en fruits/légumes) Exposition à des substances chimiques / Pollution de la nature;1;1;1;0;0;1;0;0;0;0;0;0;;Faux ;VRAI;Vrai ;VRAI;Je ne sais pas ;Faux ;Je ne sais pas ;VRAI;Vaccination (e.g., contre HPV) Dépistage régulier (e.g., mammographie, frottis cervical) Arrêt du tabac Alimentation saine et exercice physique  Évitement des expositions environnementales Examen genetiques pour les familles a risque;1;1;1;1;1;1;0;0;;Filles avant le début de la vie sexuelle;VRAI;si detecte et pris en charge au stade precoce ;Chirurgie  Chimiotherapie  Radiotherapie  traitement paliatif ;1;1;0;0;1;1;0;0;0;;Soulager la douleur et les autres symptômes (dyspnée, nausées, anxiété);;Diagnostic tardif  Manque d'accès aux traitements  Insuffisance de ressources (e.g., équipements, personnel specialise dans sa prise en charge ) Facteurs socioculturels (e.g., recours à la médecine traditionnelle)    Pauvreté / Manque de moyens financiers  ;1;1;1;0;1;1;0;0;0;;Je ne sais pas;;Le dépistage;4;VRAI;Oui , moderement ;Traitable;Non ;Oui;Cousin/cousine;;;Avoir des centres de cancérologies et des spécialistes avec tous les équipements modernes
26;Feminin ;Nord kivu;celibataire ;15;Universite catholique de Graben ;OUI;Mes cours a l' universite \ Formation médicale Médias (TV, radio, internet) Littérature scientifique / Livres  Expérience clinique  durant mon  Stages;1;1;0;1;1;0;;Une prolifération incontrôlée de cellules anormales;0;1;0;0;0;;Cancer colorectal   Leucémie   Retinoblastome   cancer du sein  Lymphome  Meduloblastome  cancer de l'uterus  cancer des ovaires  cancer de poumons  Cancer de la prostate  cancer de la peau ;1;1;1;1;1;1;1;1;1;1;1;0;0;;Tabagiste  Consomation d'alocool  Infections (e.g., HPV, hépatite B/C) Exposition à des substances chimiques / Pollution de la nature Facteurs génétiques / Héréditaires;1;1;0;0;1;1;1;0;0;0;0;0;;Faux ;VRAI;Vrai ;VRAI;VRAI;Faux ;VRAI;VRAI;Vaccination (e.g., contre HPV) Dépistage régulier (e.g., mammographie, frottis cervical) Arrêt du tabac Alimentation saine et exercice physique  Évitement des expositions environnementales Examen genetiques pour les familles a risque;1;1;1;1;1;1;0;0;;Filles avant le début de la vie sexuelle;VRAI;si detecte et pris en charge au stade precoce ;Chirurgie  Chimiotherapie  Radiotherapie ;1;1;0;0;1;0;0;0;0;;Améliorer la qualité de vie du patient et de sa famille;;Diagnostic tardif  Manque d'accès aux traitements  Insuffisance de ressources (e.g., équipements, personnel specialise dans sa prise en charge ) Niveau d'education de la population bas  Facteurs socioculturels (e.g., recours à la médecine traditionnelle)   ;1;1;1;1;1;0;0;0;0;;Oui;;Éducation de la population;4;VRAI;Oui , beaucoup;Traitable;Non ;Non;;;;Éducation de la  population, interdire les facteurs de risques, doté les structures des équipements
27;Masculin;Hors pays ;celibataire ;18;Universite catholique de Graben ;OUI;Mes cours a l' universite \ Formation médicale;1;0;0;0;0;0;;Une prolifération incontrôlée de cellules anormales;0;1;0;0;0;;Cancer colorectal   Leucémie    cancer du sein  Lymphome  cancer de l'uterus  cancer des ovaires  cancer de poumons  Cancer de la prostate  cancer de la peau ;1;1;0;1;1;0;1;1;1;1;1;0;0;;Mauvaise alimentation (e.g., excès de viande rouge, faible en fruits/légumes) Exposition à des substances chimiques / Pollution de la nature Facteurs génétiques / Héréditaires;0;0;1;0;0;1;1;0;0;0;0;0;;Faux ;VRAI;Faux ;VRAI;VRAI;Faux ;VRAI;VRAI;Vaccination (e.g., contre HPV) Dépistage régulier (e.g., mammographie, frottis cervical) Arrêt du tabac Alimentation saine et exercice physique  Évitement des expositions environnementales Examen genetiques pour les familles a risque;1;1;1;1;1;1;0;0;;Filles avant le début de la vie sexuelle;Faux ;;Chirurgie  Chimiotherapie  Immunotherapie  Therapie cible  Radiotherapie  traitement paliatif ;1;1;1;1;1;1;0;0;0;;Soulager la douleur et les autres symptômes (dyspnée, nausées, anxiété);;Diagnostic tardif  Manque d'accès aux traitements  Insuffisance de ressources (e.g., équipements, personnel specialise dans sa prise en charge ) Niveau d'education de la population bas  Facteurs socioculturels (e.g., recours à la médecine traditionnelle)    Pauvreté / Manque de moyens financiers  ;1;1;1;1;1;1;0;0;0;;Non;Le manque d'équipements nécessaires;L'information de la population sur l'existence du cancer;2;VRAI;Oui , beaucoup;C'est une maladie traitable si le diagnostic est précoce;Non ;Non;;;;Dépistage précoce
30;Masculin;Nord kivu;celibataire ;14;Universite catholique de Graben ;OUI;Mes cours a l' universite \ Formation médicale Médias (TV, radio, internet) Littérature scientifique / Livres  Expérience clinique  durant mon  Stages;1;1;0;1;1;0;;Une prolifération incontrôlée de cellules anormales;0;1;0;0;0;;Cancer colorectal   Leucémie    cancer du sein  Lymphome  cancer de l'uterus  cancer de poumons  Cancer de la prostate  cancer de la peau ;1;1;0;1;1;0;1;0;1;1;1;0;0;;Tabagiste  Consomation d'alocool  Infections (e.g., HPV, hépatite B/C) Exposition à des substances chimiques / Pollution de la nature Facteurs génétiques / Héréditaires Vieillissement ( age );1;1;0;0;1;1;1;1;0;0;0;0;;Faux ;VRAI;Faux ;VRAI;Faux ;Faux ;Faux ;Je ne sais pas ;Vaccination (e.g., contre HPV) Dépistage régulier (e.g., mammographie, frottis cervical) Arrêt du tabac Évitement des expositions environnementales Examen genetiques pour les familles a risque;1;1;1;0;1;1;0;0;;Filles avant le début de la vie sexuelle;VRAI;si pris en charge dans un centre specialise de cancerologie ;Chirurgie  Chimiotherapie  Therapie cible  Radiotherapie  traitement paliatif ;1;1;0;1;1;1;0;0;0;;Faciliter la prise en charge à domicile lorsque possible;;Diagnostic tardif  Insuffisance de ressources (e.g., équipements, personnel specialise dans sa prise en charge ) Facteurs socioculturels (e.g., recours à la médecine traditionnelle)    Pauvreté / Manque de moyens financiers  ;1;0;1;0;1;1;0;0;0;;Non;Manque des spécialistes et des équipements adéquats pour la prise en charge du cancer;Sensibilisation de la population sur les risques du cancer. Dépistage précoce du cancer. Prise en charge adéquate après diagnostic précoce du cancer;4;VRAI;Oui , beaucoup;Une maladie traitable;Non ;Non;;;;Former plus des personnels soignants capables de dépister et de diagnostic le cancer. Sensibiliser sur le cancer. Prévenir et lutter contre le cancer. Meilleure prise en charge du cancer une fois diagnostiqué.
26;Masculin;Sud kivu;celibataire ;7;Universite Evangelique en Afrique ;OUI;Mes cours a l' universite \ Formation médicale;1;0;0;0;0;0;;Une prolifération incontrôlée de cellules anormales;0;1;0;0;0;; Leucémie   Retinoblastome   cancer du sein  Lymphome  cancer de l'uterus  cancer des ovaires  cancer de poumons  Cancer de la prostate ;0;1;1;1;1;0;1;1;1;1;0;0;0;;Tabagiste  Consomation d'alocool  Infections (e.g., HPV, hépatite B/C) Exposition à des substances chimiques / Pollution de la nature Facteurs génétiques / Héréditaires Mythes culturels ( sorcellerie);1;1;0;0;1;1;1;0;1;0;0;0;;Faux ;VRAI;Vrai ;VRAI;VRAI;VRAI;VRAI;VRAI;Vaccination (e.g., contre HPV) Dépistage régulier (e.g., mammographie, frottis cervical) Arrêt du tabac Évitement des expositions environnementales;1;1;1;0;1;0;0;0;;Filles avant le début de la vie sexuelle;VRAI;si detecte et pris en charge au stade precoce ;Chirurgie  Chimiotherapie  Radiotherapie  traitement paliatif ;1;1;0;0;1;1;0;0;0;;Améliorer la qualité de vie du patient et de sa famille;;Diagnostic tardif  Manque d'accès aux traitements  Insuffisance de ressources (e.g., équipements, personnel specialise dans sa prise en charge ) Pauvreté / Manque de moyens financiers  ;1;1;1;0;0;1;0;0;0;;Non;Manque des ressources;Dépistage et vaccination;3;VRAI;Oui , moderement ;Traitables si le diagnostic  est posé précocement;Non ;Non;;;;Qu'on sensibilise la population pour se faire dépisté et aussi de disponibilisé les vaccins pour les enfants et même les adultes qui sont exposer
26;Masculin;Sud kivu;celibataire ;7;Universite Evangelique en Afrique ;OUI;Mes cours a l' universite \ Formation médicale;1;0;0;0;0;0;;Une prolifération incontrôlée de cellules anormales;0;1;0;0;0;;Retinoblastome   cancer du sein  cancer de l'uterus  cancer des ovaires  Cancer de la prostate ;0;0;1;1;0;0;1;1;0;1;0;0;0;;Tabagiste  Consomation d'alocool  Infections (e.g., HPV, hépatite B/C) Exposition à des substances chimiques / Pollution de la nature;1;1;0;0;1;1;0;0;0;0;0;0;;Faux ;VRAI;Vrai ;VRAI;VRAI;VRAI;VRAI;VRAI;Vaccination (e.g., contre HPV) Arrêt du tabac Alimentation saine et exercice physique ;1;0;1;1;0;0;0;0;;Filles avant le début de la vie sexuelle;VRAI;si detecte et pris en charge au stade precoce ;Chimiotherapie  Immunotherapie ;0;1;1;0;0;0;0;0;0;;Améliorer la qualité de vie du patient et de sa famille;;Diagnostic tardif ;1;0;0;0;0;0;0;0;0;;Oui;;La prévention;1;VRAI;Oui , beaucoup;Le cancer tue;Oui;Non;;;;Le dépistage
26;Feminin ;Hors pays ;celibataire ;12;Universite catholique de Bukavu ( UCB) ;OUI;Mes cours a l' universite \ Formation médicale Médias (TV, radio, internet) Littérature scientifique / Livres  Expérience clinique  durant mon  Stages;1;1;0;1;1;0;;Une prolifération incontrôlée de cellules anormales;0;1;0;0;0;;Cancer colorectal   Leucémie   Retinoblastome   cancer du sein  Lymphome  cancer de l'uterus  cancer des ovaires  cancer de poumons  Cancer de la prostate  cancer de la peau ;1;1;1;1;1;0;1;1;1;1;1;0;0;;Tabagiste  Mauvaise alimentation (e.g., excès de viande rouge, faible en fruits/légumes) Infections (e.g., HPV, hépatite B/C) Exposition à des substances chimiques / Pollution de la nature Facteurs génétiques / Héréditaires;1;0;1;0;1;1;1;0;0;0;0;0;;Faux ;VRAI;Faux ;VRAI;VRAI;Faux ;VRAI;VRAI;Vaccination (e.g., contre HPV) Dépistage régulier (e.g., mammographie, frottis cervical) Arrêt du tabac Alimentation saine et exercice physique  Évitement des expositions environnementales Examen genetiques pour les familles a risque;1;1;1;1;1;1;0;0;;Filles avant le début de la vie sexuelle;VRAI;si detecte et pris en charge au stade precoce ;Chirurgie  Chimiotherapie  Immunotherapie  Therapie cible  Radiotherapie ;1;1;1;1;1;0;0;0;0;;Améliorer la qualité de vie du patient et de sa famille;;Diagnostic tardif  Manque d'accès aux traitements  Insuffisance de ressources (e.g., équipements, personnel specialise dans sa prise en charge ) Niveau d'education de la population bas  Facteurs socioculturels (e.g., recours à la médecine traditionnelle)    Pauvreté / Manque de moyens financiers  ;1;1;1;1;1;1;0;0;0;;Oui;;La sensibilisation;1;Faux ;Oui , beaucoup;Les deux;Non ;Non;;;;Sensibilisation
27;Feminin ;Sud kivu;celibataire ;9;Universite Officielle de Bukavu ( UOB);OUI;Mes cours a l' universite \ Formation médicale Expérience clinique  durant mon  Stages;1;0;0;0;1;0;;Une prolifération incontrôlée de cellules anormales;0;1;0;0;0;; Leucémie    cancer du sein  Lymphome  cancer de l'uterus  Cancer de la prostate  cancer de la peau ;0;1;0;1;1;0;1;0;0;1;1;0;0;;Exposition à des substances chimiques / Pollution de la nature Facteurs génétiques / Héréditaires;0;0;0;0;0;1;1;0;0;0;0;0;;Faux ;VRAI;Je ne sais pas ;Je ne sais pas ;Je ne sais pas ;VRAI;Je ne sais pas ;VRAI;Vaccination (e.g., contre HPV) Dépistage régulier (e.g., mammographie, frottis cervical) Évitement des expositions environnementales;1;1;0;0;1;0;0;0;;Patients avec un cancer cervical ou autre type ;Faux ;;Chimiotherapie  Radiotherapie ;0;1;0;0;1;0;0;0;0;;Être intégrés précocement dans la prise en charge des cancers avancés;;Diagnostic tardif  Manque d'accès aux traitements  Insuffisance de ressources (e.g., équipements, personnel specialise dans sa prise en charge ) Niveau d'education de la population bas  Facteurs socioculturels (e.g., recours à la médecine traditionnelle)    Pauvreté / Manque de moyens financiers  ;1;1;1;1;1;1;0;0;0;;Je ne sais pas;;Dépistage précoce gratuit;1;VRAI;Oui , beaucoup;Traitable;Non ;Non;;;;Dépistage gratuit
27;Masculin;Sud kivu;celibataire ;10;Universite Officielle de Bukavu ( UOB);OUI;Mes cours a l' universite \ Formation médicale Littérature scientifique / Livres ;1;0;0;1;0;0;;Une prolifération incontrôlée de cellules anormales;0;1;0;0;0;;Cancer colorectal   Leucémie   Retinoblastome   cancer du sein  Lymphome  Meduloblastome  cancer de l'uterus  cancer des ovaires  cancer de poumons  Cancer de la prostate  cancer de la peau ;1;1;1;1;1;1;1;1;1;1;1;0;0;;Tabagiste  Consomation d'alocool  Infections (e.g., HPV, hépatite B/C) Facteurs génétiques / Héréditaires;1;1;0;0;1;0;1;0;0;0;0;0;;Faux ;VRAI;Faux ;VRAI;Faux ;Faux ;VRAI;VRAI;Vaccination (e.g., contre HPV) Dépistage régulier (e.g., mammographie, frottis cervical) Évitement des expositions environnementales;1;1;0;0;1;0;0;0;;Filles avant le début de la vie sexuelle;VRAI;si detecte et pris en charge au stade precoce ;Chirurgie  Radiotherapie ;1;0;0;0;1;0;0;0;0;;Être intégrés précocement dans la prise en charge des cancers avancés;;Diagnostic tardif  Manque d'accès aux traitements  Insuffisance de ressources (e.g., équipements, personnel specialise dans sa prise en charge );1;1;1;0;0;0;0;0;0;;Oui;;Rien;3;VRAI;Oui , moderement ;Rien;Oui;Oui;un oncle /Tente ;Traitement médical conventionnel (e.g., hôpital) ;Guérison  ;Aucun
25;Masculin;Nord kivu;celibataire ;10;Universite GOMA ;OUI;Mes cours a l' universite \ Formation médicale Médias (TV, radio, internet) Littérature scientifique / Livres  Expérience clinique  durant mon  Stages;1;1;0;1;1;0;;Une prolifération incontrôlée de cellules anormales;0;1;0;0;0;;Cancer colorectal   Leucémie   Retinoblastome   cancer du sein  Lymphome  Meduloblastome  cancer de l'uterus  cancer des ovaires  cancer de poumons  Cancer de la prostate  cancer de la peau ;1;1;1;1;1;1;1;1;1;1;1;0;0;;Tabagiste  Consomation d'alocool  Mauvaise alimentation (e.g., excès de viande rouge, faible en fruits/légumes) Infections (e.g., HPV, hépatite B/C) Exposition à des substances chimiques / Pollution de la nature Facteurs génétiques / Héréditaires Vieillissement ( age );1;1;1;0;1;1;1;1;0;0;0;0;;Faux ;VRAI;Vrai ;VRAI;VRAI;Faux ;VRAI;VRAI;Vaccination (e.g., contre HPV) Dépistage régulier (e.g., mammographie, frottis cervical) Arrêt du tabac Alimentation saine et exercice physique  Évitement des expositions environnementales Examen genetiques pour les familles a risque;1;1;1;1;1;1;0;0;;Filles avant le début de la vie sexuelle;VRAI;si detecte et pris en charge au stade precoce ;Chirurgie  Chimiotherapie  Immunotherapie  Therapie cible  Radiotherapie  traitement paliatif ;1;1;1;1;1;1;0;0;0;;Soulager la douleur et les autres symptômes (dyspnée, nausées, anxiété);;Diagnostic tardif  Manque d'accès aux traitements  Insuffisance de ressources (e.g., équipements, personnel specialise dans sa prise en charge ) Niveau d'education de la population bas  Facteurs socioculturels (e.g., recours à la médecine traditionnelle)    Pauvreté / Manque de moyens financiers  ;1;1;1;1;1;1;0;0;0;;Non;Niveau d’éducation bas de la population, manque de moyens;Sensibiliser la population;1;VRAI;Oui , beaucoup;Traitable;Non ;Non;;;;Créer une organisation uniquement dédier au cancer au niveau national
26;Feminin ;Nord kivu;celibataire ;10;Universite GOMA ;OUI;Mes cours a l' universite \ Formation médicale Médias (TV, radio, internet) Littérature scientifique / Livres  Expérience clinique  durant mon  Stages;1;1;0;1;1;0;;Une prolifération incontrôlée de cellules anormales;0;1;0;0;0;;Cancer colorectal   Leucémie   Retinoblastome   cancer du sein  Lymphome  Meduloblastome  cancer de l'uterus  cancer des ovaires  cancer de poumons  Cancer de la prostate ;1;1;1;1;1;1;1;1;1;1;0;0;0;;Tabagiste  Consomation d'alocool  Mauvaise alimentation (e.g., excès de viande rouge, faible en fruits/légumes) Manque d'exercice physique Infections (e.g., HPV, hépatite B/C) Exposition à des substances chimiques / Pollution de la nature Facteurs génétiques / Héréditaires Vieillissement ( age );1;1;1;1;1;1;1;1;0;0;0;0;;Faux ;VRAI;Vrai ;VRAI;Faux ;Faux ;Faux ;VRAI;Vaccination (e.g., contre HPV) Dépistage régulier (e.g., mammographie, frottis cervical) Arrêt du tabac Alimentation saine et exercice physique  Évitement des expositions environnementales Examen genetiques pour les familles a risque;1;1;1;1;1;1;0;0;;Filles avant le début de la vie sexuelle;VRAI;si detecte et pris en charge au stade precoce ;Chirurgie  Chimiotherapie  Radiotherapie  traitement paliatif ;1;1;0;0;1;1;0;0;0;;Soutenir l’accompagnement psychologique et spirituel;;Diagnostic tardif ;1;0;0;0;0;0;0;0;0;;Non;Manque de suivi de dépistage précoce;Éducation de la population;2;VRAI;Oui , moderement ;Traitable;Non ;Non;;;;Soutenir les patients diagnostiqués avec cancer
25;Feminin ;Sud kivu;celibataire ;7;Universite Evangelique en Afrique ;OUI;Mes cours a l' universite \ Formation médicale Littérature scientifique / Livres  Expérience clinique  durant mon  Stages;1;0;0;1;1;0;;Une prolifération incontrôlée de cellules anormales;0;1;0;0;0;; Leucémie   Retinoblastome  Cancer de la prostate ;0;1;1;0;0;0;0;0;0;1;0;0;0;;Tabagiste  Consomation d'alocool  Exposition à des substances chimiques / Pollution de la nature Facteurs génétiques / Héréditaires Vieillissement ( age );1;1;0;0;0;1;1;1;0;0;0;0;;Faux ;VRAI;Vrai ;Je ne sais pas ;Faux ;Faux ;VRAI;VRAI;Dépistage régulier (e.g., mammographie, frottis cervical) Arrêt du tabac Alimentation saine et exercice physique  Évitement des expositions environnementales Examen genetiques pour les familles a risque;0;1;1;1;1;1;0;0;;Femmes de plus de 50 ans ;VRAI;si detecte et pris en charge au stade precoce ;Chimiotherapie ;0;1;0;0;0;0;0;0;0;;Accélérer le décès pour réduire la souffrance;;Diagnostic tardif  Je ne sais pas;1;0;0;0;0;0;1;0;0;;Non;Manque des moyens;Dépistage;3;VRAI;Oui , beaucoup;Traitable;Non ;Non;;;;Vie saine
30;Masculin;Sud kivu;celibataire ;7;Universite Evangelique en Afrique ;OUI;Mes cours a l' universite \ Formation médicale;1;0;0;0;0;0;;Une prolifération incontrôlée de cellules anormales;0;1;0;0;0;;Cancer colorectal   Leucémie   Retinoblastome   cancer du sein  Lymphome  cancer de l'uterus  cancer des ovaires  cancer de poumons  Cancer de la prostate ;1;1;1;1;1;0;1;1;1;1;0;0;0;;Tabagiste  Consomation d'alocool  Mauvaise alimentation (e.g., excès de viande rouge, faible en fruits/légumes) Infections (e.g., HPV, hépatite B/C) Exposition à des substances chimiques / Pollution de la nature Facteurs génétiques / Héréditaires;1;1;1;0;1;1;1;0;0;0;0;0;;Faux ;VRAI;Vrai ;VRAI;Je ne sais pas ;Faux ;Faux ;VRAI;Vaccination (e.g., contre HPV) Dépistage régulier (e.g., mammographie, frottis cervical) Arrêt du tabac Alimentation saine et exercice physique  Évitement des expositions environnementales;1;1;1;1;1;0;0;0;;Filles avant le début de la vie sexuelle;VRAI;si detecte et pris en charge au stade precoce ;Chirurgie  Chimiotherapie  Immunotherapie  Therapie cible  Radiotherapie  traitement paliatif ;1;1;1;1;1;1;0;0;0;;Soulager la douleur et les autres symptômes (dyspnée, nausées, anxiété);;Diagnostic tardif  Manque d'accès aux traitements  Facteurs socioculturels (e.g., recours à la médecine traditionnelle)    Pauvreté / Manque de moyens financiers  ;1;1;0;0;1;1;0;0;0;;Oui;;......;2;Faux ;Oui , moderement ;.......;Non ;Non;;;;.......
25;Feminin ;Nord kivu;celibataire ;11;Universite GOMA ;OUI;Mes cours a l' universite \ Formation médicale Littérature scientifique / Livres  Expérience clinique  durant mon  Stages;1;0;0;1;1;0;;Une prolifération incontrôlée de cellules anormales Une inflammation passagère;0;1;1;0;0;;Cancer colorectal   Leucémie    cancer du sein  Lymphome  cancer de l'uterus  cancer de poumons  Cancer de la prostate ;1;1;0;1;1;0;1;0;1;1;0;0;0;;Tabagiste  Infections (e.g., HPV, hépatite B/C) Exposition à des substances chimiques / Pollution de la nature Facteurs génétiques / Héréditaires Vieillissement ( age );1;0;0;0;1;1;1;1;0;0;0;0;;Faux ;VRAI;Vrai ;VRAI;Je ne sais pas ;Faux ;Faux ;VRAI;Vaccination (e.g., contre HPV) Dépistage régulier (e.g., mammographie, frottis cervical) Arrêt du tabac Évitement des expositions environnementales Examen genetiques pour les familles a risque;1;1;1;0;1;1;0;0;;Filles avant le début de la vie sexuelle;VRAI;si detecte et pris en charge au stade precoce ;Chirurgie  Chimiotherapie  Radiotherapie ;1;1;0;0;1;0;0;0;0;;Soulager la douleur et les autres symptômes (dyspnée, nausées, anxiété);;Diagnostic tardif  Manque d'accès aux traitements  Insuffisance de ressources (e.g., équipements, personnel specialise dans sa prise en charge ) Niveau d'education de la population bas  Facteurs socioculturels (e.g., recours à la médecine traditionnelle)   ;1;1;1;1;1;0;0;0;0;;Non;Le niveau socio économique bas;Vaccination,;2;VRAI;Oui , beaucoup;C’est une maladie traitante ssi le dépistage a été fait précocement;Non ;Oui;un oncle /Tente ;;;Vaccination contre le HPV, contre les hépatites virales et dépistage précoce
24;Masculin;Sud kivu;celibataire ;2;Universite catholique de Bukavu ( UCB) ;OUI;Mes cours a l' universite \ Formation médicale;1;0;0;0;0;0;;Une prolifération incontrôlée de cellules anormales;0;1;0;0;0;; cancer du sein  Cancer de la prostate ;0;0;0;1;0;0;0;0;0;1;0;0;0;;Tabagiste  Facteurs génétiques / Héréditaires;1;0;0;0;0;0;1;0;0;0;0;0;;Faux ;VRAI;Vrai ;VRAI;VRAI;Faux ;VRAI;VRAI;Vaccination (e.g., contre HPV) Dépistage régulier (e.g., mammographie, frottis cervical) Arrêt du tabac Alimentation saine et exercice physique  Examen genetiques pour les familles a risque;1;1;1;1;0;1;0;0;;Filles avant le début de la vie sexuelle;VRAI;si detecte et pris en charge au stade precoce ;Chirurgie  Chimiotherapie  Immunotherapie  Therapie cible  Radiotherapie ;1;1;1;1;1;0;0;0;0;;Améliorer la qualité de vie du patient et de sa famille;;Diagnostic tardif  Manque d'accès aux traitements  Insuffisance de ressources (e.g., équipements, personnel specialise dans sa prise en charge ) Niveau d'education de la population bas  Facteurs socioculturels (e.g., recours à la médecine traditionnelle)    Pauvreté / Manque de moyens financiers  ;1;1;1;1;1;1;0;0;0;;Oui;;Dépistage précoce;3;VRAI;Oui , moderement ;Maladie comme les autres;Non ;Oui;autre ;;;Dépistage précoce
28;Masculin;Sud kivu;celibataire ;2;Universite catholique de Bukavu ( UCB) ;OUI;Mes cours a l' universite \ Formation médicale Littérature scientifique / Livres ;1;0;0;1;0;0;;Une prolifération incontrôlée de cellules anormales;0;1;0;0;0;;Cancer colorectal   Leucémie   Retinoblastome   cancer du sein  Lymphome  Meduloblastome  cancer de l'uterus  cancer des ovaires  cancer de poumons  Cancer de la prostate  cancer de la peau ;1;1;1;1;1;1;1;1;1;1;1;0;0;;Tabagiste  Exposition à des substances chimiques / Pollution de la nature Facteurs génétiques / Héréditaires Vieillissement ( age );1;0;0;0;0;1;1;1;0;0;0;0;;Faux ;VRAI;Faux ;Je ne sais pas ;VRAI;Faux ;VRAI;VRAI;Vaccination (e.g., contre HPV) Arrêt du tabac Examen genetiques pour les familles a risque;1;0;1;0;0;1;0;0;;Femmes de plus de 50 ans ;VRAI;si detecte et pris en charge au stade precoce ;Chirurgie  Chimiotherapie  Immunotherapie  Therapie cible  Radiotherapie ;1;1;1;1;1;0;0;0;0;;Soulager la douleur et les autres symptômes (dyspnée, nausées, anxiété);;Diagnostic tardif  Manque d'accès aux traitements ;1;1;0;0;0;0;0;0;0;;Oui;;Dépistage si on a un des facteurs de risque;3;VRAI;Oui , moderement ;Maladie comme tout les autres;Non ;Non;;;;Éviter le plus possible la consommation des OGM
25;Masculin;Sud kivu;celibataire ;3;Universite catholique de Bukavu ( UCB) ;OUI;Mes cours a l' universite \ Formation médicale;1;0;0;0;0;0;;Une prolifération incontrôlée de cellules anormales;0;1;0;0;0;; Leucémie  ;0;1;0;0;0;0;0;0;0;0;0;0;0;;Tabagiste ;1;0;0;0;0;0;0;0;0;0;0;0;;Faux ;VRAI;Faux ;Je ne sais pas ;Je ne sais pas ;Faux ;VRAI;VRAI;Dépistage régulier (e.g., mammographie, frottis cervical);0;1;0;0;0;0;0;0;;Hommes âgés uniquement;VRAI;si detecte et pris en charge au stade precoce ;Chimiotherapie  Radiotherapie ;0;1;0;0;1;0;0;0;0;;Soulager la douleur et les autres symptômes (dyspnée, nausées, anxiété);;Diagnostic tardif  Manque d'accès aux traitements  Insuffisance de ressources (e.g., équipements, personnel specialise dans sa prise en charge ) Niveau d'education de la population bas ;1;1;1;1;0;0;0;0;0;;Oui;;Depistage;1;VRAI;Oui , beaucoup;Traitable;Oui;Non;;;;Dépistage
26;Masculin;Sud kivu;celibataire ;2;Universite catholique de Bukavu ( UCB) ;OUI;Mes cours a l' universite \ Formation médicale Médias (TV, radio, internet) Famille / Amis Littérature scientifique / Livres  Expérience clinique  durant mon  Stages;1;1;1;1;1;0;;Une infection aiguë Une prolifération incontrôlée de cellules anormales Une inflammation passagère Une réaction allergique;1;1;1;1;0;;Cancer colorectal   Leucémie   Retinoblastome   cancer du sein  Lymphome  Meduloblastome  cancer de l'uterus  cancer des ovaires  cancer de poumons  Cancer de la prostate  cancer de la peau ;1;1;1;1;1;1;1;1;1;1;1;0;0;;Tabagiste  Consomation d'alocool  Mauvaise alimentation (e.g., excès de viande rouge, faible en fruits/légumes) Manque d'exercice physique Infections (e.g., HPV, hépatite B/C) Exposition à des substances chimiques / Pollution de la nature Facteurs génétiques / Héréditaires Vieillissement ( age );1;1;1;1;1;1;1;1;0;0;0;0;;Faux ;VRAI;Vrai ;VRAI;VRAI;VRAI;VRAI;VRAI;Vaccination (e.g., contre HPV) Dépistage régulier (e.g., mammographie, frottis cervical) Arrêt du tabac Alimentation saine et exercice physique  Évitement des expositions environnementales Examen genetiques pour les familles a risque;1;1;1;1;1;1;0;0;;Filles avant le début de la vie sexuelle;VRAI;si detecte et pris en charge au stade precoce ;Chirurgie  Chimiotherapie  Immunotherapie  Therapie cible  Radiotherapie  traitement paliatif  Traitement traditionnel / Herbes ;1;1;1;1;1;1;1;0;0;;Soulager la douleur et les autres symptômes (dyspnée, nausées, anxiété);;Diagnostic tardif  Manque d'accès aux traitements  Insuffisance de ressources (e.g., équipements, personnel specialise dans sa prise en charge ) Niveau d'education de la population bas  Facteurs socioculturels (e.g., recours à la médecine traditionnelle)    Pauvreté / Manque de moyens financiers  ;1;1;1;1;1;1;0;0;0;;Oui;;L'accès aux structures sanitaires tertiaires, qui sont en mesure de détecter les problèmes.;3;VRAI;Oui , beaucoup;Traitable;Non ;Non;;;;De former personnels (médecins oncologue), d'avoir un plateau technique (matériels : IRM, TEP Scann, Angiographie, Laboratoire avec le marqueur spécifique) au standard de l'Europe ou Amérique
26;Masculin;Hors pays ;celibataire ;1;Universite catholique de Bukavu ( UCB) ;OUI;Mes cours a l' universite \ Formation médicale;1;0;0;0;0;0;;Une prolifération incontrôlée de cellules anormales;0;1;0;0;0;;Cancer colorectal   Leucémie   Retinoblastome   cancer du sein  Lymphome  Meduloblastome  cancer de l'uterus  cancer des ovaires  cancer de poumons  Cancer de la prostate  cancer de la peau ;1;1;1;1;1;1;1;1;1;1;1;0;0;;Tabagiste  Consomation d'alocool  Infections (e.g., HPV, hépatite B/C) Exposition à des substances chimiques / Pollution de la nature Facteurs génétiques / Héréditaires;1;1;0;0;1;1;1;0;0;0;0;0;;Faux ;VRAI;Je ne sais pas ;VRAI;Je ne sais pas ;Faux ;Je ne sais pas ;VRAI;Vaccination (e.g., contre HPV) Dépistage régulier (e.g., mammographie, frottis cervical) Arrêt du tabac Évitement des expositions environnementales Examen genetiques pour les familles a risque;1;1;1;0;1;1;0;0;;Filles avant le début de la vie sexuelle;VRAI;si detecte et pris en charge au stade precoce ;Chirurgie  Chimiotherapie  Therapie cible  Radiotherapie  traitement paliatif ;1;1;0;1;1;1;0;0;0;;Soulager la douleur et les autres symptômes (dyspnée, nausées, anxiété);;Diagnostic tardif  Manque d'accès aux traitements  Insuffisance de ressources (e.g., équipements, personnel specialise dans sa prise en charge ) Niveau d'education de la population bas  Facteurs socioculturels (e.g., recours à la médecine traditionnelle)    Pauvreté / Manque de moyens financiers  ;1;1;1;1;1;1;0;0;0;;Oui;;Sensibilisation;5;Je ne sais pas ;Oui , beaucoup;Traitable;Non ;Non;;;;La sensibilisation sur le dépistage précoce
30;Masculin;Nord kivu;celibataire ;8;Universite Libre des grand LACS ;OUI;Mes cours a l' universite \ Formation médicale Expérience clinique  durant mon  Stages;1;0;0;0;1;0;;Une prolifération incontrôlée de cellules anormales;0;1;0;0;0;;Retinoblastome   cancer du sein  cancer de l'uterus  cancer des ovaires  cancer de poumons  Cancer de la prostate ;0;0;1;1;0;0;1;1;1;1;0;0;0;;Infections (e.g., HPV, hépatite B/C);0;0;0;0;1;0;0;0;0;0;0;0;;VRAI;VRAI;Faux ;VRAI;Faux ;Faux ;Faux ;Je ne sais pas ;Vaccination (e.g., contre HPV) Dépistage régulier (e.g., mammographie, frottis cervical) Arrêt du tabac Examen genetiques pour les familles a risque;1;1;1;0;0;1;0;0;;Filles avant le début de la vie sexuelle;Faux ;;Chirurgie  Chimiotherapie  Therapie cible  Radiotherapie ;1;1;0;1;1;0;0;0;0;;Améliorer la qualité de vie du patient et de sa famille;;Diagnostic tardif  Manque d'accès aux traitements  Insuffisance de ressources (e.g., équipements, personnel specialise dans sa prise en charge ) Niveau d'education de la population bas  Facteurs socioculturels (e.g., recours à la médecine traditionnelle)    Pauvreté / Manque de moyens financiers  ;1;1;1;1;1;1;0;0;0;;Je ne sais pas;;Dépistage précoce;5;VRAI;Oui , beaucoup;Traitable;Non ;Non;;;;Éducation et dépistage précoce
24;Feminin ;Sud kivu;celibataire ;0;Universite Evangelique en Afrique ;OUI;Mes cours a l' universite \ Formation médicale;1;0;0;0;0;0;;Une prolifération incontrôlée de cellules anormales;0;1;0;0;0;;Cancer colorectal   Leucémie   Retinoblastome   cancer du sein  Lymphome  Meduloblastome  cancer de l'uterus  cancer des ovaires  cancer de poumons  Cancer de la prostate  cancer de la peau ;1;1;1;1;1;1;1;1;1;1;1;0;0;;Tabagiste  Consomation d'alocool  Mauvaise alimentation (e.g., excès de viande rouge, faible en fruits/légumes) Infections (e.g., HPV, hépatite B/C) Exposition à des substances chimiques / Pollution de la nature Facteurs génétiques / Héréditaires;1;1;1;0;1;1;1;0;0;0;0;0;;Faux ;VRAI;Vrai ;VRAI;VRAI;Faux ;Faux ;VRAI;Vaccination (e.g., contre HPV) Dépistage régulier (e.g., mammographie, frottis cervical) Arrêt du tabac Alimentation saine et exercice physique  Évitement des expositions environnementales Examen genetiques pour les familles a risque;1;1;1;1;1;1;0;0;;Filles avant le début de la vie sexuelle;VRAI;si detecte et pris en charge au stade precoce ;Chirurgie  Chimiotherapie  Immunotherapie  Radiotherapie ;1;1;1;0;1;0;0;0;0;;Être réservés uniquement à la phase terminale;;Diagnostic tardif  Manque d'accès aux traitements  Insuffisance de ressources (e.g., équipements, personnel specialise dans sa prise en charge ) Niveau d'education de la population bas  Facteurs socioculturels (e.g., recours à la médecine traditionnelle)    Pauvreté / Manque de moyens financiers  ;1;1;1;1;1;1;0;0;0;;Non;Manque d'équipements et des personnels compétents;Le dépistage;1;VRAI;Oui , beaucoup;Traitable;Non ;Non;;;;Informer la population sur le cancer,faire le dépistage, vaccination et avoir des personnels soignants compétant
27;Masculin;Sud kivu;celibataire ;5;Universite Evangelique en Afrique ;OUI;Médias (TV, radio, internet);0;1;0;0;0;0;;Une prolifération incontrôlée de cellules anormales;0;1;0;0;0;;Cancer de la prostate ;0;0;0;0;0;0;0;0;0;1;0;0;0;;Exposition à des substances chimiques / Pollution de la nature;0;0;0;0;0;1;0;0;0;0;0;0;;Faux ;VRAI;Je ne sais pas ;VRAI;VRAI;Faux ;Faux ;Je ne sais pas ;Dépistage régulier (e.g., mammographie, frottis cervical);0;1;0;0;0;0;0;0;;Patients avec un cancer cervical ou autre type ;VRAI;si detecte et pris en charge au stade precoce ;Chimiotherapie  Immunotherapie ;0;1;1;0;0;0;0;0;0;;Soulager la douleur et les autres symptômes (dyspnée, nausées, anxiété);;Diagnostic tardif ;1;0;0;0;0;0;0;0;0;;Non;Manque des matériels et moyen financier;Évité kes diagnostic tardif et avoir accès à des traitements;1;Je ne sais pas ;Oui , beaucoup;Pas de commentaire;Non ;Non;;;;Chimiothérapie
22;Masculin;Maniema ;celibataire ;2;Universite de kindu ;OUI;Mes cours a l' universite \ Formation médicale;1;0;0;0;0;0;;Une prolifération incontrôlée de cellules anormales;0;1;0;0;0;;Cancer colorectal   Leucémie   Retinoblastome   cancer du sein  Lymphome  Meduloblastome  cancer de l'uterus  cancer des ovaires  cancer de poumons  Cancer de la prostate ;1;1;1;1;1;1;1;1;1;1;0;0;0;;Tabagiste  Consomation d'alocool ;1;1;0;0;0;0;0;0;0;0;0;0;;VRAI;Faux ;Vrai ;VRAI;Faux ;Faux ;Faux ;VRAI;Vaccination (e.g., contre HPV);1;0;0;0;0;0;0;0;;Femmes de plus de 50 ans ;VRAI;si detecte et pris en charge au stade precoce ;Chirurgie ;1;0;0;0;0;0;0;0;0;;Soulager la douleur et les autres symptômes (dyspnée, nausées, anxiété);;Diagnostic tardif ;1;0;0;0;0;0;0;0;0;;Je ne sais pas;;Chirurgie;3;VRAI;Oui , beaucoup;Prévention;Non ;Non;;;;Chirurgie
28;Feminin ;Autre province ;celibataire ;14;Universite de kindu ;OUI;Mes cours a l' universite \ Formation médicale;1;0;0;0;0;0;;Une prolifération incontrôlée de cellules anormales;0;1;0;0;0;;Cancer colorectal   Leucémie   Retinoblastome   cancer du sein  Lymphome  cancer de l'uterus  cancer des ovaires  cancer de poumons  Cancer de la prostate  cancer de la peau ;1;1;1;1;1;0;1;1;1;1;1;0;0;;Tabagiste  Infections (e.g., HPV, hépatite B/C) Facteurs génétiques / Héréditaires Vieillissement ( age );1;0;0;0;1;0;1;1;0;0;0;0;;Faux ;VRAI;Vrai ;VRAI;Je ne sais pas ;Faux ;VRAI;VRAI;Vaccination (e.g., contre HPV) Dépistage régulier (e.g., mammographie, frottis cervical) Arrêt du tabac Examen genetiques pour les familles a risque;1;1;1;0;0;1;0;0;;Filles avant le début de la vie sexuelle;Faux ;;Chirurgie  Chimiotherapie  Immunotherapie  Radiotherapie  traitement paliatif ;1;1;1;0;1;1;0;0;0;;Remplacer systématiquement les traitements curatifs;;Diagnostic tardif  Manque d'accès aux traitements  Insuffisance de ressources (e.g., équipements, personnel specialise dans sa prise en charge ) Niveau d'education de la population bas  Facteurs socioculturels (e.g., recours à la médecine traditionnelle)    Pauvreté / Manque de moyens financiers  ;1;1;1;1;1;1;0;0;0;;Non;Les manques des matériel,de personnelle spécialisé dans les différents provinces de la RDC;Ils faut qu’ils amélioraient les conditions sociaux économiques de la population et disponibilité des matériels et la sensibilisation;5;VRAI;Oui , moderement ;Traitable;Non ;Non;;;;Ils faut sensibilisés les filles et les femmes à ses faire dépisté
25;Masculin;Autre province ;celibataire ;4;Universite de kindu ;OUI;Mes cours a l' universite \ Formation médicale;1;0;0;0;0;0;;Une prolifération incontrôlée de cellules anormales;0;1;0;0;0;;Retinoblastome  Cancer de la prostate ;0;0;1;0;0;0;0;0;0;1;0;0;0;;Infections (e.g., HPV, hépatite B/C);0;0;0;0;1;0;0;0;0;0;0;0;;Faux ;VRAI;Faux ;VRAI;Faux ;VRAI;Faux ;VRAI;Vaccination (e.g., contre HPV) Dépistage régulier (e.g., mammographie, frottis cervical);1;1;0;0;0;0;0;0;;Femmes de plus de 50 ans ;VRAI;si detecte et pris en charge au stade precoce ;Chirurgie  Chimiotherapie ;1;1;0;0;0;0;0;0;0;;Soulager la douleur et les autres symptômes (dyspnée, nausées, anxiété);;Diagnostic tardif ;1;0;0;0;0;0;0;0;0;;Oui;;Dépistage;3;VRAI;Oui , beaucoup;Traitable;Non ;Non;;;;Dépister les filles en âge de procréation
25;Masculin;Sud kivu;celibataire ;5;Universite de kindu ;OUI;Mes cours a l' universite \ Formation médicale Médias (TV, radio, internet);1;1;0;0;0;0;;Une prolifération incontrôlée de cellules anormales;0;1;0;0;0;; Leucémie    cancer du sein  cancer de l'uterus  cancer de poumons  Cancer de la prostate ;0;1;0;1;0;0;1;0;1;1;0;0;0;;Tabagiste  Consomation d'alocool  Infections (e.g., HPV, hépatite B/C) Facteurs génétiques / Héréditaires Vieillissement ( age );1;1;0;0;1;0;1;1;0;0;0;0;;Faux ;VRAI;Vrai ;Faux ;VRAI;Faux ;VRAI;VRAI;Dépistage régulier (e.g., mammographie, frottis cervical) Arrêt du tabac Évitement des expositions environnementales Examen genetiques pour les familles a risque;0;1;1;0;1;1;0;0;;Filles avant le début de la vie sexuelle;VRAI;si detecte et pris en charge au stade precoce ;Chirurgie  Chimiotherapie  Therapie cible  Radiotherapie ;1;1;0;1;1;0;0;0;0;;Soulager la douleur et les autres symptômes (dyspnée, nausées, anxiété);;Diagnostic tardif  Insuffisance de ressources (e.g., équipements, personnel specialise dans sa prise en charge ) Niveau d'education de la population bas ;1;0;1;1;0;0;0;0;0;;Non;Diagnostic tardif, niveau d' éducation de la population, manque spécialistes;Éducation de la population et les dépistage selon les âges à risque1;1;VRAI;Oui , beaucoup;Maladie traitable;Non ;Non;;;;Éducation de la population kivutienne, les dépistages des personnes à risques
26;Masculin;Maniema ;celibataire ;2;Universite de kindu ;OUI;Mes cours a l' universite \ Formation médicale Médias (TV, radio, internet);1;1;0;0;0;0;;Une prolifération incontrôlée de cellules anormales;0;1;0;0;0;; Leucémie    cancer du sein  Lymphome  Meduloblastome  cancer de l'uterus  cancer des ovaires  cancer de poumons  Cancer de la prostate  cancer de la peau ;0;1;0;1;1;1;1;1;1;1;1;0;0;;Tabagiste  Consomation d'alocool  Mauvaise alimentation (e.g., excès de viande rouge, faible en fruits/légumes) Infections (e.g., HPV, hépatite B/C) Exposition à des substances chimiques / Pollution de la nature Facteurs génétiques / Héréditaires Vieillissement ( age );1;1;1;0;1;1;1;1;0;0;0;0;;Faux ;VRAI;Vrai ;VRAI;VRAI;Faux ;Faux ;VRAI;Vaccination (e.g., contre HPV) Dépistage régulier (e.g., mammographie, frottis cervical) Arrêt du tabac Alimentation saine et exercice physique  Évitement des expositions environnementales Examen genetiques pour les familles a risque;1;1;1;1;1;1;0;0;;Filles avant le début de la vie sexuelle;VRAI;si detecte et pris en charge au stade precoce ;Chirurgie  Chimiotherapie  Immunotherapie  Therapie cible  Radiotherapie  traitement paliatif ;1;1;1;1;1;1;0;0;0;;Soulager la douleur et les autres symptômes (dyspnée, nausées, anxiété);;Diagnostic tardif  Manque d'accès aux traitements  Insuffisance de ressources (e.g., équipements, personnel specialise dans sa prise en charge ) Niveau d'education de la population bas  Facteurs socioculturels (e.g., recours à la médecine traditionnelle)    Pauvreté / Manque de moyens financiers  ;1;1;1;1;1;1;0;0;0;;Non;Ignorence de la population, absence de systèmes de santé pour promouvoir le dépistage rapidement et insuffisance de la specialition et d'équipements médicaux pour la prise en charge.;Sensibilisation et dépistage rapidement;3;Je ne sais pas ;Oui , moderement ;Est une maladie traitable si le diagnostic est posé rapidement;Non ;Non;;;;Sensibiliser la population à tous les facteurs des risques qui regorgent la région et à venir faire un dépistage précoce, suivi régulier si la Zone à une forte exposition aux facteurs de risques, formation des acteurs de santé pour la détection de la maladie, renforcer les équipements pour le dépistage et le traitement adéquat de la maladie.
24;Masculin;Maniema ;celibataire ;2;Universite de kindu ;OUI;Mes cours a l' universite \ Formation médicale;1;0;0;0;0;0;;Une prolifération incontrôlée de cellules anormales;0;1;0;0;0;;Cancer colorectal   Leucémie   Retinoblastome   cancer du sein  Lymphome  Meduloblastome  cancer de l'uterus  cancer des ovaires  cancer de poumons  Cancer de la prostate  cancer de la peau ;1;1;1;1;1;1;1;1;1;1;1;0;0;;Tabagiste  Consomation d'alocool  Infections (e.g., HPV, hépatite B/C) Exposition à des substances chimiques / Pollution de la nature;1;1;0;0;1;1;0;0;0;0;0;0;;Faux ;VRAI;Faux ;Faux ;Je ne sais pas ;Faux ;Faux ;VRAI;Dépistage régulier (e.g., mammographie, frottis cervical) Évitement des expositions environnementales Examen genetiques pour les familles a risque;0;1;0;0;1;1;0;0;;Filles avant le début de la vie sexuelle;VRAI;si detecte et pris en charge au stade precoce ;Chirurgie  Chimiotherapie  Radiotherapie  traitement paliatif ;1;1;0;0;1;1;0;0;0;;Soulager la douleur et les autres symptômes (dyspnée, nausées, anxiété);;Diagnostic tardif  Manque d'accès aux traitements  Insuffisance de ressources (e.g., équipements, personnel specialise dans sa prise en charge ) Facteurs socioculturels (e.g., recours à la médecine traditionnelle)    Pauvreté / Manque de moyens financiers  ;1;1;1;0;1;1;0;0;0;;Non;Inaccessible à tous surtout au fond fin des villes;Le dépistage;3;Faux ;Je ne sais pas ;Traitable si dépisté précocement;Non ;Non;;;;Despistage quotidien
26;Feminin ;Maniema ;celibataire ;2;Universite de kindu ;OUI;Mes cours a l' universite \ Formation médicale;1;0;0;0;0;0;;Une prolifération incontrôlée de cellules anormales;0;1;0;0;0;;Cancer colorectal   Leucémie   Retinoblastome   cancer du sein  Lymphome  Meduloblastome  cancer de l'uterus  cancer des ovaires  cancer de poumons  Cancer de la prostate  cancer de la peau ;1;1;1;1;1;1;1;1;1;1;1;0;0;;Infections (e.g., HPV, hépatite B/C);0;0;0;0;1;0;0;0;0;0;0;0;;Faux ;VRAI;Vrai ;VRAI;Je ne sais pas ;Faux ;Faux ;Je ne sais pas ;Vaccination (e.g., contre HPV) Dépistage régulier (e.g., mammographie, frottis cervical);1;1;0;0;0;0;0;0;;Filles avant le début de la vie sexuelle;VRAI;si detecte et pris en charge au stade precoce ;Chimiotherapie  traitement paliatif ;0;1;0;0;0;1;0;0;0;;Remplacer systématiquement les traitements curatifs;;Diagnostic tardif ;1;0;0;0;0;0;0;0;0;;Oui;;Dépistage et prise en charge;1;VRAI;Oui , moderement ;Traitable;Non ;Non;;;;Se prévenir contre le HPV
27;Masculin;Maniema ;celibataire ;2;Universite de kindu ;OUI;Mes cours a l' universite \ Formation médicale;1;0;0;0;0;0;;Une prolifération incontrôlée de cellules anormales;0;1;0;0;0;;Cancer colorectal   Leucémie   Retinoblastome   cancer du sein  Lymphome  Meduloblastome  cancer de l'uterus  cancer des ovaires  cancer de poumons  Cancer de la prostate  cancer de la peau ;1;1;1;1;1;1;1;1;1;1;1;0;0;;Exposition à des substances chimiques / Pollution de la nature Facteurs génétiques / Héréditaires;0;0;0;0;0;1;1;0;0;0;0;0;;Faux ;VRAI;Vrai ;VRAI;VRAI;Faux ;Faux ;VRAI;Dépistage régulier (e.g., mammographie, frottis cervical);0;1;0;0;0;0;0;0;;Filles avant le début de la vie sexuelle;VRAI;si detecte et pris en charge au stade precoce ;Chirurgie ;1;0;0;0;0;0;0;0;0;;Soulager la douleur et les autres symptômes (dyspnée, nausées, anxiété);;Niveau d'education de la population bas ;0;0;0;1;0;0;0;0;0;;Oui;;Éducation de la société;1;VRAI;Oui , beaucoup;Traitable;Non ;Oui;autre ;;;Dépistage volontaire
28;Masculin;Maniema ;celibataire ;3;Universite de kindu ;OUI;Mes cours a l' universite \ Formation médicale Médias (TV, radio, internet) Littérature scientifique / Livres ;1;1;0;1;0;0;;Une prolifération incontrôlée de cellules anormales;0;1;0;0;0;;Cancer colorectal   Leucémie   Retinoblastome   cancer du sein  Lymphome  Meduloblastome  cancer de l'uterus  cancer des ovaires  cancer de poumons  Cancer de la prostate  cancer de la peau ;1;1;1;1;1;1;1;1;1;1;1;0;0;;Tabagiste  Consomation d'alocool  Infections (e.g., HPV, hépatite B/C) Exposition à des substances chimiques / Pollution de la nature Facteurs génétiques / Héréditaires;1;1;0;0;1;1;1;0;0;0;0;0;;Faux ;VRAI;Vrai ;VRAI;Je ne sais pas ;VRAI;Faux ;VRAI;Dépistage régulier (e.g., mammographie, frottis cervical) Arrêt du tabac Évitement des expositions environnementales Examen genetiques pour les familles a risque;0;1;1;0;1;1;0;0;;Filles avant le début de la vie sexuelle;VRAI;si detecte et pris en charge au stade precoce ;Chimiotherapie  Immunotherapie  Therapie cible  Radiotherapie ;0;1;1;1;1;0;0;0;0;;Soulager la douleur et les autres symptômes (dyspnée, nausées, anxiété);;Diagnostic tardif  Insuffisance de ressources (e.g., équipements, personnel specialise dans sa prise en charge ) Niveau d'education de la population bas  Facteurs socioculturels (e.g., recours à la médecine traditionnelle)   ;1;0;1;1;1;0;0;0;0;;Non;Manque d'information, diagnostic tardif et pas d'équipements appropriés;Sensibilisation pour un diagnostic précoce;3;Faux ;Oui , beaucoup;Maladie traitable;Non ;Non;;;;Améliorer le plateau clinique pour un bon diagnostic et une bonne prise en charge
27;Masculin;Autre province ;celibataire ;19;Universite de kindu ;OUI;Mes cours a l' universite \ Formation médicale Littérature scientifique / Livres  Expérience clinique  durant mon  Stages;1;0;0;1;1;0;;Une prolifération incontrôlée de cellules anormales;0;1;0;0;0;;Cancer colorectal   Leucémie    cancer du sein  Lymphome  cancer de l'uterus  cancer des ovaires  cancer de poumons  Cancer de la prostate  cancer de la peau ;1;1;0;1;1;0;1;1;1;1;1;0;0;;Tabagiste  Infections (e.g., HPV, hépatite B/C) Exposition à des substances chimiques / Pollution de la nature Facteurs génétiques / Héréditaires;1;0;0;0;1;1;1;0;0;0;0;0;;Faux ;VRAI;Faux ;VRAI;Je ne sais pas ;Faux ;VRAI;VRAI;Vaccination (e.g., contre HPV) Dépistage régulier (e.g., mammographie, frottis cervical) Arrêt du tabac Alimentation saine et exercice physique  Évitement des expositions environnementales Examen genetiques pour les familles a risque;1;1;1;1;1;1;0;0;;Filles avant le début de la vie sexuelle;VRAI;si detecte et pris en charge au stade precoce ;Chirurgie  Chimiotherapie  Therapie cible  Radiotherapie  traitement paliatif ;1;1;0;1;1;1;0;0;0;;Soulager la douleur et les autres symptômes (dyspnée, nausées, anxiété);;Diagnostic tardif  Insuffisance de ressources (e.g., équipements, personnel specialise dans sa prise en charge ) Niveau d'education de la population bas  Facteurs socioculturels (e.g., recours à la médecine traditionnelle)    Pauvreté / Manque de moyens financiers  ;1;0;1;1;1;1;0;0;0;;Non;Insuffisance de plateau technique dans plusieurs provinces qui constituent la RDC et la sous qualification des personnels à cette matière;Dépistage plutôt possible;5;VRAI;Oui , beaucoup;C'est une maladie qui aurait plutôt de lieu avec les mœurs et les habitudes alimentaires occidentales acculturées chez nous;Non ;Non;;;;Encourager le dépistage précoce,accorder des bourses en oncologie pour améliorer la qualité de la prise en charge
26;Feminin ;Sud kivu;celibataire ;11;Universite GOMA ;OUI;Mes cours a l' universite \ Formation médicale;1;0;0;0;0;0;;Une prolifération incontrôlée de cellules anormales;0;1;0;0;0;;cancer de l'uterus  cancer des ovaires  cancer de poumons  Cancer de la prostate ;0;0;0;0;0;0;1;1;1;1;0;0;0;;Mauvaise alimentation (e.g., excès de viande rouge, faible en fruits/légumes) Exposition à des substances chimiques / Pollution de la nature;0;0;1;0;0;1;0;0;0;0;0;0;;Faux ;VRAI;Faux ;VRAI;VRAI;Faux ;VRAI;VRAI;Vaccination (e.g., contre HPV) Dépistage régulier (e.g., mammographie, frottis cervical) Arrêt du tabac Alimentation saine et exercice physique  Évitement des expositions environnementales;1;1;1;1;1;0;0;0;;Patients avec un cancer cervical ou autre type ;VRAI;si pris en charge dans un centre specialise de cancerologie ;Chirurgie  Chimiotherapie  Therapie cible ;1;1;0;1;0;0;0;0;0;;Soulager la douleur et les autres symptômes (dyspnée, nausées, anxiété);;Diagnostic tardif  Manque d'accès aux traitements  Insuffisance de ressources (e.g., équipements, personnel specialise dans sa prise en charge ) Niveau d'education de la population bas  Facteurs socioculturels (e.g., recours à la médecine traditionnelle)    Pauvreté / Manque de moyens financiers  ;1;1;1;1;1;1;0;0;0;;Non;Pauvreté;Manger sainement;1;VRAI;Oui , beaucoup;Traitable;Non ;Non;;;;Despistage précoce
26;Masculin;Autre province ;celibataire ;2;Universite de kindu ;OUI;Mes cours a l' universite \ Formation médicale;1;0;0;0;0;0;;Une prolifération incontrôlée de cellules anormales;0;1;0;0;0;; cancer du sein ;0;0;0;1;0;0;0;0;0;0;0;0;0;;Tabagiste  Consomation d'alocool ;1;1;0;0;0;0;0;0;0;0;0;0;;Faux ;VRAI;Vrai ;VRAI;VRAI;Faux ;Faux ;VRAI;Dépistage régulier (e.g., mammographie, frottis cervical);0;1;0;0;0;0;0;0;;Filles avant le début de la vie sexuelle;VRAI;si detecte et pris en charge au stade precoce ;Chimiotherapie ;0;1;0;0;0;0;0;0;0;;Être intégrés précocement dans la prise en charge des cancers avancés;;Diagnostic tardif ;1;0;0;0;0;0;0;0;0;;Oui;;Dépistage volontaire précoce;3;VRAI;Oui , moderement ;Traitable;Non ;Non;;;;Sensibilisation, dépistage volontaire et la vaccination
26;Masculin;Maniema ;celibataire ;2;Universite de kindu ;OUI;Mes cours a l' universite \ Formation médicale;1;0;0;0;0;0;;Une prolifération incontrôlée de cellules anormales;0;1;0;0;0;; cancer du sein ;0;0;0;1;0;0;0;0;0;0;0;0;0;;Tabagiste ;1;0;0;0;0;0;0;0;0;0;0;0;;Faux ;VRAI;Vrai ;VRAI;Faux ;Faux ;VRAI;VRAI;Vaccination (e.g., contre HPV) Dépistage régulier (e.g., mammographie, frottis cervical) Arrêt du tabac Examen genetiques pour les familles a risque;1;1;1;0;0;1;0;0;;Filles avant le début de la vie sexuelle;VRAI;si detecte et pris en charge au stade precoce ;Chimiotherapie ;0;1;0;0;0;0;0;0;0;;Soulager la douleur et les autres symptômes (dyspnée, nausées, anxiété);;Diagnostic tardif  Manque d'accès aux traitements  Niveau d'education de la population bas  Facteurs socioculturels (e.g., recours à la médecine traditionnelle)    Pauvreté / Manque de moyens financiers  ;1;1;0;1;1;1;0;0;0;;Non;Car les personnes sont ignorants;Dépistage volontaire pour une meilleure prise en charge;3;VRAI;Non ;Une maladie traitable;Non ;Non;;;;Pour améliorer la lutte contre le cancer dans la sous-région du Kivu il est demandé aux gens de faire de ce faire dépister précocement pour une meilleure prise en charge
29;Masculin;Hors pays ;celibataire ;2;Universite de kindu ;OUI;Mes cours a l' universite \ Formation médicale Littérature scientifique / Livres  Autre;1;0;0;1;0;1;Stage au service d'anatomocytopathologie au CHU Yaoundé;Une prolifération incontrôlée de cellules anormales;0;1;0;0;0;;Cancer colorectal   Leucémie   Retinoblastome   cancer du sein  Lymphome  Meduloblastome  cancer de l'uterus  cancer des ovaires  cancer de poumons  Cancer de la prostate  cancer de la peau ;1;1;1;1;1;1;1;1;1;1;1;0;0;;Tabagiste  Infections (e.g., HPV, hépatite B/C) Facteurs génétiques / Héréditaires;1;0;0;0;1;0;1;0;0;0;0;0;;Faux ;VRAI;Faux ;VRAI;Je ne sais pas ;Faux ;Faux ;Je ne sais pas ;Vaccination (e.g., contre HPV) Dépistage régulier (e.g., mammographie, frottis cervical) Arrêt du tabac Examen genetiques pour les familles a risque;1;1;1;0;0;1;0;0;;Filles avant le début de la vie sexuelle;Faux ;;Chirurgie  Chimiotherapie  Immunotherapie  Therapie cible  Radiotherapie  traitement paliatif ;1;1;1;1;1;1;0;0;0;;Soutenir l’accompagnement psychologique et spirituel;;Diagnostic tardif  Manque d'accès aux traitements  Insuffisance de ressources (e.g., équipements, personnel specialise dans sa prise en charge ) Niveau d'education de la population bas  Facteurs socioculturels (e.g., recours à la médecine traditionnelle)    Pauvreté / Manque de moyens financiers  ;1;1;1;1;1;1;0;0;0;;Je ne sais pas;;Subvention du dépistage contre les cancers fréquent sur le territoire national;4;Je ne sais pas ;Oui , beaucoup;Traitable;Non ;Non;;;;Subvention du dépistage contre les cancers fréquent dans la sous-région
25;Masculin;Maniema ;celibataire ;13;Universite de kindu ;OUI;Mes cours a l' universite \ Formation médicale Médias (TV, radio, internet) Littérature scientifique / Livres  Expérience clinique  durant mon  Stages;1;1;0;1;1;0;;Une inflammation passagère;0;0;1;0;0;;Retinoblastome   cancer du sein  Lymphome  cancer de l'uterus  cancer de poumons  Cancer de la prostate ;0;0;1;1;1;0;1;0;1;1;0;0;0;;Tabagiste  Consomation d'alocool  Exposition à des substances chimiques / Pollution de la nature;1;1;0;0;0;1;0;0;0;0;0;0;;Faux ;VRAI;Faux ;VRAI;VRAI;Faux ;VRAI;Je ne sais pas ;Vaccination (e.g., contre HPV) Arrêt du tabac Évitement des expositions environnementales;1;0;1;0;1;0;0;0;;Femmes de plus de 50 ans ;VRAI;si detecte et pris en charge au stade precoce ;Chirurgie  Chimiotherapie ;1;1;0;0;0;0;0;0;0;;Soulager la douleur et les autres symptômes (dyspnée, nausées, anxiété);;Diagnostic tardif  Manque d'accès aux traitements ;1;1;0;0;0;0;0;0;0;;Je ne sais pas;;Que les femmes se depistent dès l'âge de 18 ans;5;VRAI;Non ;C'est une maladie traitable;Non ;Non;;;;Le dépistage
25;Masculin;Maniema ;celibataire ;12;Universite de kindu ;OUI;Mes cours a l' universite \ Formation médicale;1;0;0;0;0;0;;Une prolifération incontrôlée de cellules anormales;0;1;0;0;0;;Cancer de la prostate ;0;0;0;0;0;0;0;0;0;1;0;0;0;;Tabagiste ;1;0;0;0;0;0;0;0;0;0;0;0;;VRAI;VRAI;Vrai ;VRAI;VRAI;Faux ;VRAI;VRAI;Vaccination (e.g., contre HPV);1;0;0;0;0;0;0;0;;Filles avant le début de la vie sexuelle;VRAI;si detecte et pris en charge au stade precoce ;Chirurgie  Chimiotherapie  Radiotherapie ;1;1;0;0;1;0;0;0;0;;Soulager la douleur et les autres symptômes (dyspnée, nausées, anxiété);;Diagnostic tardif ;1;0;0;0;0;0;0;0;0;;Oui;;Vaccination et dépistage;3;VRAI;Oui , beaucoup;Traitable;Non ;Non;;;;Le dépistage précoce
26;Masculin;Maniema ;celibataire ;13;Universite de kindu ;OUI;Mes cours a l' universite \ Formation médicale;1;0;0;0;0;0;;Une prolifération incontrôlée de cellules anormales;0;1;0;0;0;;cancer de poumons ;0;0;0;0;0;0;0;0;1;0;0;0;0;;Tabagiste  Consomation d'alocool  Infections (e.g., HPV, hépatite B/C);1;1;0;0;1;0;0;0;0;0;0;0;;Faux ;VRAI;Vrai ;VRAI;VRAI;Faux ;Faux ;VRAI;Vaccination (e.g., contre HPV) Dépistage régulier (e.g., mammographie, frottis cervical) Arrêt du tabac;1;1;1;0;0;0;0;0;;Filles avant le début de la vie sexuelle;VRAI;si detecte et pris en charge au stade precoce ;Chirurgie  Chimiotherapie  Radiotherapie  traitement paliatif ;1;1;0;0;1;1;0;0;0;;Soulager la douleur et les autres symptômes (dyspnée, nausées, anxiété);;Diagnostic tardif ;1;0;0;0;0;0;0;0;0;;Non;La découverte tardive du diagnostic, peu de centre hospitalier pour la prise en charge adéquat, manque de laboratoire d'anapath dans beaucoup de régions du pays, peu d'experts en cancérologie;Se dépister précocement, arrêt de tabac et alcool, éviter tout le facteurs de risques;3;VRAI;Oui , beaucoup;Traitable;Non ;Non;;;;Dépistage personnel arrêt ou réduire carrément la prise de substances cancérigène
26;Masculin;Maniema ;celibataire ;11;Universite de kindu ;OUI;Mes cours a l' universite \ Formation médicale;1;0;0;0;0;0;;Une prolifération incontrôlée de cellules anormales;0;1;0;0;0;;Cancer colorectal   Leucémie    cancer du sein  Lymphome  cancer de l'uterus  cancer des ovaires  cancer de poumons  Cancer de la prostate  cancer de la peau ;1;1;0;1;1;0;1;1;1;1;1;0;0;;Tabagiste  Exposition à des substances chimiques / Pollution de la nature Facteurs génétiques / Héréditaires;1;0;0;0;0;1;1;0;0;0;0;0;;Faux ;VRAI;Faux ;VRAI;Faux ;Faux ;VRAI;Je ne sais pas ;Vaccination (e.g., contre HPV) Dépistage régulier (e.g., mammographie, frottis cervical) Arrêt du tabac Alimentation saine et exercice physique  Évitement des expositions environnementales Examen genetiques pour les familles a risque;1;1;1;1;1;1;0;0;;Filles avant le début de la vie sexuelle;VRAI;si detecte et pris en charge au stade precoce ;Chirurgie  Chimiotherapie  Immunotherapie  Therapie cible  Radiotherapie  traitement paliatif ;1;1;1;1;1;1;0;0;0;;Soulager la douleur et les autres symptômes (dyspnée, nausées, anxiété);;Diagnostic tardif  Manque d'accès aux traitements  Insuffisance de ressources (e.g., équipements, personnel specialise dans sa prise en charge ) Niveau d'education de la population bas  Facteurs socioculturels (e.g., recours à la médecine traditionnelle)    Pauvreté / Manque de moyens financiers  ;1;1;1;1;1;1;0;0;0;;Je ne sais pas;;Tout doit partir à l'éducation de la population;5;VRAI;Oui , beaucoup;Traitable;Non ;Non;;;;Je reprends tout doit partir à l'information de la population
28;Masculin;Hors pays ;celibataire ;12;Universite de kindu ;OUI;Mes cours a l' universite \ Formation médicale Médias (TV, radio, internet) Littérature scientifique / Livres  Expérience clinique  durant mon  Stages;1;1;0;1;1;0;;Une prolifération incontrôlée de cellules anormales;0;1;0;0;0;;Cancer colorectal   Leucémie    cancer du sein  Lymphome  cancer de l'uterus  cancer des ovaires  cancer de poumons  Cancer de la prostate  cancer de la peau ;1;1;0;1;1;0;1;1;1;1;1;0;0;;Tabagiste  Infections (e.g., HPV, hépatite B/C) Exposition à des substances chimiques / Pollution de la nature Facteurs génétiques / Héréditaires;1;0;0;0;1;1;1;0;0;0;0;0;;Faux ;VRAI;Faux ;VRAI;Je ne sais pas ;Faux ;Faux ;VRAI;Vaccination (e.g., contre HPV) Dépistage régulier (e.g., mammographie, frottis cervical) Arrêt du tabac Examen genetiques pour les familles a risque;1;1;1;0;0;1;0;0;;Filles avant le début de la vie sexuelle;Faux ;;Chirurgie  Chimiotherapie  Therapie cible  Radiotherapie  traitement paliatif ;1;1;0;1;1;1;0;0;0;;Soulager la douleur et les autres symptômes (dyspnée, nausées, anxiété);;Diagnostic tardif  Niveau d'education de la population bas  Facteurs socioculturels (e.g., recours à la médecine traditionnelle)    Pauvreté / Manque de moyens financiers  ;1;0;0;1;1;1;0;0;0;;Oui;;L'éducation de la population dans les zones les plus reculés,pas seulement sur le cancer du sein mais sur d'autres cancers également. Et rendre également accessible les soins appropriés;3;Je ne sais pas ;Oui , moderement ;C'est une affection que l'on peut prévenir pour certains types de cancer;Non ;Non;;;;J'ai déjà proposé dans le dernier point de la section 2 du questionnaire
29;Masculin;Maniema ;celibataire ;12;Universite de kindu ;OUI;Mes cours a l' universite \ Formation médicale;1;0;0;0;0;0;;Une prolifération incontrôlée de cellules anormales;0;1;0;0;0;;Lymphome ;0;0;0;0;1;0;0;0;0;0;0;0;0;;je ne sais pas ;0;0;0;0;0;0;0;0;0;0;1;0;;VRAI;VRAI;Je ne sais pas ;Faux ;VRAI;Faux ;Faux ;Je ne sais pas ;Évitement des expositions environnementales;0;0;0;0;1;0;0;0;;Femmes de plus de 50 ans ;VRAI;si detecte et pris en charge au stade precoce ;Chimiotherapie ;0;1;0;0;0;0;0;0;0;;Soulager la douleur et les autres symptômes (dyspnée, nausées, anxiété);;Diagnostic tardif ;1;0;0;0;0;0;0;0;0;;Oui;;Chimiothérapie;5;VRAI;Non ;Traitable;Non ;Non;;;;Je ne sais pas
25;Masculin;Maniema ;celibataire ;16;Universite de kindu ;OUI;Mes cours a l' universite \ Formation médicale;1;0;0;0;0;0;;Une prolifération incontrôlée de cellules anormales;0;1;0;0;0;; Leucémie    cancer du sein  cancer de l'uterus  cancer des ovaires  Cancer de la prostate  cancer de la peau ;0;1;0;1;0;0;1;1;0;1;1;0;0;;Tabagiste  Consomation d'alocool  Mauvaise alimentation (e.g., excès de viande rouge, faible en fruits/légumes) Infections (e.g., HPV, hépatite B/C) Exposition à des substances chimiques / Pollution de la nature Facteurs génétiques / Héréditaires Vieillissement ( age );1;1;1;0;1;1;1;1;0;0;0;0;;Faux ;VRAI;Faux ;VRAI;VRAI;Faux ;Faux ;VRAI;Vaccination (e.g., contre HPV) Dépistage régulier (e.g., mammographie, frottis cervical) Examen genetiques pour les familles a risque;1;1;0;0;0;1;0;0;;Filles avant le début de la vie sexuelle;VRAI;si detecte et pris en charge au stade precoce ;Chirurgie  Chimiotherapie  Immunotherapie  Therapie cible  Radiotherapie  traitement paliatif ;1;1;1;1;1;1;0;0;0;;Soulager la douleur et les autres symptômes (dyspnée, nausées, anxiété);;Insuffisance de ressources (e.g., équipements, personnel specialise dans sa prise en charge ) Niveau d'education de la population bas ;0;0;1;1;0;0;0;0;0;;Oui;;Réduction des facteurs de risques , vaccination, sensibilisé la population, instauré un système de santé publique contre les cancers;5;VRAI;Oui , beaucoup;Traitable;Non ;Non;;;;Améliorer les compétences locales, miser sur la prévention et le dépistage précoce, décentraliser les services de diagnostic
25;Feminin ;Sud kivu;celibataire ;7;Universite Evangelique en Afrique ;OUI;Mes cours a l' universite \ Formation médicale;1;0;0;0;0;0;;Une prolifération incontrôlée de cellules anormales;0;1;0;0;0;;Cancer colorectal   Leucémie   Retinoblastome   cancer du sein  Lymphome  Meduloblastome  cancer de l'uterus  cancer des ovaires  cancer de poumons  Cancer de la prostate  cancer de la peau ;1;1;1;1;1;1;1;1;1;1;1;0;0;;Tabagiste  Facteurs génétiques / Héréditaires;1;0;0;0;0;0;1;0;0;0;0;0;;Faux ;VRAI;Faux ;Faux ;Faux ;Faux ;Faux ;VRAI;Dépistage régulier (e.g., mammographie, frottis cervical) Arrêt du tabac Examen genetiques pour les familles a risque;0;1;1;0;0;1;0;0;;Filles avant le début de la vie sexuelle;VRAI;si detecte et pris en charge au stade precoce ;Chirurgie  Chimiotherapie  Radiotherapie ;1;1;0;0;1;0;0;0;0;;Améliorer la qualité de vie du patient et de sa famille;;Diagnostic tardif ;1;0;0;0;0;0;0;0;0;;Non;Manque d’information sur les mesures de prévention;Dépistage régulier;5;VRAI;Oui , moderement ;Traitable;Non ;Non;;;;Mettre à la porté des populations les moyens de dépistage
26;Masculin;Sud kivu;celibataire ;7;Universite Evangelique en Afrique ;OUI;Mes cours a l' universite \ Formation médicale Littérature scientifique / Livres  Expérience clinique  durant mon  Stages;1;0;0;1;1;0;;Une prolifération incontrôlée de cellules anormales;0;1;0;0;0;;Cancer colorectal   Leucémie    cancer du sein ;1;1;0;1;0;0;0;0;0;0;0;0;0;;Tabagiste  Consomation d'alocool  Infections (e.g., HPV, hépatite B/C) Exposition à des substances chimiques / Pollution de la nature Facteurs génétiques / Héréditaires;1;1;0;0;1;1;1;0;0;0;0;0;;Faux ;VRAI;Vrai ;VRAI;Je ne sais pas ;VRAI;Faux ;VRAI;Vaccination (e.g., contre HPV) Dépistage régulier (e.g., mammographie, frottis cervical) Arrêt du tabac Évitement des expositions environnementales Examen genetiques pour les familles a risque;1;1;1;0;1;1;0;0;;Filles avant le début de la vie sexuelle;VRAI;si detecte et pris en charge au stade precoce ;Chirurgie  Chimiotherapie  Radiotherapie  traitement paliatif ;1;1;0;0;1;1;0;0;0;;Soulager la douleur et les autres symptômes (dyspnée, nausées, anxiété);;Diagnostic tardif  Manque d'accès aux traitements  Insuffisance de ressources (e.g., équipements, personnel specialise dans sa prise en charge ) Niveau d'education de la population bas  Facteurs socioculturels (e.g., recours à la médecine traditionnelle)    Pauvreté / Manque de moyens financiers  ;1;1;1;1;1;1;0;0;0;;Non;Insuffisance du personnel médical, matériels médicaux et population non informée;Éducation communautaire;4;Faux ;Oui , beaucoup;C'est une maladie pouvant être traitable ou pas;Non ;Non;;;;Éducation physique, équiper les hôpitaux par le personnel et les matériels nécessaires
25;Masculin;Maniema ;celibataire ;2;Universite de kindu ;OUI;Mes cours a l' universite \ Formation médicale;1;0;0;0;0;0;;Une prolifération incontrôlée de cellules anormales;0;1;0;0;0;; Leucémie   Retinoblastome   cancer du sein  Lymphome  cancer de l'uterus  cancer des ovaires  cancer de poumons  Cancer de la prostate  cancer de la peau ;0;1;1;1;1;0;1;1;1;1;1;0;0;;Tabagiste  Consomation d'alocool  Mauvaise alimentation (e.g., excès de viande rouge, faible en fruits/légumes) Infections (e.g., HPV, hépatite B/C) Vieillissement ( age );1;1;1;0;1;0;0;1;0;0;0;0;;Faux ;VRAI;Faux ;VRAI;Faux ;Faux ;Faux ;VRAI;Vaccination (e.g., contre HPV) Dépistage régulier (e.g., mammographie, frottis cervical) Arrêt du tabac Examen genetiques pour les familles a risque;1;1;1;0;0;1;0;0;;Filles avant le début de la vie sexuelle;Faux ;;Chirurgie  Chimiotherapie  Therapie cible ;1;1;0;1;0;0;0;0;0;;Soulager la douleur et les autres symptômes (dyspnée, nausées, anxiété);;Diagnostic tardif  Insuffisance de ressources (e.g., équipements, personnel specialise dans sa prise en charge ) Niveau d'education de la population bas ;1;0;1;1;0;0;0;0;0;;Oui;;Mesure prioritaire est de se faire dépister à temps;3;VRAI;Oui , moderement ;Traitable;Non ;Oui;arriere grand parent ;;;L'intervention de L'OMS
24;Masculin;Maniema ;celibataire ;2;Universite de kindu ;OUI;Mes cours a l' universite \ Formation médicale Médias (TV, radio, internet) Littérature scientifique / Livres ;1;1;0;1;0;0;;Une prolifération incontrôlée de cellules anormales;0;1;0;0;0;;Cancer colorectal   Leucémie   Retinoblastome   cancer du sein  Lymphome  Meduloblastome  cancer de l'uterus  cancer des ovaires  cancer de poumons  Cancer de la prostate  cancer de la peau ;1;1;1;1;1;1;1;1;1;1;1;0;0;;Tabagiste  Consomation d'alocool  Infections (e.g., HPV, hépatite B/C) Exposition à des substances chimiques / Pollution de la nature Facteurs génétiques / Héréditaires Vieillissement ( age );1;1;0;0;1;1;1;1;0;0;0;0;;Faux ;VRAI;Vrai ;VRAI;Faux ;Faux ;VRAI;VRAI;Vaccination (e.g., contre HPV) Dépistage régulier (e.g., mammographie, frottis cervical) Arrêt du tabac Alimentation saine et exercice physique  Évitement des expositions environnementales Examen genetiques pour les familles a risque;1;1;1;1;1;1;0;0;;Filles avant le début de la vie sexuelle;VRAI;si detecte et pris en charge au stade precoce ;Chirurgie  Chimiotherapie  Immunotherapie  Therapie cible  Radiotherapie ;1;1;1;1;1;0;0;0;0;;Soulager la douleur et les autres symptômes (dyspnée, nausées, anxiété);;Diagnostic tardif  Manque d'accès aux traitements  Insuffisance de ressources (e.g., équipements, personnel specialise dans sa prise en charge ) Niveau d'education de la population bas  Facteurs socioculturels (e.g., recours à la médecine traditionnelle)    Pauvreté / Manque de moyens financiers  ;1;1;1;1;1;1;0;0;0;;Non;Parcequ’il existe encore un taux de mortalité élévé dû à certains cancers (ex. du sein, du col…);"Disponibilisé les outils de dépistage et s’assurer que la population concernée à été depisté, donc celà doit être gratuit et accessible à tous; informé et éduqué la communauté sur les conséquences des cancers;";5;VRAI;Oui , beaucoup;Traitable;Non ;Non;;;;"Éduqué et informé la population; renforcer le dépistage pour permettre le diagnostic des cancers au stade précoce; l’accesibilité gratuite aux soins"
28;Masculin;Nord kivu;celibataire ;15;Universite catholique de Graben ;OUI;Mes cours a l' universite \ Formation médicale Médias (TV, radio, internet) Famille / Amis Littérature scientifique / Livres  Expérience clinique  durant mon  Stages;1;1;1;1;1;0;;Une prolifération incontrôlée de cellules anormales;0;1;0;0;0;;Cancer colorectal   Leucémie   Retinoblastome   cancer du sein  Lymphome  cancer de l'uterus  cancer des ovaires  cancer de poumons  Cancer de la prostate  cancer de la peau ;1;1;1;1;1;0;1;1;1;1;1;0;0;;Tabagiste  Consomation d'alocool  Infections (e.g., HPV, hépatite B/C);1;1;0;0;1;0;0;0;0;0;0;0;;Faux ;VRAI;Vrai ;VRAI;Je ne sais pas ;Faux ;VRAI;VRAI;Vaccination (e.g., contre HPV) Dépistage régulier (e.g., mammographie, frottis cervical) Arrêt du tabac Alimentation saine et exercice physique  Évitement des expositions environnementales;1;1;1;1;1;0;0;0;;Filles avant le début de la vie sexuelle;VRAI;si detecte et pris en charge au stade precoce ;Chirurgie  Chimiotherapie  Radiotherapie  traitement paliatif ;1;1;0;0;1;1;0;0;0;;Soulager la douleur et les autres symptômes (dyspnée, nausées, anxiété);;Diagnostic tardif  Manque d'accès aux traitements  Niveau d'education de la population bas  Facteurs socioculturels (e.g., recours à la médecine traditionnelle)   ;1;1;0;1;1;0;0;0;0;;Non;Manque d'équipements;Sensibilisation de la population;4;VRAI;Oui , beaucoup;Traitable;Non ;Oui;Grand parents ;;;Sensibilisation de la population, formation des personnels
25;Feminin ;Hors pays ;celibataire ;9;Universite Libre des grand LACS ;OUI;Mes cours a l' universite \ Formation médicale Médias (TV, radio, internet) Expérience clinique  durant mon  Stages;1;1;0;0;1;0;;Une prolifération incontrôlée de cellules anormales;0;1;0;0;0;;Cancer colorectal   Leucémie   Retinoblastome   cancer du sein  Lymphome  Meduloblastome  cancer de l'uterus  cancer des ovaires  cancer de poumons  Cancer de la prostate  cancer de la peau ;1;1;1;1;1;1;1;1;1;1;1;0;0;;Tabagiste  Consomation d'alocool  Infections (e.g., HPV, hépatite B/C) Exposition à des substances chimiques / Pollution de la nature Facteurs génétiques / Héréditaires;1;1;0;0;1;1;1;0;0;0;0;0;;Faux ;VRAI;Faux ;VRAI;Faux ;VRAI;VRAI;VRAI;Vaccination (e.g., contre HPV) Dépistage régulier (e.g., mammographie, frottis cervical) Arrêt du tabac Évitement des expositions environnementales Examen genetiques pour les familles a risque;1;1;1;0;1;1;0;0;;Filles avant le début de la vie sexuelle;Faux ;;Chirurgie  Chimiotherapie  Immunotherapie  Therapie cible  Radiotherapie  traitement paliatif ;1;1;1;1;1;1;0;0;0;;Soutenir l’accompagnement psychologique et spirituel;;Diagnostic tardif  Manque d'accès aux traitements  Insuffisance de ressources (e.g., équipements, personnel specialise dans sa prise en charge ) Niveau d'education de la population bas  Facteurs socioculturels (e.g., recours à la médecine traditionnelle)    Pauvreté / Manque de moyens financiers  ;1;1;1;1;1;1;0;0;0;;Non;La pauvreté , les ressources limitées;Dépistage précoce , éducation de la population;2;VRAI;Oui , beaucoup;Maladie difficile à gérer;Non ;Oui;Grand parents ;;;Dépistage précoce, éducation de la population
26;Feminin ;Sud kivu;celibataire ;9;Universite Libre des grand LACS ;OUI;Mes cours a l' universite \ Formation médicale Littérature scientifique / Livres ;1;0;0;1;0;0;;Une prolifération incontrôlée de cellules anormales;0;1;0;0;0;;Cancer colorectal   Leucémie   Retinoblastome   cancer du sein  Lymphome  cancer de l'uterus  cancer de poumons  Cancer de la prostate ;1;1;1;1;1;0;1;0;1;1;0;0;0;;Tabagiste  Infections (e.g., HPV, hépatite B/C) Facteurs génétiques / Héréditaires;1;0;0;0;1;0;1;0;0;0;0;0;;Faux ;VRAI;Faux ;VRAI;Faux ;Faux ;Faux ;VRAI;Vaccination (e.g., contre HPV) Dépistage régulier (e.g., mammographie, frottis cervical) Évitement des expositions environnementales Examen genetiques pour les familles a risque;1;1;0;0;1;1;0;0;;Filles avant le début de la vie sexuelle;VRAI;si detecte et pris en charge au stade precoce ;Chirurgie  Chimiotherapie  Radiotherapie ;1;1;0;0;1;0;0;0;0;;Soulager la douleur et les autres symptômes (dyspnée, nausées, anxiété);;Pauvreté / Manque de moyens financiers  ;0;0;0;0;0;1;0;0;0;;Non;Manque des équipements;Vaccination;3;VRAI;Oui , moderement ;C'est une maladie;Non ;Non;;;;Campagne de dépistage et de vaccination
29;Masculin;Nord kivu;celibataire ;9;Universite Libre des grand LACS ;OUI;Mes cours a l' universite \ Formation médicale Famille / Amis Littérature scientifique / Livres ;1;0;1;1;0;0;;Une prolifération incontrôlée de cellules anormales;0;1;0;0;0;;Cancer colorectal   Leucémie   Retinoblastome   cancer du sein  cancer de l'uterus  cancer des ovaires  cancer de poumons  Cancer de la prostate  cancer de la peau ;1;1;1;1;0;0;1;1;1;1;1;0;0;;Tabagiste  Consomation d'alocool  Infections (e.g., HPV, hépatite B/C) Exposition à des substances chimiques / Pollution de la nature Vieillissement ( age );1;1;0;0;1;1;0;1;0;0;0;0;;Faux ;VRAI;Vrai ;VRAI;Faux ;VRAI;VRAI;VRAI;Vaccination (e.g., contre HPV) Dépistage régulier (e.g., mammographie, frottis cervical) Arrêt du tabac Alimentation saine et exercice physique ;1;1;1;1;0;0;0;0;;Filles avant le début de la vie sexuelle;VRAI;si detecte et pris en charge au stade precoce ;Chirurgie  Chimiotherapie  Radiotherapie ;1;1;0;0;1;0;0;0;0;;Soulager la douleur et les autres symptômes (dyspnée, nausées, anxiété);;Diagnostic tardif  Insuffisance de ressources (e.g., équipements, personnel specialise dans sa prise en charge ) Niveau d'education de la population bas  Facteurs socioculturels (e.g., recours à la médecine traditionnelle)   ;1;0;1;1;1;0;0;0;0;;Non;Resources très faible;Disponibiliser les resources;3;VRAI;Oui , beaucoup;Traitable;Non ;Non;;;;Dépistage précoce à toute les personnes
28;Masculin;Nord kivu;celibataire ;11;Universite GOMA ;OUI;Mes cours a l' universite \ Formation médicale;1;0;0;0;0;0;;Une prolifération incontrôlée de cellules anormales;0;1;0;0;0;; Leucémie   cancer de l'uterus  cancer des ovaires  cancer de poumons  Cancer de la prostate ;0;1;0;0;0;0;1;1;1;1;0;0;0;;Tabagiste  Mauvaise alimentation (e.g., excès de viande rouge, faible en fruits/légumes) Infections (e.g., HPV, hépatite B/C) Vieillissement ( age );1;0;1;0;1;0;0;1;0;0;0;0;;Je ne sais pas ;VRAI;Vrai ;VRAI;Je ne sais pas ;Je ne sais pas ;Faux ;VRAI;Vaccination (e.g., contre HPV) Dépistage régulier (e.g., mammographie, frottis cervical) Arrêt du tabac;1;1;1;0;0;0;0;0;;Femmes de plus de 50 ans ;VRAI;si detecte et pris en charge au stade precoce ;Chirurgie  Chimiotherapie  Immunotherapie  Therapie cible  traitement paliatif ;1;1;1;1;0;1;0;0;0;;Soutenir l’accompagnement psychologique et spirituel;;Diagnostic tardif  Manque d'accès aux traitements  Niveau d'education de la population bas  Pauvreté / Manque de moyens financiers  ;1;1;0;1;0;1;0;0;0;;Non;Manque de spécialités en cancérologie et le traitement;Dépistage précoce;1;VRAI;Oui , beaucoup;Traitable;Non ;Non;;;;Avoir un centre de cancérologie
27;Masculin;Nord kivu;celibataire ;11;Universite GOMA ;OUI;Mes cours a l' universite \ Formation médicale Expérience clinique  durant mon  Stages;1;0;0;0;1;0;;Une prolifération incontrôlée de cellules anormales;0;1;0;0;0;;Cancer colorectal   Leucémie   Retinoblastome   cancer du sein  Lymphome  Meduloblastome  cancer de l'uterus  cancer des ovaires  cancer de poumons  Cancer de la prostate  cancer de la peau ;1;1;1;1;1;1;1;1;1;1;1;0;0;;Tabagiste  Consomation d'alocool  Infections (e.g., HPV, hépatite B/C) Exposition à des substances chimiques / Pollution de la nature Facteurs génétiques / Héréditaires;1;1;0;0;1;1;1;0;0;0;0;0;;Faux ;VRAI;Vrai ;VRAI;Faux ;Faux ;VRAI;VRAI;Dépistage régulier (e.g., mammographie, frottis cervical) Examen genetiques pour les familles a risque;0;1;0;0;0;1;0;0;;Filles avant le début de la vie sexuelle;VRAI;si detecte et pris en charge au stade precoce ;Chirurgie  Chimiotherapie  Radiotherapie ;1;1;0;0;1;0;0;0;0;;Soulager la douleur et les autres symptômes (dyspnée, nausées, anxiété);;Diagnostic tardif  Insuffisance de ressources (e.g., équipements, personnel specialise dans sa prise en charge ) Niveau d'education de la population bas  Facteurs socioculturels (e.g., recours à la médecine traditionnelle)    Pauvreté / Manque de moyens financiers  ;1;0;1;1;1;1;0;0;0;;Non;Sensibilisation insuffisante et manque d'équipements;Manque d'équipements;1;VRAI;Oui , beaucoup;Maladie traitable;Non ;Non;;;;Sensibilisation et disposition d'équipements nécessaire pour la prise en charge et dépistage précoce
29;Masculin;Maniema ;celibataire ;14;Universite de kindu ;OUI;Mes cours a l' universite \ Formation médicale;1;0;0;0;0;0;;Une prolifération incontrôlée de cellules anormales;0;1;0;0;0;; cancer du sein ;0;0;0;1;0;0;0;0;0;0;0;0;0;;Facteurs génétiques / Héréditaires;0;0;0;0;0;0;1;0;0;0;0;0;;Faux ;VRAI;Faux ;Faux ;Faux ;Faux ;Faux ;VRAI;Dépistage régulier (e.g., mammographie, frottis cervical);0;1;0;0;0;0;0;0;;Hommes âgés uniquement;VRAI;si detecte et pris en charge au stade precoce ;Chimiotherapie ;0;1;0;0;0;0;0;0;0;;Améliorer la qualité de vie du patient et de sa famille;;Diagnostic tardif ;1;0;0;0;0;0;0;0;0;;Oui;;Mesures préventives;5;VRAI;Oui , moderement ;Maladie traitable;Non ;Non;;;;La solution est d'être dépister précoce et traité précocement
25;Masculin;Sud kivu;celibataire ;7;Universite Evangelique en Afrique ;OUI;Mes cours a l' universite \ Formation médicale;1;0;0;0;0;0;;Une prolifération incontrôlée de cellules anormales;0;1;0;0;0;;Cancer colorectal   Leucémie   Retinoblastome   cancer du sein  Lymphome  cancer de l'uterus  cancer des ovaires  cancer de poumons  Cancer de la prostate  cancer de la peau ;1;1;1;1;1;0;1;1;1;1;1;0;0;;Tabagiste  Consomation d'alocool  Infections (e.g., HPV, hépatite B/C) Exposition à des substances chimiques / Pollution de la nature Facteurs génétiques / Héréditaires;1;1;0;0;1;1;1;0;0;0;0;0;;Faux ;VRAI;Je ne sais pas ;Je ne sais pas ;Je ne sais pas ;Faux ;VRAI;Je ne sais pas ;Dépistage régulier (e.g., mammographie, frottis cervical) Arrêt du tabac Alimentation saine et exercice physique  Évitement des expositions environnementales Examen genetiques pour les familles a risque;0;1;1;1;1;1;0;0;;Filles avant le début de la vie sexuelle;VRAI;si detecte et pris en charge au stade precoce ;Chirurgie  Chimiotherapie  Radiotherapie ;1;1;0;0;1;0;0;0;0;;Être intégrés précocement dans la prise en charge des cancers avancés;;Diagnostic tardif  Insuffisance de ressources (e.g., équipements, personnel specialise dans sa prise en charge ) Niveau d'education de la population bas  Facteurs socioculturels (e.g., recours à la médecine traditionnelle)    Pauvreté / Manque de moyens financiers  ;1;0;1;1;1;1;0;0;0;;Oui;;Dépistage précoce ,instruire la population;3;VRAI;Oui , moderement ;Traitabble;Non ;Oui;Grand parents ;;;Créer un département professionnel dans toutes les structures sanitaires pour gérer uniquement ce cas précis
25;Masculin;Nord kivu;celibataire ;11;Universite GOMA ;OUI;Mes cours a l' universite \ Formation médicale;1;0;0;0;0;0;;Une prolifération incontrôlée de cellules anormales;0;1;0;0;0;; Leucémie  ;0;1;0;0;0;0;0;0;0;0;0;0;0;;Tabagiste ;1;0;0;0;0;0;0;0;0;0;0;0;;Faux ;VRAI;Vrai ;Faux ;Je ne sais pas ;Faux ;Faux ;VRAI;Dépistage régulier (e.g., mammographie, frottis cervical) Arrêt du tabac Alimentation saine et exercice physique  Examen genetiques pour les familles a risque;0;1;1;1;0;1;0;0;;Filles avant le début de la vie sexuelle;VRAI;si detecte et pris en charge au stade precoce ;Chirurgie  Chimiotherapie  Therapie cible  Radiotherapie  traitement paliatif ;1;1;0;1;1;1;0;0;0;;Soutenir l’accompagnement psychologique et spirituel;;Insuffisance de ressources (e.g., équipements, personnel specialise dans sa prise en charge ) Niveau d'education de la population bas  Pauvreté / Manque de moyens financiers  ;0;0;1;1;0;1;0;0;0;;Oui;;Diagnostic précoce;1;VRAI;Oui , moderement ;Traitable;Non ;Non;;;;Sensibilisation et diagnostic précoce
27;Masculin;Nord kivu;celibataire ;11;Universite GOMA ;OUI;Mes cours a l' universite \ Formation médicale Littérature scientifique / Livres  Expérience clinique  durant mon  Stages;1;0;0;1;1;0;;Une prolifération incontrôlée de cellules anormales;0;1;0;0;0;;Cancer colorectal   Leucémie   Retinoblastome   cancer du sein  Lymphome  cancer de l'uterus  cancer des ovaires  cancer de poumons  Cancer de la prostate  cancer de la peau  Autre;1;1;1;1;1;0;1;1;1;1;1;0;1;Hapato carcinome, Myélome multiple des os, Rabdomyosarcome, osteosarcome, mesotelium malin;Tabagiste  Consomation d'alocool  Mauvaise alimentation (e.g., excès de viande rouge, faible en fruits/légumes) Infections (e.g., HPV, hépatite B/C) Exposition à des substances chimiques / Pollution de la nature Facteurs génétiques / Héréditaires;1;1;1;0;1;1;1;0;0;0;0;0;;Faux ;VRAI;Vrai ;VRAI;Je ne sais pas ;Faux ;VRAI;VRAI;Vaccination (e.g., contre HPV) Dépistage régulier (e.g., mammographie, frottis cervical) Arrêt du tabac Alimentation saine et exercice physique  Examen genetiques pour les familles a risque;1;1;1;1;0;1;0;0;;Filles avant le début de la vie sexuelle;VRAI;si detecte et pris en charge au stade precoce ;Chirurgie  Chimiotherapie  Immunotherapie  Therapie cible  Radiotherapie  traitement paliatif ;1;1;1;1;1;1;0;0;0;;Soulager la douleur et les autres symptômes (dyspnée, nausées, anxiété);;Diagnostic tardif  Manque d'accès aux traitements  Insuffisance de ressources (e.g., équipements, personnel specialise dans sa prise en charge ) Niveau d'education de la population bas  Facteurs socioculturels (e.g., recours à la médecine traditionnelle)    Pauvreté / Manque de moyens financiers  ;1;1;1;1;1;1;0;0;0;;Non;Absence d'un programme national de lutte contre les cancer, pour moi c'est ça la première raison. Le reste c'est secondaires;Une bonne communication (grâce à un programme national de lutte contre les cancer, comme il en est le cas pour le Paludisme, la tuberculose, etc );3;VRAI;Oui , beaucoup;Maladie d'une gravité extrême dans notre milieu, vue que le diagnostic est ?toujours négatif ?;Non ;Non;;;;Mettre en place une stratégie de communication massive, par exemple vulgariser les notions élémentaire sur les cancer via des émissions radio
28;Masculin;Autre province ;celibataire ;9;Universite Libre des grand LACS ;OUI;Mes cours a l' universite \ Formation médicale Médias (TV, radio, internet) Famille / Amis Littérature scientifique / Livres  Expérience clinique  durant mon  Stages;1;1;1;1;1;0;;Une prolifération incontrôlée de cellules anormales;0;1;0;0;0;;Cancer colorectal   Leucémie   Retinoblastome   cancer du sein  Lymphome  Meduloblastome  cancer de l'uterus  cancer des ovaires  cancer de poumons  Cancer de la prostate  cancer de la peau  Autre;1;1;1;1;1;1;1;1;1;1;1;0;1;Cancer du foie, Cancer de l’estomac, cancer de l’œsophage;Tabagiste  Consomation d'alocool  Infections (e.g., HPV, hépatite B/C) Exposition à des substances chimiques / Pollution de la nature Facteurs génétiques / Héréditaires Vieillissement ( age ) Mythes culturels ( sorcellerie);1;1;0;0;1;1;1;1;1;0;0;0;;Faux ;VRAI;Vrai ;VRAI;VRAI;Faux ;VRAI;VRAI;Vaccination (e.g., contre HPV) Dépistage régulier (e.g., mammographie, frottis cervical) Arrêt du tabac Alimentation saine et exercice physique  Évitement des expositions environnementales Examen genetiques pour les familles a risque;1;1;1;1;1;1;0;0;;Filles avant le début de la vie sexuelle;VRAI;si detecte et pris en charge au stade precoce ;Chirurgie  Chimiotherapie  Immunotherapie  Therapie cible  Radiotherapie  traitement paliatif ;1;1;1;1;1;1;0;0;0;;Soulager la douleur et les autres symptômes (dyspnée, nausées, anxiété);;Diagnostic tardif  Manque d'accès aux traitements  Insuffisance de ressources (e.g., équipements, personnel specialise dans sa prise en charge ) Niveau d'education de la population bas  Facteurs socioculturels (e.g., recours à la médecine traditionnelle)    Pauvreté / Manque de moyens financiers  ;1;1;1;1;1;1;0;0;0;;Je ne sais pas;;Sensibilisation et dépistage;5;Je ne sais pas ;Oui , beaucoup;Maladie traitable;Non ;Non;;;;Sensibilisation, dépistage, créer un centre de cancérologie et ´implication de l’Etat dans ce domaine
26;Feminin ;Sud kivu;celibataire ;10;Universite Libre des grand LACS ;OUI;Mes cours a l' universite \ Formation médicale;1;0;0;0;0;0;;Une prolifération incontrôlée de cellules anormales;0;1;0;0;0;;Cancer colorectal   Leucémie   Retinoblastome   cancer du sein  Lymphome  Meduloblastome  cancer de l'uterus  cancer des ovaires  cancer de poumons  Cancer de la prostate  cancer de la peau ;1;1;1;1;1;1;1;1;1;1;1;0;0;;Tabagiste  Consomation d'alocool  Mauvaise alimentation (e.g., excès de viande rouge, faible en fruits/légumes) Infections (e.g., HPV, hépatite B/C) Exposition à des substances chimiques / Pollution de la nature Facteurs génétiques / Héréditaires;1;1;1;0;1;1;1;0;0;0;0;0;;Faux ;VRAI;Vrai ;VRAI;Je ne sais pas ;Faux ;VRAI;VRAI;Vaccination (e.g., contre HPV) Dépistage régulier (e.g., mammographie, frottis cervical) Arrêt du tabac Alimentation saine et exercice physique  Évitement des expositions environnementales;1;1;1;1;1;0;0;0;;Filles avant le début de la vie sexuelle;VRAI;si detecte et pris en charge au stade precoce ;Chirurgie  Chimiotherapie  Immunotherapie  Therapie cible  Radiotherapie  traitement paliatif ;1;1;1;1;1;1;0;0;0;;Améliorer la qualité de vie du patient et de sa famille;;Diagnostic tardif  Manque d'accès aux traitements  Insuffisance de ressources (e.g., équipements, personnel specialise dans sa prise en charge ) Pauvreté / Manque de moyens financiers  ;1;1;1;0;0;1;0;0;0;;Oui;;Dépistage;5;VRAI;Oui , beaucoup;Maladie traitable;Non ;Non;;;;Sensibilisation et depistage précoce
25;Feminin ;Autre province ;celibataire ;9;Universite Libre des grand LACS ;OUI;Littérature scientifique / Livres ;0;0;0;1;0;0;;Une prolifération incontrôlée de cellules anormales;0;1;0;0;0;;Cancer colorectal   Leucémie   Retinoblastome   cancer du sein  Lymphome  cancer de l'uterus  cancer des ovaires  cancer de poumons  Cancer de la prostate  cancer de la peau ;1;1;1;1;1;0;1;1;1;1;1;0;0;;Tabagiste  Consomation d'alocool  Mauvaise alimentation (e.g., excès de viande rouge, faible en fruits/légumes) Exposition à des substances chimiques / Pollution de la nature Facteurs génétiques / Héréditaires;1;1;1;0;0;1;1;0;0;0;0;0;;Faux ;VRAI;Faux ;VRAI;Je ne sais pas ;Faux ;Je ne sais pas ;VRAI;Vaccination (e.g., contre HPV) Dépistage régulier (e.g., mammographie, frottis cervical) Arrêt du tabac Alimentation saine et exercice physique  Évitement des expositions environnementales Examen genetiques pour les familles a risque;1;1;1;1;1;1;0;0;;Filles avant le début de la vie sexuelle;VRAI;si pris en charge dans un centre specialise de cancerologie ;Chirurgie  Chimiotherapie  Immunotherapie  Therapie cible  Radiotherapie ;1;1;1;1;1;0;0;0;0;;Améliorer la qualité de vie du patient et de sa famille;;Diagnostic tardif  Manque d'accès aux traitements  Insuffisance de ressources (e.g., équipements, personnel specialise dans sa prise en charge ) Facteurs socioculturels (e.g., recours à la médecine traditionnelle)    Pauvreté / Manque de moyens financiers  ;1;1;1;0;1;1;0;0;0;;Non;Ce n’est pas le cas;Le dépistage;2;Je ne sais pas ;Oui , beaucoup;Maudite;Non ;Non;;;;Le dépistage
26;Masculin;Sud kivu;celibataire ;9;Universite Libre des grand LACS ;OUI;Mes cours a l' universite \ Formation médicale Médias (TV, radio, internet) Expérience clinique  durant mon  Stages;1;1;0;0;1;0;;Une prolifération incontrôlée de cellules anormales;0;1;0;0;0;;Cancer colorectal   Leucémie    cancer du sein  Cancer de la prostate ;1;1;0;1;0;0;0;0;0;1;0;0;0;;Tabagiste  Infections (e.g., HPV, hépatite B/C) Exposition à des substances chimiques / Pollution de la nature Facteurs génétiques / Héréditaires;1;0;0;0;1;1;1;0;0;0;0;0;;Faux ;VRAI;Faux ;VRAI;Je ne sais pas ;Faux ;Je ne sais pas ;VRAI;Dépistage régulier (e.g., mammographie, frottis cervical) Arrêt du tabac;0;1;1;0;0;0;0;0;;Filles avant le début de la vie sexuelle;VRAI;si pris en charge dans un centre specialise de cancerologie ;Chirurgie  Chimiotherapie  Radiotherapie ;1;1;0;0;1;0;0;0;0;;Améliorer la qualité de vie du patient et de sa famille;;Diagnostic tardif  Manque d'accès aux traitements  Insuffisance de ressources (e.g., équipements, personnel specialise dans sa prise en charge ) Pauvreté / Manque de moyens financiers  ;1;1;1;0;0;1;0;0;0;;Non;#NOM?;Encourager les campagnes d’information, de dépistage et de vaccination, lutter contre les facteurs prédisposants, …;4;VRAI;Oui , moderement ;Traitable;Non ;Non;;;;Initier des dépistages, lutter contre les facteurs prédisposants, informer la population de la gravité de ce dernier, former les personnels soignants, construire des structures spécialisées dans la prise en charge des cancers
25;Feminin ;Nord kivu;celibataire ;20;Universite catholique de Graben ;OUI;Mes cours a l' universite \ Formation médicale;1;0;0;0;0;0;;Une prolifération incontrôlée de cellules anormales;0;1;0;0;0;; cancer du sein  cancer de poumons ;0;0;0;1;0;0;0;0;1;0;0;0;0;;Tabagiste  Exposition à des substances chimiques / Pollution de la nature;1;0;0;0;0;1;0;0;0;0;0;0;;Faux ;Faux ;Vrai ;Faux ;Je ne sais pas ;Faux ;Faux ;VRAI;Dépistage régulier (e.g., mammographie, frottis cervical) Arrêt du tabac Examen genetiques pour les familles a risque;0;1;1;0;0;1;0;0;;Patients avec un cancer cervical ou autre type ;Faux ;;Chimiotherapie  Immunotherapie  traitement paliatif ;0;1;1;0;0;1;0;0;0;;Soulager la douleur et les autres symptômes (dyspnée, nausées, anxiété);;Diagnostic tardif  Niveau d'education de la population bas  Facteurs socioculturels (e.g., recours à la médecine traditionnelle)   ;1;0;0;1;1;0;0;0;0;;Non;Sous information concernant la maladie;encourager les scan ces de formation concernant la dite maladie;1;VRAI;Oui , beaucoup;Maudite????;Non ;Non;;;;Cfr supra. Encourager les formations de prévention
25;Feminin ;Sud kivu;celibataire ;8;Universite Evangelique en Afrique ;OUI;Mes cours a l' universite \ Formation médicale Médias (TV, radio, internet) Famille / Amis Littérature scientifique / Livres  Expérience clinique  durant mon  Stages;1;1;1;1;1;0;;Une prolifération incontrôlée de cellules anormales;0;1;0;0;0;;Cancer colorectal   Leucémie   Retinoblastome   cancer du sein  Lymphome  cancer de l'uterus  cancer des ovaires  cancer de poumons  Cancer de la prostate  cancer de la peau ;1;1;1;1;1;0;1;1;1;1;1;0;0;;Tabagiste  Infections (e.g., HPV, hépatite B/C) Exposition à des substances chimiques / Pollution de la nature Facteurs génétiques / Héréditaires;1;0;0;0;1;1;1;0;0;0;0;0;;Faux ;VRAI;Faux ;VRAI;VRAI;Faux ;VRAI;VRAI;Vaccination (e.g., contre HPV) Dépistage régulier (e.g., mammographie, frottis cervical) Examen genetiques pour les familles a risque;1;1;0;0;0;1;0;0;;Femmes de plus de 50 ans ;VRAI;si detecte et pris en charge au stade precoce ;Chirurgie  Chimiotherapie ;1;1;0;0;0;0;0;0;0;;Soulager la douleur et les autres symptômes (dyspnée, nausées, anxiété);;Diagnostic tardif  Manque d'accès aux traitements  Insuffisance de ressources (e.g., équipements, personnel specialise dans sa prise en charge ) Niveau d'education de la population bas  Facteurs socioculturels (e.g., recours à la médecine traditionnelle)    Pauvreté / Manque de moyens financiers  ;1;1;1;1;1;1;0;0;0;;Non;Manque d’équipement;Investir dans la santé;3;VRAI;Oui , beaucoup;Maladie traitable;Non ;Non;;;;Organiser des sciences de dépistage
24;Feminin ;Sud kivu;celibataire ;3;Universite catholique de Bukavu ( UCB) ;OUI;Mes cours a l' universite \ Formation médicale;1;0;0;0;0;0;;Une prolifération incontrôlée de cellules anormales;0;1;0;0;0;;Cancer colorectal   Leucémie   Retinoblastome   cancer du sein  Lymphome  Meduloblastome  cancer de l'uterus  cancer des ovaires  cancer de poumons  Cancer de la prostate  cancer de la peau ;1;1;1;1;1;1;1;1;1;1;1;0;0;;Tabagiste  Consomation d'alocool  Mauvaise alimentation (e.g., excès de viande rouge, faible en fruits/légumes) Infections (e.g., HPV, hépatite B/C) Exposition à des substances chimiques / Pollution de la nature Facteurs génétiques / Héréditaires Vieillissement ( age );1;1;1;0;1;1;1;1;0;0;0;0;;Faux ;VRAI;Faux ;VRAI;Je ne sais pas ;Faux ;VRAI;VRAI;Vaccination (e.g., contre HPV) Dépistage régulier (e.g., mammographie, frottis cervical) Arrêt du tabac Alimentation saine et exercice physique  Évitement des expositions environnementales Examen genetiques pour les familles a risque;1;1;1;1;1;1;0;0;;Filles avant le début de la vie sexuelle;VRAI;si detecte et pris en charge au stade precoce ;Chirurgie  Chimiotherapie  Immunotherapie  Therapie cible  Radiotherapie  traitement paliatif ;1;1;1;1;1;1;0;0;0;;Soulager la douleur et les autres symptômes (dyspnée, nausées, anxiété);;Diagnostic tardif ;1;0;0;0;0;0;0;0;0;;Non;Manque de connaissance et d’équipement;Sensibilisation et éducation sanitaire (la prévention primaire);5;VRAI;Oui , beaucoup;C’est une maladie ,est très fréquente dans le contexte de la sédentarité observée chez nous actuellement;Non ;Non;;;;Juste la prévention primaire ,car jusque le plateau technique dans cette lutte est trop faible au kivu .
25;Masculin;Sud kivu;celibataire ;2;Universite catholique de Bukavu ( UCB) ;OUI;Mes cours a l' universite \ Formation médicale;1;0;0;0;0;0;;Une prolifération incontrôlée de cellules anormales;0;1;0;0;0;;Cancer colorectal   Leucémie   Retinoblastome   cancer du sein  Lymphome  Meduloblastome  cancer de l'uterus  cancer des ovaires  cancer de poumons  Cancer de la prostate  cancer de la peau ;1;1;1;1;1;1;1;1;1;1;1;0;0;;Tabagiste  Consomation d'alocool  Exposition à des substances chimiques / Pollution de la nature Facteurs génétiques / Héréditaires;1;1;0;0;0;1;1;0;0;0;0;0;;Faux ;VRAI;Vrai ;Je ne sais pas ;Je ne sais pas ;Faux ;Je ne sais pas ;Je ne sais pas ;Arrêt du tabac Alimentation saine et exercice physique  Évitement des expositions environnementales;0;0;1;1;1;0;0;0;;Filles avant le début de la vie sexuelle;VRAI;si pris en charge dans un centre specialise de cancerologie ;Chirurgie  Chimiotherapie  Radiotherapie ;1;1;0;0;1;0;0;0;0;;Améliorer la qualité de vie du patient et de sa famille;;Diagnostic tardif  Manque d'accès aux traitements  Insuffisance de ressources (e.g., équipements, personnel specialise dans sa prise en charge ) Pauvreté / Manque de moyens financiers  ;1;1;1;0;0;1;0;0;0;;Non;Manque des centres de cancérologie spécialisés, pauvreté;Éviter alcool et tabac;2;VRAI;Je ne sais pas ;Peut être traité;Non ;Non;;;;Approvisionnement aux centres,équipements et personnels de qualité, arrêt l'alcool et tsbacde qualité
26;Feminin ;Sud kivu;celibataire ;2;Universite catholique de Bukavu ( UCB) ;OUI;Mes cours a l' universite \ Formation médicale;1;0;0;0;0;0;;Une prolifération incontrôlée de cellules anormales;0;1;0;0;0;;Cancer colorectal   Leucémie   Retinoblastome   cancer du sein  Lymphome  Meduloblastome  cancer de l'uterus  cancer des ovaires  cancer de poumons  Cancer de la prostate  cancer de la peau ;1;1;1;1;1;1;1;1;1;1;1;0;0;;Facteurs génétiques / Héréditaires;0;0;0;0;0;0;1;0;0;0;0;0;;Faux ;VRAI;Faux ;VRAI;Je ne sais pas ;Faux ;VRAI;VRAI;Vaccination (e.g., contre HPV) Dépistage régulier (e.g., mammographie, frottis cervical) Arrêt du tabac Alimentation saine et exercice physique  Évitement des expositions environnementales Examen genetiques pour les familles a risque;1;1;1;1;1;1;0;0;;Filles avant le début de la vie sexuelle;VRAI;si detecte et pris en charge au stade precoce ;Chirurgie  Chimiotherapie  Immunotherapie  Therapie cible  Radiotherapie ;1;1;1;1;1;0;0;0;0;;Améliorer la qualité de vie du patient et de sa famille;;Diagnostic tardif  Manque d'accès aux traitements  Insuffisance de ressources (e.g., équipements, personnel specialise dans sa prise en charge ) Niveau d'education de la population bas  Facteurs socioculturels (e.g., recours à la médecine traditionnelle)    Pauvreté / Manque de moyens financiers  ;1;1;1;1;1;1;0;0;0;;Non;Ressources limitées;Depistage;1;VRAI;Oui , beaucoup;Traitable si c'est diagnostiquée précocement;Non ;Non;;;;Dépistage, vaccination, sensibiliser la population pour qu'ils sachent: c'est quoi le cancer, factures de risques, moyen préventif, complications.
25;Masculin;Sud kivu;celibataire ;24;Universite catholique de Bukavu ( UCB) ;OUI;Mes cours a l' universite \ Formation médicale Autre;1;0;0;0;0;1;Podcast , .....;Une prolifération incontrôlée de cellules anormales;0;1;0;0;0;;Cancer colorectal   Leucémie   Retinoblastome   cancer du sein  Lymphome  Meduloblastome  cancer de l'uterus  cancer des ovaires  cancer de poumons  Cancer de la prostate  cancer de la peau ;1;1;1;1;1;1;1;1;1;1;1;0;0;;Tabagiste  Mauvaise alimentation (e.g., excès de viande rouge, faible en fruits/légumes) Exposition à des substances chimiques / Pollution de la nature Facteurs génétiques / Héréditaires;1;0;1;0;0;1;1;0;0;0;0;0;;Faux ;VRAI;Faux ;Je ne sais pas ;Je ne sais pas ;Faux ;Faux ;VRAI;Vaccination (e.g., contre HPV) Dépistage régulier (e.g., mammographie, frottis cervical) Arrêt du tabac Évitement des expositions environnementales Examen genetiques pour les familles a risque;1;1;1;0;1;1;0;0;;Filles avant le début de la vie sexuelle;VRAI;si detecte et pris en charge au stade precoce ;Chirurgie  Chimiotherapie  Therapie cible  Radiotherapie ;1;1;0;1;1;0;0;0;0;;Soulager la douleur et les autres symptômes (dyspnée, nausées, anxiété);;Diagnostic tardif  Manque d'accès aux traitements  Insuffisance de ressources (e.g., équipements, personnel specialise dans sa prise en charge ) Niveau d'education de la population bas  Facteurs socioculturels (e.g., recours à la médecine traditionnelle)    Pauvreté / Manque de moyens financiers  ;1;1;1;1;1;1;0;0;0;;Oui;;Plus c'est tôt mieux ça évolue;1;Faux ;Oui , beaucoup;Traitable;Non ;Non;;;;Construction d'un centre de cancérologie
26;Masculin;Sud kivu;celibataire ;3;Universite catholique de Bukavu ( UCB) ;OUI;Mes cours a l' universite \ Formation médicale Littérature scientifique / Livres ;1;0;0;1;0;0;;Une prolifération incontrôlée de cellules anormales;0;1;0;0;0;;Cancer colorectal   Leucémie   Retinoblastome   cancer du sein  Lymphome  Meduloblastome  cancer de l'uterus  cancer des ovaires  cancer de poumons  Cancer de la prostate  cancer de la peau ;1;1;1;1;1;1;1;1;1;1;1;0;0;;Tabagiste  Consomation d'alocool  Infections (e.g., HPV, hépatite B/C) Exposition à des substances chimiques / Pollution de la nature Facteurs génétiques / Héréditaires;1;1;0;0;1;1;1;0;0;0;0;0;;Faux ;VRAI;Faux ;VRAI;VRAI;Faux ;VRAI;VRAI;Vaccination (e.g., contre HPV) Dépistage régulier (e.g., mammographie, frottis cervical) Arrêt du tabac Examen genetiques pour les familles a risque;1;1;1;0;0;1;0;0;;Femmes de plus de 50 ans ;VRAI;si detecte et pris en charge au stade precoce ;Chirurgie  Chimiotherapie  Immunotherapie  Therapie cible  Radiotherapie  traitement paliatif ;1;1;1;1;1;1;0;0;0;;Soulager la douleur et les autres symptômes (dyspnée, nausées, anxiété);;Diagnostic tardif  Manque d'accès aux traitements  Insuffisance de ressources (e.g., équipements, personnel specialise dans sa prise en charge ) Niveau d'education de la population bas  Pauvreté / Manque de moyens financiers  ;1;1;1;1;0;1;0;0;0;;Non;Les raisons évoquées à la question 20;1. Plateau technique adéquat;4;VRAI;Oui , beaucoup;Maladie parmi tant d'autres pouvant être  traitée selon les cas;Oui;Oui;Cousin/cousine;Traitement médical conventionnel (e.g., hôpital) ;Décès  ;Plateau technique
26;Masculin;Sud kivu;celibataire ;9;Universite catholique de Bukavu ( UCB) ;OUI;Mes cours a l' universite \ Formation médicale Médias (TV, radio, internet);1;1;0;0;0;0;;Une prolifération incontrôlée de cellules anormales;0;1;0;0;0;;Cancer colorectal   Leucémie   Retinoblastome   cancer du sein  Lymphome  Meduloblastome  cancer de l'uterus  cancer des ovaires  cancer de poumons  Cancer de la prostate  cancer de la peau ;1;1;1;1;1;1;1;1;1;1;1;0;0;;Tabagiste  Consomation d'alocool  Infections (e.g., HPV, hépatite B/C) Facteurs génétiques / Héréditaires;1;1;0;0;1;0;1;0;0;0;0;0;;Faux ;VRAI;Vrai ;VRAI;VRAI;Faux ;VRAI;VRAI;Vaccination (e.g., contre HPV) Dépistage régulier (e.g., mammographie, frottis cervical) Arrêt du tabac Alimentation saine et exercice physique  Évitement des expositions environnementales Examen genetiques pour les familles a risque;1;1;1;1;1;1;0;0;;Filles avant le début de la vie sexuelle;Faux ;;Chirurgie  Chimiotherapie  Immunotherapie  Therapie cible  Radiotherapie  traitement paliatif  Traitement traditionnel / Herbes ;1;1;1;1;1;1;1;0;0;;Soulager la douleur et les autres symptômes (dyspnée, nausées, anxiété);;Diagnostic tardif  Manque d'accès aux traitements  Insuffisance de ressources (e.g., équipements, personnel specialise dans sa prise en charge ) Niveau d'education de la population bas  Facteurs socioculturels (e.g., recours à la médecine traditionnelle)    Pauvreté / Manque de moyens financiers  ;1;1;1;1;1;1;0;0;0;;Non;Le retard diagnostic, l'équipement de diagnostics et l'absence de personnels qualifié;Une sensibilisation de la population, le gouvernement pour encourager les formations oncologique;5;VRAI;Oui , beaucoup;Traitable;Non ;Non;;;;Faires les sensibilisation pour informé la société de l'existence du cancer, disponibilisé les vaccins nécessaires et à temps , faire des formations des personnels soignants pour une mise à niveau d'oncologie et disponibilisé les matériel diagnostic
29;Masculin;Sud kivu;Marié;4;Universite catholique de Bukavu ( UCB) ;OUI;Mes cours a l' universite \ Formation médicale Littérature scientifique / Livres  Expérience clinique  durant mon  Stages;1;0;0;1;1;0;;Une prolifération incontrôlée de cellules anormales;0;1;0;0;0;;Cancer colorectal   Leucémie   Retinoblastome   cancer du sein  Lymphome  cancer de l'uterus  cancer des ovaires  cancer de poumons  Cancer de la prostate  cancer de la peau  Autre;1;1;1;1;1;0;1;1;1;1;1;0;1;Cancer des testicules...;Tabagiste  Consomation d'alocool  Infections (e.g., HPV, hépatite B/C) Exposition à des substances chimiques / Pollution de la nature Facteurs génétiques / Héréditaires;1;1;0;0;1;1;1;0;0;0;0;0;;Faux ;VRAI;Je ne sais pas ;VRAI;Je ne sais pas ;Faux ;VRAI;VRAI;Vaccination (e.g., contre HPV) Dépistage régulier (e.g., mammographie, frottis cervical) Arrêt du tabac Évitement des expositions environnementales Examen genetiques pour les familles a risque;1;1;1;0;1;1;0;0;;Filles avant le début de la vie sexuelle;VRAI;si detecte et pris en charge au stade precoce ;Chirurgie  Chimiotherapie  Radiotherapie  traitement paliatif  Autre;1;1;0;0;1;1;0;0;1;Prise en charge psycho sociale;Soulager la douleur et les autres symptômes (dyspnée, nausées, anxiété);;Diagnostic tardif  Manque d'accès aux traitements  Insuffisance de ressources (e.g., équipements, personnel specialise dans sa prise en charge ) Niveau d'education de la population bas  Facteurs socioculturels (e.g., recours à la médecine traditionnelle)    Pauvreté / Manque de moyens financiers  ;1;1;1;1;1;1;0;0;0;;Non;Pas de centre spécialisé, peu de personnel spécialisé, niveau très bas d'éducation de la communauté;Sensibiliser la communauté pour le dépistage, tendre accessibles les soins à tout le monde, former des personnels spécialisé :  médecins spécialistes, infirmiers, psychologues et assistants sociaux. Mais aussi crée des centres spécialisés pour le dépistage et prise en charge.;1;VRAI;Oui , moderement ;Les malades sont traitable si diagnostic précoce, et conditions nécessaires pour le traitement sont disponibles;Non ;Non;;;;Mettre le vaccin contre le HPV dans le calendrier vaccinal ( vers les premiers mois de naissance), amplifier le niveau de sensibilisation dans la communauté, rendre disponible un centre de dépistage et prises en charge des cancer, former les personnels soignants spécialisé s.
26;Feminin ;Nord kivu;Marié;9;Universite Libre des grand LACS ;OUI;Mes cours a l' universite \ Formation médicale Littérature scientifique / Livres  Expérience clinique  durant mon  Stages;1;0;0;1;1;0;;Une prolifération incontrôlée de cellules anormales Autre;0;1;0;0;1;Des mutations génétiques;Cancer colorectal   Leucémie   Retinoblastome   cancer du sein  Lymphome  Meduloblastome  cancer de l'uterus  cancer des ovaires  cancer de poumons  Cancer de la prostate  cancer de la peau  Autre;1;1;1;1;1;1;1;1;1;1;1;0;1;Néphroblastome Carcinome hépatocellulaire glioblastome etc;Tabagiste  Mauvaise alimentation (e.g., excès de viande rouge, faible en fruits/légumes) Infections (e.g., HPV, hépatite B/C) Exposition à des substances chimiques / Pollution de la nature Facteurs génétiques / Héréditaires;1;0;1;0;1;1;1;0;0;0;0;0;;Faux ;VRAI;Faux ;VRAI;VRAI;Faux ;VRAI;VRAI;Vaccination (e.g., contre HPV) Dépistage régulier (e.g., mammographie, frottis cervical) Arrêt du tabac Alimentation saine et exercice physique  Évitement des expositions environnementales Examen genetiques pour les familles a risque;1;1;1;1;1;1;0;0;;Filles avant le début de la vie sexuelle;VRAI;si detecte et pris en charge au stade precoce ;Chirurgie  Chimiotherapie  Radiotherapie  traitement paliatif ;1;1;0;0;1;1;0;0;0;;Améliorer la qualité de vie du patient et de sa famille;;Diagnostic tardif  Manque d'accès aux traitements  Insuffisance de ressources (e.g., équipements, personnel specialise dans sa prise en charge ) Niveau d'education de la population bas  Facteurs socioculturels (e.g., recours à la médecine traditionnelle)    Pauvreté / Manque de moyens financiers  ;1;1;1;1;1;1;0;0;0;;Non;Pas de centre spécialisé;Élargir les programmes de dépistage et prise en charge;1;VRAI;Oui , beaucoup;Une maladie traitable;Non ;Non;;;;Créer des centres de traitement adaptés
34;Masculin;Sud kivu;Marié;10;Universite Evangelique en Afrique ;OUI;Mes cours a l' universite \ Formation médicale;1;0;0;0;0;0;;Une prolifération incontrôlée de cellules anormales;0;1;0;0;0;; cancer du sein ;0;0;0;1;0;0;0;0;0;0;0;0;0;;Exposition à des substances chimiques / Pollution de la nature;0;0;0;0;0;1;0;0;0;0;0;0;;Faux ;VRAI;Faux ;VRAI;Faux ;Faux ;Faux ;VRAI;Arrêt du tabac;0;0;1;0;0;0;0;0;;Filles avant le début de la vie sexuelle;Faux ;;Chirurgie  Chimiotherapie  traitement paliatif ;1;1;0;0;0;1;0;0;0;;Soulager la douleur et les autres symptômes (dyspnée, nausées, anxiété);;Diagnostic tardif ;1;0;0;0;0;0;0;0;0;;Non;Dc tardif,accès au traitement,….;Vaccination 2;1;VRAI;Oui , moderement ;Maudite;Non ;Non;;;;Sensibilisation et disponibiliser les vaccins
25;Feminin ;Hors pays ;celibataire ;2;Universite catholique de Bukavu ( UCB) ;OUI;Mes cours a l' universite \ Formation médicale Médias (TV, radio, internet) Famille / Amis;1;1;1;0;0;0;;Une prolifération incontrôlée de cellules anormales;0;1;0;0;0;;Cancer colorectal   Leucémie   Retinoblastome   cancer du sein  Lymphome  cancer de l'uterus  cancer des ovaires  Cancer de la prostate  cancer de la peau  Autre;1;1;1;1;1;0;1;1;0;1;1;0;1;Cancer de l' estomac , cancer du foie, cancer du pancreas;Tabagiste  Consomation d'alocool  Mauvaise alimentation (e.g., excès de viande rouge, faible en fruits/légumes) Manque d'exercice physique Infections (e.g., HPV, hépatite B/C) Exposition à des substances chimiques / Pollution de la nature Facteurs génétiques / Héréditaires Autre;1;1;1;1;1;1;1;0;0;0;0;1;Les parfums;Faux ;VRAI;Faux ;VRAI;VRAI;Faux ;VRAI;VRAI;Vaccination (e.g., contre HPV) Dépistage régulier (e.g., mammographie, frottis cervical) Arrêt du tabac Alimentation saine et exercice physique  Évitement des expositions environnementales Examen genetiques pour les familles a risque;1;1;1;1;1;1;0;0;;Filles avant le début de la vie sexuelle;VRAI;si detecte et pris en charge au stade precoce ;Chirurgie  Chimiotherapie  Radiotherapie ;1;1;0;0;1;0;0;0;0;;Soulager la douleur et les autres symptômes (dyspnée, nausées, anxiété);;Diagnostic tardif  Manque d'accès aux traitements  Niveau d'education de la population bas  Facteurs socioculturels (e.g., recours à la médecine traditionnelle)    Pauvreté / Manque de moyens financiers  ;1;1;0;1;1;1;0;0;0;;Oui;;Le dépistage précoce qui ne débutera qu'après avoir sensibilisé la population;4;VRAI;Oui , beaucoup;Traitable;Non ;Oui;Un parent ;;;Sensibilisation de la population afin qu'ils Solent d'abord informé
27;Feminin ;Sud kivu;celibataire ;10;Universite Officielle de Bukavu ( UOB);OUI;Mes cours a l' universite \ Formation médicale;1;0;0;0;0;0;;Une prolifération incontrôlée de cellules anormales;0;1;0;0;0;; cancer du sein ;0;0;0;1;0;0;0;0;0;0;0;0;0;;Facteurs génétiques / Héréditaires;0;0;0;0;0;0;1;0;0;0;0;0;;Faux ;VRAI;Vrai ;VRAI;VRAI;Faux ;Faux ;Faux ;Vaccination (e.g., contre HPV) Dépistage régulier (e.g., mammographie, frottis cervical) Arrêt du tabac Examen genetiques pour les familles a risque;1;1;1;0;0;1;0;0;;Filles avant le début de la vie sexuelle;VRAI;si detecte et pris en charge au stade precoce ;Chirurgie  Chimiotherapie ;1;1;0;0;0;0;0;0;0;;Soulager la douleur et les autres symptômes (dyspnée, nausées, anxiété);;Diagnostic tardif  Manque d'accès aux traitements  Insuffisance de ressources (e.g., équipements, personnel specialise dans sa prise en charge );1;1;1;0;0;0;0;0;0;;Oui;;Vaccination et dépistage;1;VRAI;Non ;Une maladie traitable si le  diagnostic est  précoce;Non ;Non;;;;Donner l'accès à tout le monde au vaccination et au traitement
27;Masculin;Sud kivu;celibataire ;10;Universite Officielle de Bukavu ( UOB);OUI;Mes cours a l' universite \ Formation médicale Littérature scientifique / Livres  Expérience clinique  durant mon  Stages;1;0;0;1;1;0;;Une prolifération incontrôlée de cellules anormales;0;1;0;0;0;;Cancer colorectal   Leucémie   Retinoblastome   cancer du sein  Lymphome  Meduloblastome  cancer de l'uterus  cancer des ovaires  cancer de poumons  Cancer de la prostate  cancer de la peau ;1;1;1;1;1;1;1;1;1;1;1;0;0;;Tabagiste  Consomation d'alocool  Infections (e.g., HPV, hépatite B/C) Exposition à des substances chimiques / Pollution de la nature Facteurs génétiques / Héréditaires;1;1;0;0;1;1;1;0;0;0;0;0;;Faux ;VRAI;Vrai ;VRAI;Faux ;Faux ;Faux ;VRAI;Vaccination (e.g., contre HPV) Dépistage régulier (e.g., mammographie, frottis cervical) Arrêt du tabac Alimentation saine et exercice physique  Évitement des expositions environnementales Examen genetiques pour les familles a risque;1;1;1;1;1;1;0;0;;Filles avant le début de la vie sexuelle;VRAI;si detecte et pris en charge au stade precoce ;Chirurgie  Chimiotherapie  Immunotherapie  Therapie cible  Radiotherapie  traitement paliatif ;1;1;1;1;1;1;0;0;0;;Être intégrés précocement dans la prise en charge des cancers avancés;;Diagnostic tardif  Manque d'accès aux traitements  Insuffisance de ressources (e.g., équipements, personnel specialise dans sa prise en charge ) Niveau d'education de la population bas  Facteurs socioculturels (e.g., recours à la médecine traditionnelle)    Pauvreté / Manque de moyens financiers  ;1;1;1;1;1;1;0;0;0;;Non;Pauvreté et manque de moyens financiers;Accessibilité de soins pour toutes la population;3;VRAI;Oui , beaucoup;Traitable;Non ;Non;;;;Disponibilité des matériels et personnels soignants. Et donner l’accès équitable aux soins médicaux pour la population
25;Masculin;Sud kivu;celibataire ;2;Universite catholique de Bukavu ( UCB) ;OUI;Mes cours a l' universite \ Formation médicale;1;0;0;0;0;0;;Une prolifération incontrôlée de cellules anormales;0;1;0;0;0;;cancer de l'uterus ;0;0;0;0;0;0;1;0;0;0;0;0;0;;Tabagiste  Infections (e.g., HPV, hépatite B/C) Facteurs génétiques / Héréditaires;1;0;0;0;1;0;1;0;0;0;0;0;;Faux ;VRAI;Vrai ;VRAI;Je ne sais pas ;Faux ;VRAI;VRAI;Vaccination (e.g., contre HPV) Dépistage régulier (e.g., mammographie, frottis cervical) Arrêt du tabac Évitement des expositions environnementales;1;1;1;0;1;0;0;0;;Filles avant le début de la vie sexuelle;VRAI;si detecte et pris en charge au stade precoce ;Chirurgie  Chimiotherapie  Therapie cible  Radiotherapie  traitement paliatif ;1;1;0;1;1;1;0;0;0;;Soulager la douleur et les autres symptômes (dyspnée, nausées, anxiété);;Diagnostic tardif  Manque d'accès aux traitements  Insuffisance de ressources (e.g., équipements, personnel specialise dans sa prise en charge ) Niveau d'education de la population bas ;1;1;1;1;0;0;0;0;0;;Non;L'insuffisance des ressources, le diagnostic très tardif, le niveau d'éducation bas;Sensibilisation;3;Faux ;Oui , beaucoup;Est une maladie traitable;Non ;Non;;;;Sensibilisation, promouvoir l'éducation, lutte contre les fausses informations, aménagement des centres de dépistage précoce
26;Masculin;Sud kivu;celibataire ;9;Universite Libre des grand LACS ;OUI;Mes cours a l' universite \ Formation médicale;1;0;0;0;0;0;;Une prolifération incontrôlée de cellules anormales;0;1;0;0;0;;Cancer colorectal   Leucémie   Retinoblastome   cancer du sein  Lymphome  Meduloblastome  cancer de l'uterus  cancer des ovaires  cancer de poumons  Cancer de la prostate  cancer de la peau ;1;1;1;1;1;1;1;1;1;1;1;0;0;;Tabagiste  Infections (e.g., HPV, hépatite B/C) Exposition à des substances chimiques / Pollution de la nature Facteurs génétiques / Héréditaires Vieillissement ( age );1;0;0;0;1;1;1;1;0;0;0;0;;Faux ;VRAI;Vrai ;VRAI;Faux ;Faux ;Faux ;VRAI;Vaccination (e.g., contre HPV) Dépistage régulier (e.g., mammographie, frottis cervical) Arrêt du tabac;1;1;1;0;0;0;0;0;;Filles avant le début de la vie sexuelle;VRAI;si detecte et pris en charge au stade precoce ;Chirurgie  Chimiotherapie  Immunotherapie  Therapie cible  Radiotherapie ;1;1;1;1;1;0;0;0;0;;Faciliter la prise en charge à domicile lorsque possible;;Diagnostic tardif  Manque d'accès aux traitements ;1;1;0;0;0;0;0;0;0;;Non;Pas de Centre de cancérologie;Dépistage précoce;5;VRAI;Oui , beaucoup;Traitable;Non ;Non;;;;Vaux mieux prévenir que guérir en faisant les dépistage précoce et régulier
26;Feminin ;Sud kivu;celibataire ;10;Universite Officielle de Bukavu ( UOB);OUI;Mes cours a l' universite \ Formation médicale;1;0;0;0;0;0;;Une prolifération incontrôlée de cellules anormales;0;1;0;0;0;; cancer du sein ;0;0;0;1;0;0;0;0;0;0;0;0;0;;Facteurs génétiques / Héréditaires;0;0;0;0;0;0;1;0;0;0;0;0;;Faux ;VRAI;Vrai ;VRAI;VRAI;Faux ;Faux ;VRAI;Dépistage régulier (e.g., mammographie, frottis cervical);0;1;0;0;0;0;0;0;;Filles avant le début de la vie sexuelle;Faux ;;Chirurgie  Chimiotherapie  Immunotherapie  Radiotherapie ;1;1;1;0;1;0;0;0;0;;Améliorer la qualité de vie du patient et de sa famille;;Niveau d'education de la population bas ;0;0;0;1;0;0;0;0;0;;Oui;;Information et Éducation de la population pour le dépistage précoce;1;VRAI;Oui , beaucoup;Traitable;Non ;Non;;;;Dépistage précoce
23;Feminin ;Nord kivu;celibataire ;2;Universite catholique de Bukavu ( UCB) ;OUI;Mes cours a l' universite \ Formation médicale;1;0;0;0;0;0;;Une prolifération incontrôlée de cellules anormales;0;1;0;0;0;;Cancer colorectal   Leucémie   Retinoblastome   cancer du sein  Lymphome  cancer de l'uterus  cancer des ovaires  cancer de poumons  Cancer de la prostate  cancer de la peau ;1;1;1;1;1;0;1;1;1;1;1;0;0;;Tabagiste  Mauvaise alimentation (e.g., excès de viande rouge, faible en fruits/légumes) Infections (e.g., HPV, hépatite B/C) Exposition à des substances chimiques / Pollution de la nature Facteurs génétiques / Héréditaires;1;0;1;0;1;1;1;0;0;0;0;0;;Faux ;VRAI;Je ne sais pas ;VRAI;VRAI;Faux ;VRAI;VRAI;Vaccination (e.g., contre HPV) Dépistage régulier (e.g., mammographie, frottis cervical);1;1;0;0;0;0;0;0;;Filles avant le début de la vie sexuelle;Faux ;;Chirurgie  Chimiotherapie  Immunotherapie  Radiotherapie  traitement paliatif ;1;1;1;0;1;1;0;0;0;;Améliorer la qualité de vie du patient et de sa famille;;Insuffisance de ressources (e.g., équipements, personnel specialise dans sa prise en charge );0;0;1;0;0;0;0;0;0;;Oui;;Disponibilité des personnes soignants expérimentés;1;VRAI;Je ne sais pas ;Punition;Non ;Oui;Grand parents ;;;Parler de cancer dans la cité
25;Feminin ;Sud kivu;Marié;2;Universite catholique de Bukavu ( UCB) ;OUI;Expérience clinique  durant mon  Stages;0;0;0;0;1;0;;Une prolifération incontrôlée de cellules anormales;0;1;0;0;0;; cancer du sein ;0;0;0;1;0;0;0;0;0;0;0;0;0;;Exposition à des substances chimiques / Pollution de la nature;0;0;0;0;0;1;0;0;0;0;0;0;;Faux ;VRAI;Vrai ;VRAI;Faux ;Faux ;VRAI;VRAI;Dépistage régulier (e.g., mammographie, frottis cervical);0;1;0;0;0;0;0;0;;Filles avant le début de la vie sexuelle;VRAI;si detecte et pris en charge au stade precoce ;Chirurgie  Chimiotherapie  Radiotherapie ;1;1;0;0;1;0;0;0;0;;Soulager la douleur et les autres symptômes (dyspnée, nausées, anxiété);;Diagnostic tardif  Manque d'accès aux traitements  Insuffisance de ressources (e.g., équipements, personnel specialise dans sa prise en charge ) Pauvreté / Manque de moyens financiers  ;1;1;1;0;0;1;0;0;0;;Oui;;Dépistage précoce;1;VRAI;Oui , moderement ;Traitable;Non ;Non;;;;Dépistage précoce
24;Masculin;Sud kivu;celibataire ;11;Universite Evangelique en Afrique ;OUI;Mes cours a l' universite \ Formation médicale;1;0;0;0;0;0;;Une prolifération incontrôlée de cellules anormales;0;1;0;0;0;; cancer du sein ;0;0;0;1;0;0;0;0;0;0;0;0;0;;Tabagiste ;1;0;0;0;0;0;0;0;0;0;0;0;;Faux ;VRAI;Vrai ;Faux ;VRAI;Faux ;Faux ;VRAI;Vaccination (e.g., contre HPV);1;0;0;0;0;0;0;0;;Femmes de plus de 50 ans ;Faux ;;Chirurgie  Chimiotherapie ;1;1;0;0;0;0;0;0;0;;Améliorer la qualité de vie du patient et de sa famille;;Diagnostic tardif ;1;0;0;0;0;0;0;0;0;;Oui;;Dépistage précoce;1;VRAI;Oui , beaucoup;Maudite;Oui;Oui;Un frere /soeur ;Traitement médical conventionnel (e.g., hôpital) ;Guérison  ;Dépistage précoce
25;Feminin ;Nord kivu;Marié;9;Universite Libre des grand LACS ;OUI;Mes cours a l' universite \ Formation médicale;1;0;0;0;0;0;;Une prolifération incontrôlée de cellules anormales;0;1;0;0;0;;Cancer colorectal   Leucémie   Retinoblastome   cancer du sein  Lymphome  Meduloblastome  cancer de l'uterus  cancer des ovaires  cancer de poumons  Cancer de la prostate  cancer de la peau ;1;1;1;1;1;1;1;1;1;1;1;0;0;;Tabagiste  Consomation d'alocool  Mauvaise alimentation (e.g., excès de viande rouge, faible en fruits/légumes) Infections (e.g., HPV, hépatite B/C) Exposition à des substances chimiques / Pollution de la nature Facteurs génétiques / Héréditaires Vieillissement ( age );1;1;1;0;1;1;1;1;0;0;0;0;;Faux ;VRAI;Vrai ;VRAI;Faux ;Faux ;Je ne sais pas ;VRAI;Vaccination (e.g., contre HPV) Dépistage régulier (e.g., mammographie, frottis cervical) Arrêt du tabac Alimentation saine et exercice physique  Évitement des expositions environnementales Examen genetiques pour les familles a risque;1;1;1;1;1;1;0;0;;Filles avant le début de la vie sexuelle;VRAI;si detecte et pris en charge au stade precoce ;Chirurgie  Chimiotherapie  Immunotherapie  Therapie cible  Radiotherapie  traitement paliatif ;1;1;1;1;1;1;0;0;0;;Soutenir l’accompagnement psychologique et spirituel;;Diagnostic tardif  Manque d'accès aux traitements  Insuffisance de ressources (e.g., équipements, personnel specialise dans sa prise en charge ) Niveau d'education de la population bas  Facteurs socioculturels (e.g., recours à la médecine traditionnelle)    Pauvreté / Manque de moyens financiers  ;1;1;1;1;1;1;0;0;0;;Je ne sais pas;;Dépistage précoce;5;VRAI;Oui , beaucoup;Traitable;Non ;Non;;;;Bien éduquer la population
27;Feminin ;Nord kivu;celibataire ;11;Universite GOMA ;OUI;Mes cours a l' universite \ Formation médicale Médias (TV, radio, internet) Famille / Amis Littérature scientifique / Livres  Expérience clinique  durant mon  Stages;1;1;1;1;1;0;;Une prolifération incontrôlée de cellules anormales;0;1;0;0;0;;Cancer colorectal   Leucémie   Retinoblastome   cancer du sein  Lymphome  Meduloblastome  cancer de l'uterus  cancer des ovaires  cancer de poumons  Cancer de la prostate  cancer de la peau ;1;1;1;1;1;1;1;1;1;1;1;0;0;;Tabagiste  Mauvaise alimentation (e.g., excès de viande rouge, faible en fruits/légumes) Infections (e.g., HPV, hépatite B/C) Facteurs génétiques / Héréditaires Vieillissement ( age );1;0;1;0;1;0;1;1;0;0;0;0;;Faux ;VRAI;Vrai ;VRAI;Je ne sais pas ;Faux ;Je ne sais pas ;VRAI;Vaccination (e.g., contre HPV) Dépistage régulier (e.g., mammographie, frottis cervical) Arrêt du tabac Évitement des expositions environnementales;1;1;1;0;1;0;0;0;;Filles avant le début de la vie sexuelle;VRAI;si detecte et pris en charge au stade precoce ;Chirurgie  Chimiotherapie  Immunotherapie  Radiotherapie ;1;1;1;0;1;0;0;0;0;;Soulager la douleur et les autres symptômes (dyspnée, nausées, anxiété);;Diagnostic tardif ;1;0;0;0;0;0;0;0;0;;Non;Le diagnostic tardif;Le diagnostic précoce et le vaccination;1;VRAI;Oui , beaucoup;Traitable;Non ;Non;;;;Faciliter l'accès au dépistage
27;Feminin ;Nord kivu;celibataire ;11;Universite GOMA ;OUI;Mes cours a l' universite \ Formation médicale Médias (TV, radio, internet) Littérature scientifique / Livres  Expérience clinique  durant mon  Stages;1;1;0;1;1;0;;Une prolifération incontrôlée de cellules anormales;0;1;0;0;0;; Leucémie   Retinoblastome   cancer du sein  Lymphome  cancer de l'uterus  cancer des ovaires  cancer de poumons  Cancer de la prostate ;0;1;1;1;1;0;1;1;1;1;0;0;0;;Tabagiste  Consomation d'alocool  Exposition à des substances chimiques / Pollution de la nature Facteurs génétiques / Héréditaires Vieillissement ( age );1;1;0;0;0;1;1;1;0;0;0;0;;Faux ;VRAI;Vrai ;VRAI;Je ne sais pas ;Faux ;VRAI;VRAI;Vaccination (e.g., contre HPV) Dépistage régulier (e.g., mammographie, frottis cervical) Arrêt du tabac Alimentation saine et exercice physique  Évitement des expositions environnementales Examen genetiques pour les familles a risque;1;1;1;1;1;1;0;0;;Filles avant le début de la vie sexuelle;Je ne sais pas ;;Chirurgie  Chimiotherapie  Immunotherapie  Therapie cible  Radiotherapie ;1;1;1;1;1;0;0;0;0;;Soulager la douleur et les autres symptômes (dyspnée, nausées, anxiété);;Diagnostic tardif  Manque d'accès aux traitements  Insuffisance de ressources (e.g., équipements, personnel specialise dans sa prise en charge ) Niveau d'education de la population bas ;1;1;1;1;0;0;0;0;0;;Non;Moyens limités, personnels soignants rare et manque d'éducation populaire;Education de la population, disponibilité des matériels et des personnels soignants formés;5;VRAI;Oui , beaucoup;Non maladie comme tant d'autres;Non ;Non;;;;Education de la population, disponibilité des matériels et un centre d'oncologie
25;Feminin ;Autre province ;celibataire ;11;Universite GOMA ;OUI;Mes cours a l' universite \ Formation médicale;1;0;0;0;0;0;;Une prolifération incontrôlée de cellules anormales;0;1;0;0;0;;Cancer colorectal   Leucémie   Retinoblastome   cancer du sein  Lymphome  Meduloblastome  cancer de l'uterus  cancer des ovaires  cancer de poumons  Cancer de la prostate  cancer de la peau ;1;1;1;1;1;1;1;1;1;1;1;0;0;;Tabagiste  Facteurs génétiques / Héréditaires;1;0;0;0;0;0;1;0;0;0;0;0;;Faux ;VRAI;Faux ;VRAI;Je ne sais pas ;Faux ;VRAI;VRAI;Vaccination (e.g., contre HPV) Dépistage régulier (e.g., mammographie, frottis cervical) Arrêt du tabac Évitement des expositions environnementales;1;1;1;0;1;0;0;0;;Filles avant le début de la vie sexuelle;VRAI;si detecte et pris en charge au stade precoce ;Chirurgie  Chimiotherapie ;1;1;0;0;0;0;0;0;0;;Soutenir l’accompagnement psychologique et spirituel;;Diagnostic tardif  Manque d'accès aux traitements  Insuffisance de ressources (e.g., équipements, personnel specialise dans sa prise en charge ) Niveau d'education de la population bas  Facteurs socioculturels (e.g., recours à la médecine traditionnelle)   ;1;1;1;1;1;0;0;0;0;;Je ne sais pas;;L’information de la population pour le dépistage précoce;2;VRAI;Oui , beaucoup;C’est un maladie traitable;Non ;Non;;;;La conscientisation de la population que le cancer existe et ce n’est pas un sorcellerie qu on doit traiter traditionnellement
25;Feminin ;Autre province ;celibataire ;11;Universite GOMA ;OUI;Mes cours a l' universite \ Formation médicale;1;0;0;0;0;0;;Une prolifération incontrôlée de cellules anormales;0;1;0;0;0;;Cancer colorectal   Leucémie   Retinoblastome   cancer du sein  Lymphome  cancer des ovaires  cancer de poumons  Cancer de la prostate  cancer de la peau ;1;1;1;1;1;0;0;1;1;1;1;0;0;;Tabagiste  Infections (e.g., HPV, hépatite B/C) Facteurs génétiques / Héréditaires;1;0;0;0;1;0;1;0;0;0;0;0;;Faux ;VRAI;Faux ;VRAI;Je ne sais pas ;Faux ;VRAI;Faux ;Vaccination (e.g., contre HPV) Dépistage régulier (e.g., mammographie, frottis cervical) Arrêt du tabac;1;1;1;0;0;0;0;0;;Filles avant le début de la vie sexuelle;VRAI;si detecte et pris en charge au stade precoce ;Chirurgie  Chimiotherapie ;1;1;0;0;0;0;0;0;0;;Soulager la douleur et les autres symptômes (dyspnée, nausées, anxiété);;Diagnostic tardif  Manque d'accès aux traitements  Insuffisance de ressources (e.g., équipements, personnel specialise dans sa prise en charge ) Pauvreté / Manque de moyens financiers  ;1;1;1;0;0;1;0;0;0;;Non;Pauvreté, manque des centres spécialisés et des oncologues;Informations, éducation sur les facteurs de risques,;5;Faux ;Oui , moderement ;Une maladie traitable;Non ;Non;;;;Vaccination, dépistage
